ledger_id,output_table,row_key,field,value,definition,denominator,rounding,source_path,source_sha256,source_record,period_role,population_boundary,claim_class,required_labels
DEV-0001,tables/01_development_family_ranking.csv,development|model_stage_v1__coarse__xgboost__004,rank,1,Frozen family rank by pooled development average precision.,nine frozen family representatives,source precision; recommended display 4 decimals for metrics,reports/post_coarse_v1_3_0/07_final_primary_family_ranking.csv,4e48aed3224dbe4745f969ba1dea0c6c91050f14cfd2e3e19bd8ef2ed5b8a73f,configuration_id=model_stage_v1__coarse__xgboost__004,development,pooled_oof_2015_2020,development_only_conditional_on_selection,development-only; conditional-on-selection; selection-unadjusted
DEV-0002,tables/01_development_family_ranking.csv,development|model_stage_v1__coarse__xgboost__004,pooled_oof_pr_auc,0.41308893399384633,"Pooled OOF average precision, historically labelled PR-AUC.",OOF company-year observations 2015-2020,source precision; recommended display 4 decimals for metrics,reports/post_coarse_v1_3_0/07_final_primary_family_ranking.csv,4e48aed3224dbe4745f969ba1dea0c6c91050f14cfd2e3e19bd8ef2ed5b8a73f,configuration_id=model_stage_v1__coarse__xgboost__004,development,pooled_oof_2015_2020,development_only_conditional_on_selection,development-only; conditional-on-selection; selection-unadjusted
DEV-0003,tables/01_development_family_ranking.csv,development|model_stage_v1__coarse__xgboost__004,pooled_oof_roc_auc,0.7598701797010347,Pooled OOF ROC-AUC.,OOF company-year observations 2015-2020,source precision; recommended display 4 decimals for metrics,reports/post_coarse_v1_3_0/07_final_primary_family_ranking.csv,4e48aed3224dbe4745f969ba1dea0c6c91050f14cfd2e3e19bd8ef2ed5b8a73f,configuration_id=model_stage_v1__coarse__xgboost__004,development,pooled_oof_2015_2020,development_only_conditional_on_selection,development-only; conditional-on-selection; selection-unadjusted
DEV-0004,tables/01_development_family_ranking.csv,development|model_stage_v1__coarse__hist_gradient_boosting__007,rank,2,Frozen family rank by pooled development average precision.,nine frozen family representatives,source precision; recommended display 4 decimals for metrics,reports/post_coarse_v1_3_0/07_final_primary_family_ranking.csv,4e48aed3224dbe4745f969ba1dea0c6c91050f14cfd2e3e19bd8ef2ed5b8a73f,configuration_id=model_stage_v1__coarse__hist_gradient_boosting__007,development,pooled_oof_2015_2020,development_only_conditional_on_selection,development-only; conditional-on-selection; selection-unadjusted
DEV-0005,tables/01_development_family_ranking.csv,development|model_stage_v1__coarse__hist_gradient_boosting__007,pooled_oof_pr_auc,0.4078102954039723,"Pooled OOF average precision, historically labelled PR-AUC.",OOF company-year observations 2015-2020,source precision; recommended display 4 decimals for metrics,reports/post_coarse_v1_3_0/07_final_primary_family_ranking.csv,4e48aed3224dbe4745f969ba1dea0c6c91050f14cfd2e3e19bd8ef2ed5b8a73f,configuration_id=model_stage_v1__coarse__hist_gradient_boosting__007,development,pooled_oof_2015_2020,development_only_conditional_on_selection,development-only; conditional-on-selection; selection-unadjusted
DEV-0006,tables/01_development_family_ranking.csv,development|model_stage_v1__coarse__hist_gradient_boosting__007,pooled_oof_roc_auc,0.7587946661506314,Pooled OOF ROC-AUC.,OOF company-year observations 2015-2020,source precision; recommended display 4 decimals for metrics,reports/post_coarse_v1_3_0/07_final_primary_family_ranking.csv,4e48aed3224dbe4745f969ba1dea0c6c91050f14cfd2e3e19bd8ef2ed5b8a73f,configuration_id=model_stage_v1__coarse__hist_gradient_boosting__007,development,pooled_oof_2015_2020,development_only_conditional_on_selection,development-only; conditional-on-selection; selection-unadjusted
DEV-0007,tables/01_development_family_ranking.csv,development|model_stage_v1__coarse__random_forest__003,rank,3,Frozen family rank by pooled development average precision.,nine frozen family representatives,source precision; recommended display 4 decimals for metrics,reports/post_coarse_v1_3_0/07_final_primary_family_ranking.csv,4e48aed3224dbe4745f969ba1dea0c6c91050f14cfd2e3e19bd8ef2ed5b8a73f,configuration_id=model_stage_v1__coarse__random_forest__003,development,pooled_oof_2015_2020,development_only_conditional_on_selection,development-only; conditional-on-selection; selection-unadjusted
DEV-0008,tables/01_development_family_ranking.csv,development|model_stage_v1__coarse__random_forest__003,pooled_oof_pr_auc,0.4066369584050779,"Pooled OOF average precision, historically labelled PR-AUC.",OOF company-year observations 2015-2020,source precision; recommended display 4 decimals for metrics,reports/post_coarse_v1_3_0/07_final_primary_family_ranking.csv,4e48aed3224dbe4745f969ba1dea0c6c91050f14cfd2e3e19bd8ef2ed5b8a73f,configuration_id=model_stage_v1__coarse__random_forest__003,development,pooled_oof_2015_2020,development_only_conditional_on_selection,development-only; conditional-on-selection; selection-unadjusted
DEV-0009,tables/01_development_family_ranking.csv,development|model_stage_v1__coarse__random_forest__003,pooled_oof_roc_auc,0.7587838197677795,Pooled OOF ROC-AUC.,OOF company-year observations 2015-2020,source precision; recommended display 4 decimals for metrics,reports/post_coarse_v1_3_0/07_final_primary_family_ranking.csv,4e48aed3224dbe4745f969ba1dea0c6c91050f14cfd2e3e19bd8ef2ed5b8a73f,configuration_id=model_stage_v1__coarse__random_forest__003,development,pooled_oof_2015_2020,development_only_conditional_on_selection,development-only; conditional-on-selection; selection-unadjusted
DEV-0010,tables/01_development_family_ranking.csv,development|model_stage_v1__coarse__pytorch_mlp__epochs_200__003,rank,4,Frozen family rank by pooled development average precision.,nine frozen family representatives,source precision; recommended display 4 decimals for metrics,reports/post_coarse_v1_3_0/07_final_primary_family_ranking.csv,4e48aed3224dbe4745f969ba1dea0c6c91050f14cfd2e3e19bd8ef2ed5b8a73f,configuration_id=model_stage_v1__coarse__pytorch_mlp__epochs_200__003,development,pooled_oof_2015_2020,development_only_conditional_on_selection,development-only; conditional-on-selection; selection-unadjusted
DEV-0011,tables/01_development_family_ranking.csv,development|model_stage_v1__coarse__pytorch_mlp__epochs_200__003,pooled_oof_pr_auc,0.3970885127758261,"Pooled OOF average precision, historically labelled PR-AUC.",OOF company-year observations 2015-2020,source precision; recommended display 4 decimals for metrics,reports/post_coarse_v1_3_0/07_final_primary_family_ranking.csv,4e48aed3224dbe4745f969ba1dea0c6c91050f14cfd2e3e19bd8ef2ed5b8a73f,configuration_id=model_stage_v1__coarse__pytorch_mlp__epochs_200__003,development,pooled_oof_2015_2020,development_only_conditional_on_selection,development-only; conditional-on-selection; selection-unadjusted
DEV-0012,tables/01_development_family_ranking.csv,development|model_stage_v1__coarse__pytorch_mlp__epochs_200__003,pooled_oof_roc_auc,0.7472156359618767,Pooled OOF ROC-AUC.,OOF company-year observations 2015-2020,source precision; recommended display 4 decimals for metrics,reports/post_coarse_v1_3_0/07_final_primary_family_ranking.csv,4e48aed3224dbe4745f969ba1dea0c6c91050f14cfd2e3e19bd8ef2ed5b8a73f,configuration_id=model_stage_v1__coarse__pytorch_mlp__epochs_200__003,development,pooled_oof_2015_2020,development_only_conditional_on_selection,development-only; conditional-on-selection; selection-unadjusted
DEV-0013,tables/01_development_family_ranking.csv,development|model_stage_v1__coarse__rbf_svm__004,rank,5,Frozen family rank by pooled development average precision.,nine frozen family representatives,source precision; recommended display 4 decimals for metrics,reports/post_coarse_v1_3_0/07_final_primary_family_ranking.csv,4e48aed3224dbe4745f969ba1dea0c6c91050f14cfd2e3e19bd8ef2ed5b8a73f,configuration_id=model_stage_v1__coarse__rbf_svm__004,development,pooled_oof_2015_2020,development_only_conditional_on_selection,development-only; conditional-on-selection; selection-unadjusted
DEV-0014,tables/01_development_family_ranking.csv,development|model_stage_v1__coarse__rbf_svm__004,pooled_oof_pr_auc,0.3935576792324612,"Pooled OOF average precision, historically labelled PR-AUC.",OOF company-year observations 2015-2020,source precision; recommended display 4 decimals for metrics,reports/post_coarse_v1_3_0/07_final_primary_family_ranking.csv,4e48aed3224dbe4745f969ba1dea0c6c91050f14cfd2e3e19bd8ef2ed5b8a73f,configuration_id=model_stage_v1__coarse__rbf_svm__004,development,pooled_oof_2015_2020,development_only_conditional_on_selection,development-only; conditional-on-selection; selection-unadjusted
DEV-0015,tables/01_development_family_ranking.csv,development|model_stage_v1__coarse__rbf_svm__004,pooled_oof_roc_auc,0.7360289980628015,Pooled OOF ROC-AUC.,OOF company-year observations 2015-2020,source precision; recommended display 4 decimals for metrics,reports/post_coarse_v1_3_0/07_final_primary_family_ranking.csv,4e48aed3224dbe4745f969ba1dea0c6c91050f14cfd2e3e19bd8ef2ed5b8a73f,configuration_id=model_stage_v1__coarse__rbf_svm__004,development,pooled_oof_2015_2020,development_only_conditional_on_selection,development-only; conditional-on-selection; selection-unadjusted
DEV-0016,tables/01_development_family_ranking.csv,development|model_stage_v1__qnn_q2__t0,rank,6,Frozen family rank by pooled development average precision.,nine frozen family representatives,source precision; recommended display 4 decimals for metrics,reports/post_coarse_v1_3_0/07_final_primary_family_ranking.csv,4e48aed3224dbe4745f969ba1dea0c6c91050f14cfd2e3e19bd8ef2ed5b8a73f,configuration_id=model_stage_v1__qnn_q2__t0,development,pooled_oof_2015_2020,development_only_conditional_on_selection,development-only; conditional-on-selection; selection-unadjusted
DEV-0017,tables/01_development_family_ranking.csv,development|model_stage_v1__qnn_q2__t0,pooled_oof_pr_auc,0.38394764812793286,"Pooled OOF average precision, historically labelled PR-AUC.",OOF company-year observations 2015-2020,source precision; recommended display 4 decimals for metrics,reports/post_coarse_v1_3_0/07_final_primary_family_ranking.csv,4e48aed3224dbe4745f969ba1dea0c6c91050f14cfd2e3e19bd8ef2ed5b8a73f,configuration_id=model_stage_v1__qnn_q2__t0,development,pooled_oof_2015_2020,development_only_conditional_on_selection,development-only; conditional-on-selection; selection-unadjusted
DEV-0018,tables/01_development_family_ranking.csv,development|model_stage_v1__qnn_q2__t0,pooled_oof_roc_auc,0.7405838475896125,Pooled OOF ROC-AUC.,OOF company-year observations 2015-2020,source precision; recommended display 4 decimals for metrics,reports/post_coarse_v1_3_0/07_final_primary_family_ranking.csv,4e48aed3224dbe4745f969ba1dea0c6c91050f14cfd2e3e19bd8ef2ed5b8a73f,configuration_id=model_stage_v1__qnn_q2__t0,development,pooled_oof_2015_2020,development_only_conditional_on_selection,development-only; conditional-on-selection; selection-unadjusted
DEV-0019,tables/01_development_family_ranking.csv,development|model_stage_v1__coarse__elastic_net_logistic__003,rank,7,Frozen family rank by pooled development average precision.,nine frozen family representatives,source precision; recommended display 4 decimals for metrics,reports/post_coarse_v1_3_0/07_final_primary_family_ranking.csv,4e48aed3224dbe4745f969ba1dea0c6c91050f14cfd2e3e19bd8ef2ed5b8a73f,configuration_id=model_stage_v1__coarse__elastic_net_logistic__003,development,pooled_oof_2015_2020,development_only_conditional_on_selection,development-only; conditional-on-selection; selection-unadjusted
DEV-0020,tables/01_development_family_ranking.csv,development|model_stage_v1__coarse__elastic_net_logistic__003,pooled_oof_pr_auc,0.38182578577644466,"Pooled OOF average precision, historically labelled PR-AUC.",OOF company-year observations 2015-2020,source precision; recommended display 4 decimals for metrics,reports/post_coarse_v1_3_0/07_final_primary_family_ranking.csv,4e48aed3224dbe4745f969ba1dea0c6c91050f14cfd2e3e19bd8ef2ed5b8a73f,configuration_id=model_stage_v1__coarse__elastic_net_logistic__003,development,pooled_oof_2015_2020,development_only_conditional_on_selection,development-only; conditional-on-selection; selection-unadjusted
DEV-0021,tables/01_development_family_ranking.csv,development|model_stage_v1__coarse__elastic_net_logistic__003,pooled_oof_roc_auc,0.7401343252780863,Pooled OOF ROC-AUC.,OOF company-year observations 2015-2020,source precision; recommended display 4 decimals for metrics,reports/post_coarse_v1_3_0/07_final_primary_family_ranking.csv,4e48aed3224dbe4745f969ba1dea0c6c91050f14cfd2e3e19bd8ef2ed5b8a73f,configuration_id=model_stage_v1__coarse__elastic_net_logistic__003,development,pooled_oof_2015_2020,development_only_conditional_on_selection,development-only; conditional-on-selection; selection-unadjusted
DEV-0022,tables/01_development_family_ranking.csv,development|model_stage_v1__coarse__fixed_l2_logistic__002,rank,8,Frozen family rank by pooled development average precision.,nine frozen family representatives,source precision; recommended display 4 decimals for metrics,reports/post_coarse_v1_3_0/07_final_primary_family_ranking.csv,4e48aed3224dbe4745f969ba1dea0c6c91050f14cfd2e3e19bd8ef2ed5b8a73f,configuration_id=model_stage_v1__coarse__fixed_l2_logistic__002,development,pooled_oof_2015_2020,development_only_conditional_on_selection,development-only; conditional-on-selection; selection-unadjusted
DEV-0023,tables/01_development_family_ranking.csv,development|model_stage_v1__coarse__fixed_l2_logistic__002,pooled_oof_pr_auc,0.38165485192849713,"Pooled OOF average precision, historically labelled PR-AUC.",OOF company-year observations 2015-2020,source precision; recommended display 4 decimals for metrics,reports/post_coarse_v1_3_0/07_final_primary_family_ranking.csv,4e48aed3224dbe4745f969ba1dea0c6c91050f14cfd2e3e19bd8ef2ed5b8a73f,configuration_id=model_stage_v1__coarse__fixed_l2_logistic__002,development,pooled_oof_2015_2020,development_only_conditional_on_selection,development-only; conditional-on-selection; selection-unadjusted
DEV-0024,tables/01_development_family_ranking.csv,development|model_stage_v1__coarse__fixed_l2_logistic__002,pooled_oof_roc_auc,0.7387039226718324,Pooled OOF ROC-AUC.,OOF company-year observations 2015-2020,source precision; recommended display 4 decimals for metrics,reports/post_coarse_v1_3_0/07_final_primary_family_ranking.csv,4e48aed3224dbe4745f969ba1dea0c6c91050f14cfd2e3e19bd8ef2ed5b8a73f,configuration_id=model_stage_v1__coarse__fixed_l2_logistic__002,development,pooled_oof_2015_2020,development_only_conditional_on_selection,development-only; conditional-on-selection; selection-unadjusted
DEV-0025,tables/01_development_family_ranking.csv,development|model_stage_v1__coarse__dummy_prior__001,rank,9,Frozen family rank by pooled development average precision.,nine frozen family representatives,source precision; recommended display 4 decimals for metrics,reports/post_coarse_v1_3_0/07_final_primary_family_ranking.csv,4e48aed3224dbe4745f969ba1dea0c6c91050f14cfd2e3e19bd8ef2ed5b8a73f,configuration_id=model_stage_v1__coarse__dummy_prior__001,development,pooled_oof_2015_2020,development_only_conditional_on_selection,development-only; conditional-on-selection; selection-unadjusted
DEV-0026,tables/01_development_family_ranking.csv,development|model_stage_v1__coarse__dummy_prior__001,pooled_oof_pr_auc,0.1722831509228104,"Pooled OOF average precision, historically labelled PR-AUC.",OOF company-year observations 2015-2020,source precision; recommended display 4 decimals for metrics,reports/post_coarse_v1_3_0/07_final_primary_family_ranking.csv,4e48aed3224dbe4745f969ba1dea0c6c91050f14cfd2e3e19bd8ef2ed5b8a73f,configuration_id=model_stage_v1__coarse__dummy_prior__001,development,pooled_oof_2015_2020,development_only_conditional_on_selection,development-only; conditional-on-selection; selection-unadjusted
DEV-0027,tables/01_development_family_ranking.csv,development|model_stage_v1__coarse__dummy_prior__001,pooled_oof_roc_auc,0.46256921886072344,Pooled OOF ROC-AUC.,OOF company-year observations 2015-2020,source precision; recommended display 4 decimals for metrics,reports/post_coarse_v1_3_0/07_final_primary_family_ranking.csv,4e48aed3224dbe4745f969ba1dea0c6c91050f14cfd2e3e19bd8ef2ed5b8a73f,configuration_id=model_stage_v1__coarse__dummy_prior__001,development,pooled_oof_2015_2020,development_only_conditional_on_selection,development-only; conditional-on-selection; selection-unadjusted
PROT-0028,tables/02_protected_period_metrics.csv,spent_development|2021|model_stage_v1__coarse__dummy_prior__001,year,2021,Feature/prediction year.,not applicable,source precision; recommended display 4 decimals for metrics,reports/protected_period_extension_v1/spent_report_v1_0_0.json,0d0716380e58345d9d80f70015b42f6fadd211a069dde0fed3eed4e439ccc86c,metric_rows[8],spent_development,design-exposed/spent development,secondary_design_exposed_spent_development,secondary spent-development; design-exposed; not independent validation
PROT-0029,tables/02_protected_period_metrics.csv,spent_development|2021|model_stage_v1__coarse__dummy_prior__001,n,1806,Number of evaluable company-year observations.,aligned available-label observations,source precision; recommended display 4 decimals for metrics,reports/protected_period_extension_v1/spent_report_v1_0_0.json,0d0716380e58345d9d80f70015b42f6fadd211a069dde0fed3eed4e439ccc86c,metric_rows[8],spent_development,design-exposed/spent development,secondary_design_exposed_spent_development,secondary spent-development; design-exposed; not independent validation
PROT-0030,tables/02_protected_period_metrics.csv,spent_development|2021|model_stage_v1__coarse__dummy_prior__001,positive_n,442,Number of positive target labels.,aligned available-label observations,source precision; recommended display 4 decimals for metrics,reports/protected_period_extension_v1/spent_report_v1_0_0.json,0d0716380e58345d9d80f70015b42f6fadd211a069dde0fed3eed4e439ccc86c,metric_rows[8],spent_development,design-exposed/spent development,secondary_design_exposed_spent_development,secondary spent-development; design-exposed; not independent validation
PROT-0031,tables/02_protected_period_metrics.csv,spent_development|2021|model_stage_v1__coarse__dummy_prior__001,average_precision,0.24473975636766335,"Average precision, historically labelled PR-AUC.",aligned available-label observations,source precision; recommended display 4 decimals for metrics,reports/protected_period_extension_v1/spent_report_v1_0_0.json,0d0716380e58345d9d80f70015b42f6fadd211a069dde0fed3eed4e439ccc86c,metric_rows[8],spent_development,design-exposed/spent development,secondary_design_exposed_spent_development,secondary spent-development; design-exposed; not independent validation
PROT-0032,tables/02_protected_period_metrics.csv,spent_development|2021|model_stage_v1__coarse__dummy_prior__001,roc_auc,0.5,ROC-AUC.,aligned available-label observations,source precision; recommended display 4 decimals for metrics,reports/protected_period_extension_v1/spent_report_v1_0_0.json,0d0716380e58345d9d80f70015b42f6fadd211a069dde0fed3eed4e439ccc86c,metric_rows[8],spent_development,design-exposed/spent development,secondary_design_exposed_spent_development,secondary spent-development; design-exposed; not independent validation
PROT-0033,tables/02_protected_period_metrics.csv,spent_development|2021|model_stage_v1__coarse__dummy_prior__001,brier_score,0.19090250109863055,Mean squared probabilistic forecast error.,aligned available-label observations,source precision; recommended display 4 decimals for metrics,reports/protected_period_extension_v1/spent_report_v1_0_0.json,0d0716380e58345d9d80f70015b42f6fadd211a069dde0fed3eed4e439ccc86c,metric_rows[8],spent_development,design-exposed/spent development,secondary_design_exposed_spent_development,secondary spent-development; design-exposed; not independent validation
PROT-0034,tables/02_protected_period_metrics.csv,spent_development|2021|model_stage_v1__coarse__dummy_prior__001,f1_frozen_threshold,0.0,F1 at the frozen development threshold.,aligned available-label observations,source precision; recommended display 4 decimals for metrics,reports/protected_period_extension_v1/spent_report_v1_0_0.json,0d0716380e58345d9d80f70015b42f6fadd211a069dde0fed3eed4e439ccc86c,metric_rows[8],spent_development,design-exposed/spent development,secondary_design_exposed_spent_development,secondary spent-development; design-exposed; not independent validation
PROT-0035,tables/02_protected_period_metrics.csv,spent_development|2021|model_stage_v1__coarse__dummy_prior__001,precision_frozen_threshold,0.0,Precision at the frozen development threshold.,predicted positives,source precision; recommended display 4 decimals for metrics,reports/protected_period_extension_v1/spent_report_v1_0_0.json,0d0716380e58345d9d80f70015b42f6fadd211a069dde0fed3eed4e439ccc86c,metric_rows[8],spent_development,design-exposed/spent development,secondary_design_exposed_spent_development,secondary spent-development; design-exposed; not independent validation
PROT-0036,tables/02_protected_period_metrics.csv,spent_development|2021|model_stage_v1__coarse__dummy_prior__001,recall_frozen_threshold,0.0,Recall at the frozen development threshold.,positive labels,source precision; recommended display 4 decimals for metrics,reports/protected_period_extension_v1/spent_report_v1_0_0.json,0d0716380e58345d9d80f70015b42f6fadd211a069dde0fed3eed4e439ccc86c,metric_rows[8],spent_development,design-exposed/spent development,secondary_design_exposed_spent_development,secondary spent-development; design-exposed; not independent validation
PROT-0037,tables/02_protected_period_metrics.csv,spent_development|2021|model_stage_v1__coarse__dummy_prior__001,average_precision_ci_lower,0.2248062015503876,Lower 2.5th percentile clustered-bootstrap AP bound.,economic_group_id clustered bootstrap,source precision; recommended display 4 decimals for metrics,reports/protected_period_extension_v1/spent_report_v1_0_0.json,0d0716380e58345d9d80f70015b42f6fadd211a069dde0fed3eed4e439ccc86c,metric_rows[8],spent_development,design-exposed/spent development,secondary_design_exposed_spent_development,secondary spent-development; design-exposed; not independent validation
PROT-0038,tables/02_protected_period_metrics.csv,spent_development|2021|model_stage_v1__coarse__dummy_prior__001,average_precision_ci_upper,0.26411960132890366,Upper 97.5th percentile clustered-bootstrap AP bound.,economic_group_id clustered bootstrap,source precision; recommended display 4 decimals for metrics,reports/protected_period_extension_v1/spent_report_v1_0_0.json,0d0716380e58345d9d80f70015b42f6fadd211a069dde0fed3eed4e439ccc86c,metric_rows[8],spent_development,design-exposed/spent development,secondary_design_exposed_spent_development,secondary spent-development; design-exposed; not independent validation
PROT-0039,tables/02_protected_period_metrics.csv,spent_development|2021|model_stage_v1__coarse__dummy_prior__001,roc_auc_ci_lower,0.5,Lower 2.5th percentile clustered-bootstrap ROC-AUC bound.,economic_group_id clustered bootstrap,source precision; recommended display 4 decimals for metrics,reports/protected_period_extension_v1/spent_report_v1_0_0.json,0d0716380e58345d9d80f70015b42f6fadd211a069dde0fed3eed4e439ccc86c,metric_rows[8],spent_development,design-exposed/spent development,secondary_design_exposed_spent_development,secondary spent-development; design-exposed; not independent validation
PROT-0040,tables/02_protected_period_metrics.csv,spent_development|2021|model_stage_v1__coarse__dummy_prior__001,roc_auc_ci_upper,0.5,Upper 97.5th percentile clustered-bootstrap ROC-AUC bound.,economic_group_id clustered bootstrap,source precision; recommended display 4 decimals for metrics,reports/protected_period_extension_v1/spent_report_v1_0_0.json,0d0716380e58345d9d80f70015b42f6fadd211a069dde0fed3eed4e439ccc86c,metric_rows[8],spent_development,design-exposed/spent development,secondary_design_exposed_spent_development,secondary spent-development; design-exposed; not independent validation
PROT-0041,tables/02_protected_period_metrics.csv,spent_development|2021|model_stage_v1__coarse__dummy_prior__001,f1_ci_lower,0.0,Lower 2.5th percentile clustered-bootstrap F1 bound.,economic_group_id clustered bootstrap,source precision; recommended display 4 decimals for metrics,reports/protected_period_extension_v1/spent_report_v1_0_0.json,0d0716380e58345d9d80f70015b42f6fadd211a069dde0fed3eed4e439ccc86c,metric_rows[8],spent_development,design-exposed/spent development,secondary_design_exposed_spent_development,secondary spent-development; design-exposed; not independent validation
PROT-0042,tables/02_protected_period_metrics.csv,spent_development|2021|model_stage_v1__coarse__dummy_prior__001,f1_ci_upper,0.0,Upper 97.5th percentile clustered-bootstrap F1 bound.,economic_group_id clustered bootstrap,source precision; recommended display 4 decimals for metrics,reports/protected_period_extension_v1/spent_report_v1_0_0.json,0d0716380e58345d9d80f70015b42f6fadd211a069dde0fed3eed4e439ccc86c,metric_rows[8],spent_development,design-exposed/spent development,secondary_design_exposed_spent_development,secondary spent-development; design-exposed; not independent validation
PROT-0043,tables/02_protected_period_metrics.csv,spent_development|2021|model_stage_v1__coarse__dummy_prior__001,bootstrap_replicates,2000,Requested clustered-bootstrap replicates.,economic_group_id clusters,source precision; recommended display 4 decimals for metrics,reports/protected_period_extension_v1/spent_report_v1_0_0.json,0d0716380e58345d9d80f70015b42f6fadd211a069dde0fed3eed4e439ccc86c,metric_rows[8],spent_development,design-exposed/spent development,secondary_design_exposed_spent_development,secondary spent-development; design-exposed; not independent validation
PROT-0044,tables/02_protected_period_metrics.csv,spent_development|2021|model_stage_v1__coarse__dummy_prior__001,bootstrap_valid_replicates,2000,Valid non-degenerate clustered-bootstrap replicates.,requested bootstrap replicates,source precision; recommended display 4 decimals for metrics,reports/protected_period_extension_v1/spent_report_v1_0_0.json,0d0716380e58345d9d80f70015b42f6fadd211a069dde0fed3eed4e439ccc86c,metric_rows[8],spent_development,design-exposed/spent development,secondary_design_exposed_spent_development,secondary spent-development; design-exposed; not independent validation
PROT-0045,tables/02_protected_period_metrics.csv,spent_development|2021|model_stage_v1__coarse__elastic_net_logistic__003,year,2021,Feature/prediction year.,not applicable,source precision; recommended display 4 decimals for metrics,reports/protected_period_extension_v1/spent_report_v1_0_0.json,0d0716380e58345d9d80f70015b42f6fadd211a069dde0fed3eed4e439ccc86c,metric_rows[6],spent_development,design-exposed/spent development,secondary_design_exposed_spent_development,secondary spent-development; design-exposed; not independent validation
PROT-0046,tables/02_protected_period_metrics.csv,spent_development|2021|model_stage_v1__coarse__elastic_net_logistic__003,n,1806,Number of evaluable company-year observations.,aligned available-label observations,source precision; recommended display 4 decimals for metrics,reports/protected_period_extension_v1/spent_report_v1_0_0.json,0d0716380e58345d9d80f70015b42f6fadd211a069dde0fed3eed4e439ccc86c,metric_rows[6],spent_development,design-exposed/spent development,secondary_design_exposed_spent_development,secondary spent-development; design-exposed; not independent validation
PROT-0047,tables/02_protected_period_metrics.csv,spent_development|2021|model_stage_v1__coarse__elastic_net_logistic__003,positive_n,442,Number of positive target labels.,aligned available-label observations,source precision; recommended display 4 decimals for metrics,reports/protected_period_extension_v1/spent_report_v1_0_0.json,0d0716380e58345d9d80f70015b42f6fadd211a069dde0fed3eed4e439ccc86c,metric_rows[6],spent_development,design-exposed/spent development,secondary_design_exposed_spent_development,secondary spent-development; design-exposed; not independent validation
PROT-0048,tables/02_protected_period_metrics.csv,spent_development|2021|model_stage_v1__coarse__elastic_net_logistic__003,average_precision,0.49623749247215027,"Average precision, historically labelled PR-AUC.",aligned available-label observations,source precision; recommended display 4 decimals for metrics,reports/protected_period_extension_v1/spent_report_v1_0_0.json,0d0716380e58345d9d80f70015b42f6fadd211a069dde0fed3eed4e439ccc86c,metric_rows[6],spent_development,design-exposed/spent development,secondary_design_exposed_spent_development,secondary spent-development; design-exposed; not independent validation
PROT-0049,tables/02_protected_period_metrics.csv,spent_development|2021|model_stage_v1__coarse__elastic_net_logistic__003,roc_auc,0.7691378829898754,ROC-AUC.,aligned available-label observations,source precision; recommended display 4 decimals for metrics,reports/protected_period_extension_v1/spent_report_v1_0_0.json,0d0716380e58345d9d80f70015b42f6fadd211a069dde0fed3eed4e439ccc86c,metric_rows[6],spent_development,design-exposed/spent development,secondary_design_exposed_spent_development,secondary spent-development; design-exposed; not independent validation
PROT-0050,tables/02_protected_period_metrics.csv,spent_development|2021|model_stage_v1__coarse__elastic_net_logistic__003,brier_score,0.16010798371240603,Mean squared probabilistic forecast error.,aligned available-label observations,source precision; recommended display 4 decimals for metrics,reports/protected_period_extension_v1/spent_report_v1_0_0.json,0d0716380e58345d9d80f70015b42f6fadd211a069dde0fed3eed4e439ccc86c,metric_rows[6],spent_development,design-exposed/spent development,secondary_design_exposed_spent_development,secondary spent-development; design-exposed; not independent validation
PROT-0051,tables/02_protected_period_metrics.csv,spent_development|2021|model_stage_v1__coarse__elastic_net_logistic__003,f1_frozen_threshold,0.5587939698492462,F1 at the frozen development threshold.,aligned available-label observations,source precision; recommended display 4 decimals for metrics,reports/protected_period_extension_v1/spent_report_v1_0_0.json,0d0716380e58345d9d80f70015b42f6fadd211a069dde0fed3eed4e439ccc86c,metric_rows[6],spent_development,design-exposed/spent development,secondary_design_exposed_spent_development,secondary spent-development; design-exposed; not independent validation
PROT-0052,tables/02_protected_period_metrics.csv,spent_development|2021|model_stage_v1__coarse__elastic_net_logistic__003,precision_frozen_threshold,0.5027124773960217,Precision at the frozen development threshold.,predicted positives,source precision; recommended display 4 decimals for metrics,reports/protected_period_extension_v1/spent_report_v1_0_0.json,0d0716380e58345d9d80f70015b42f6fadd211a069dde0fed3eed4e439ccc86c,metric_rows[6],spent_development,design-exposed/spent development,secondary_design_exposed_spent_development,secondary spent-development; design-exposed; not independent validation
PROT-0053,tables/02_protected_period_metrics.csv,spent_development|2021|model_stage_v1__coarse__elastic_net_logistic__003,recall_frozen_threshold,0.6289592760180995,Recall at the frozen development threshold.,positive labels,source precision; recommended display 4 decimals for metrics,reports/protected_period_extension_v1/spent_report_v1_0_0.json,0d0716380e58345d9d80f70015b42f6fadd211a069dde0fed3eed4e439ccc86c,metric_rows[6],spent_development,design-exposed/spent development,secondary_design_exposed_spent_development,secondary spent-development; design-exposed; not independent validation
PROT-0054,tables/02_protected_period_metrics.csv,spent_development|2021|model_stage_v1__coarse__elastic_net_logistic__003,average_precision_ci_lower,0.4500856440567998,Lower 2.5th percentile clustered-bootstrap AP bound.,economic_group_id clustered bootstrap,source precision; recommended display 4 decimals for metrics,reports/protected_period_extension_v1/spent_report_v1_0_0.json,0d0716380e58345d9d80f70015b42f6fadd211a069dde0fed3eed4e439ccc86c,metric_rows[6],spent_development,design-exposed/spent development,secondary_design_exposed_spent_development,secondary spent-development; design-exposed; not independent validation
PROT-0055,tables/02_protected_period_metrics.csv,spent_development|2021|model_stage_v1__coarse__elastic_net_logistic__003,average_precision_ci_upper,0.5431586342428636,Upper 97.5th percentile clustered-bootstrap AP bound.,economic_group_id clustered bootstrap,source precision; recommended display 4 decimals for metrics,reports/protected_period_extension_v1/spent_report_v1_0_0.json,0d0716380e58345d9d80f70015b42f6fadd211a069dde0fed3eed4e439ccc86c,metric_rows[6],spent_development,design-exposed/spent development,secondary_design_exposed_spent_development,secondary spent-development; design-exposed; not independent validation
PROT-0056,tables/02_protected_period_metrics.csv,spent_development|2021|model_stage_v1__coarse__elastic_net_logistic__003,roc_auc_ci_lower,0.7436934870181775,Lower 2.5th percentile clustered-bootstrap ROC-AUC bound.,economic_group_id clustered bootstrap,source precision; recommended display 4 decimals for metrics,reports/protected_period_extension_v1/spent_report_v1_0_0.json,0d0716380e58345d9d80f70015b42f6fadd211a069dde0fed3eed4e439ccc86c,metric_rows[6],spent_development,design-exposed/spent development,secondary_design_exposed_spent_development,secondary spent-development; design-exposed; not independent validation
PROT-0057,tables/02_protected_period_metrics.csv,spent_development|2021|model_stage_v1__coarse__elastic_net_logistic__003,roc_auc_ci_upper,0.7932050558611815,Upper 97.5th percentile clustered-bootstrap ROC-AUC bound.,economic_group_id clustered bootstrap,source precision; recommended display 4 decimals for metrics,reports/protected_period_extension_v1/spent_report_v1_0_0.json,0d0716380e58345d9d80f70015b42f6fadd211a069dde0fed3eed4e439ccc86c,metric_rows[6],spent_development,design-exposed/spent development,secondary_design_exposed_spent_development,secondary spent-development; design-exposed; not independent validation
PROT-0058,tables/02_protected_period_metrics.csv,spent_development|2021|model_stage_v1__coarse__elastic_net_logistic__003,f1_ci_lower,0.5196667093551898,Lower 2.5th percentile clustered-bootstrap F1 bound.,economic_group_id clustered bootstrap,source precision; recommended display 4 decimals for metrics,reports/protected_period_extension_v1/spent_report_v1_0_0.json,0d0716380e58345d9d80f70015b42f6fadd211a069dde0fed3eed4e439ccc86c,metric_rows[6],spent_development,design-exposed/spent development,secondary_design_exposed_spent_development,secondary spent-development; design-exposed; not independent validation
PROT-0059,tables/02_protected_period_metrics.csv,spent_development|2021|model_stage_v1__coarse__elastic_net_logistic__003,f1_ci_upper,0.5940783190066857,Upper 97.5th percentile clustered-bootstrap F1 bound.,economic_group_id clustered bootstrap,source precision; recommended display 4 decimals for metrics,reports/protected_period_extension_v1/spent_report_v1_0_0.json,0d0716380e58345d9d80f70015b42f6fadd211a069dde0fed3eed4e439ccc86c,metric_rows[6],spent_development,design-exposed/spent development,secondary_design_exposed_spent_development,secondary spent-development; design-exposed; not independent validation
PROT-0060,tables/02_protected_period_metrics.csv,spent_development|2021|model_stage_v1__coarse__elastic_net_logistic__003,bootstrap_replicates,2000,Requested clustered-bootstrap replicates.,economic_group_id clusters,source precision; recommended display 4 decimals for metrics,reports/protected_period_extension_v1/spent_report_v1_0_0.json,0d0716380e58345d9d80f70015b42f6fadd211a069dde0fed3eed4e439ccc86c,metric_rows[6],spent_development,design-exposed/spent development,secondary_design_exposed_spent_development,secondary spent-development; design-exposed; not independent validation
PROT-0061,tables/02_protected_period_metrics.csv,spent_development|2021|model_stage_v1__coarse__elastic_net_logistic__003,bootstrap_valid_replicates,2000,Valid non-degenerate clustered-bootstrap replicates.,requested bootstrap replicates,source precision; recommended display 4 decimals for metrics,reports/protected_period_extension_v1/spent_report_v1_0_0.json,0d0716380e58345d9d80f70015b42f6fadd211a069dde0fed3eed4e439ccc86c,metric_rows[6],spent_development,design-exposed/spent development,secondary_design_exposed_spent_development,secondary spent-development; design-exposed; not independent validation
PROT-0062,tables/02_protected_period_metrics.csv,spent_development|2021|model_stage_v1__coarse__fixed_l2_logistic__002,year,2021,Feature/prediction year.,not applicable,source precision; recommended display 4 decimals for metrics,reports/protected_period_extension_v1/spent_report_v1_0_0.json,0d0716380e58345d9d80f70015b42f6fadd211a069dde0fed3eed4e439ccc86c,metric_rows[7],spent_development,design-exposed/spent development,secondary_design_exposed_spent_development,secondary spent-development; design-exposed; not independent validation
PROT-0063,tables/02_protected_period_metrics.csv,spent_development|2021|model_stage_v1__coarse__fixed_l2_logistic__002,n,1806,Number of evaluable company-year observations.,aligned available-label observations,source precision; recommended display 4 decimals for metrics,reports/protected_period_extension_v1/spent_report_v1_0_0.json,0d0716380e58345d9d80f70015b42f6fadd211a069dde0fed3eed4e439ccc86c,metric_rows[7],spent_development,design-exposed/spent development,secondary_design_exposed_spent_development,secondary spent-development; design-exposed; not independent validation
PROT-0064,tables/02_protected_period_metrics.csv,spent_development|2021|model_stage_v1__coarse__fixed_l2_logistic__002,positive_n,442,Number of positive target labels.,aligned available-label observations,source precision; recommended display 4 decimals for metrics,reports/protected_period_extension_v1/spent_report_v1_0_0.json,0d0716380e58345d9d80f70015b42f6fadd211a069dde0fed3eed4e439ccc86c,metric_rows[7],spent_development,design-exposed/spent development,secondary_design_exposed_spent_development,secondary spent-development; design-exposed; not independent validation
PROT-0065,tables/02_protected_period_metrics.csv,spent_development|2021|model_stage_v1__coarse__fixed_l2_logistic__002,average_precision,0.4912188751992759,"Average precision, historically labelled PR-AUC.",aligned available-label observations,source precision; recommended display 4 decimals for metrics,reports/protected_period_extension_v1/spent_report_v1_0_0.json,0d0716380e58345d9d80f70015b42f6fadd211a069dde0fed3eed4e439ccc86c,metric_rows[7],spent_development,design-exposed/spent development,secondary_design_exposed_spent_development,secondary spent-development; design-exposed; not independent validation
PROT-0066,tables/02_protected_period_metrics.csv,spent_development|2021|model_stage_v1__coarse__fixed_l2_logistic__002,roc_auc,0.7670081341808097,ROC-AUC.,aligned available-label observations,source precision; recommended display 4 decimals for metrics,reports/protected_period_extension_v1/spent_report_v1_0_0.json,0d0716380e58345d9d80f70015b42f6fadd211a069dde0fed3eed4e439ccc86c,metric_rows[7],spent_development,design-exposed/spent development,secondary_design_exposed_spent_development,secondary spent-development; design-exposed; not independent validation
PROT-0067,tables/02_protected_period_metrics.csv,spent_development|2021|model_stage_v1__coarse__fixed_l2_logistic__002,brier_score,0.16065879007345155,Mean squared probabilistic forecast error.,aligned available-label observations,source precision; recommended display 4 decimals for metrics,reports/protected_period_extension_v1/spent_report_v1_0_0.json,0d0716380e58345d9d80f70015b42f6fadd211a069dde0fed3eed4e439ccc86c,metric_rows[7],spent_development,design-exposed/spent development,secondary_design_exposed_spent_development,secondary spent-development; design-exposed; not independent validation
PROT-0068,tables/02_protected_period_metrics.csv,spent_development|2021|model_stage_v1__coarse__fixed_l2_logistic__002,f1_frozen_threshold,0.5596244131455399,F1 at the frozen development threshold.,aligned available-label observations,source precision; recommended display 4 decimals for metrics,reports/protected_period_extension_v1/spent_report_v1_0_0.json,0d0716380e58345d9d80f70015b42f6fadd211a069dde0fed3eed4e439ccc86c,metric_rows[7],spent_development,design-exposed/spent development,secondary_design_exposed_spent_development,secondary spent-development; design-exposed; not independent validation
PROT-0069,tables/02_protected_period_metrics.csv,spent_development|2021|model_stage_v1__coarse__fixed_l2_logistic__002,precision_frozen_threshold,0.478330658105939,Precision at the frozen development threshold.,predicted positives,source precision; recommended display 4 decimals for metrics,reports/protected_period_extension_v1/spent_report_v1_0_0.json,0d0716380e58345d9d80f70015b42f6fadd211a069dde0fed3eed4e439ccc86c,metric_rows[7],spent_development,design-exposed/spent development,secondary_design_exposed_spent_development,secondary spent-development; design-exposed; not independent validation
PROT-0070,tables/02_protected_period_metrics.csv,spent_development|2021|model_stage_v1__coarse__fixed_l2_logistic__002,recall_frozen_threshold,0.6742081447963801,Recall at the frozen development threshold.,positive labels,source precision; recommended display 4 decimals for metrics,reports/protected_period_extension_v1/spent_report_v1_0_0.json,0d0716380e58345d9d80f70015b42f6fadd211a069dde0fed3eed4e439ccc86c,metric_rows[7],spent_development,design-exposed/spent development,secondary_design_exposed_spent_development,secondary spent-development; design-exposed; not independent validation
PROT-0071,tables/02_protected_period_metrics.csv,spent_development|2021|model_stage_v1__coarse__fixed_l2_logistic__002,average_precision_ci_lower,0.4447253524831989,Lower 2.5th percentile clustered-bootstrap AP bound.,economic_group_id clustered bootstrap,source precision; recommended display 4 decimals for metrics,reports/protected_period_extension_v1/spent_report_v1_0_0.json,0d0716380e58345d9d80f70015b42f6fadd211a069dde0fed3eed4e439ccc86c,metric_rows[7],spent_development,design-exposed/spent development,secondary_design_exposed_spent_development,secondary spent-development; design-exposed; not independent validation
PROT-0072,tables/02_protected_period_metrics.csv,spent_development|2021|model_stage_v1__coarse__fixed_l2_logistic__002,average_precision_ci_upper,0.5422851539475514,Upper 97.5th percentile clustered-bootstrap AP bound.,economic_group_id clustered bootstrap,source precision; recommended display 4 decimals for metrics,reports/protected_period_extension_v1/spent_report_v1_0_0.json,0d0716380e58345d9d80f70015b42f6fadd211a069dde0fed3eed4e439ccc86c,metric_rows[7],spent_development,design-exposed/spent development,secondary_design_exposed_spent_development,secondary spent-development; design-exposed; not independent validation
PROT-0073,tables/02_protected_period_metrics.csv,spent_development|2021|model_stage_v1__coarse__fixed_l2_logistic__002,roc_auc_ci_lower,0.7405419232133604,Lower 2.5th percentile clustered-bootstrap ROC-AUC bound.,economic_group_id clustered bootstrap,source precision; recommended display 4 decimals for metrics,reports/protected_period_extension_v1/spent_report_v1_0_0.json,0d0716380e58345d9d80f70015b42f6fadd211a069dde0fed3eed4e439ccc86c,metric_rows[7],spent_development,design-exposed/spent development,secondary_design_exposed_spent_development,secondary spent-development; design-exposed; not independent validation
PROT-0074,tables/02_protected_period_metrics.csv,spent_development|2021|model_stage_v1__coarse__fixed_l2_logistic__002,roc_auc_ci_upper,0.7910074142025645,Upper 97.5th percentile clustered-bootstrap ROC-AUC bound.,economic_group_id clustered bootstrap,source precision; recommended display 4 decimals for metrics,reports/protected_period_extension_v1/spent_report_v1_0_0.json,0d0716380e58345d9d80f70015b42f6fadd211a069dde0fed3eed4e439ccc86c,metric_rows[7],spent_development,design-exposed/spent development,secondary_design_exposed_spent_development,secondary spent-development; design-exposed; not independent validation
PROT-0075,tables/02_protected_period_metrics.csv,spent_development|2021|model_stage_v1__coarse__fixed_l2_logistic__002,f1_ci_lower,0.5248498512740353,Lower 2.5th percentile clustered-bootstrap F1 bound.,economic_group_id clustered bootstrap,source precision; recommended display 4 decimals for metrics,reports/protected_period_extension_v1/spent_report_v1_0_0.json,0d0716380e58345d9d80f70015b42f6fadd211a069dde0fed3eed4e439ccc86c,metric_rows[7],spent_development,design-exposed/spent development,secondary_design_exposed_spent_development,secondary spent-development; design-exposed; not independent validation
PROT-0076,tables/02_protected_period_metrics.csv,spent_development|2021|model_stage_v1__coarse__fixed_l2_logistic__002,f1_ci_upper,0.5940629932558473,Upper 97.5th percentile clustered-bootstrap F1 bound.,economic_group_id clustered bootstrap,source precision; recommended display 4 decimals for metrics,reports/protected_period_extension_v1/spent_report_v1_0_0.json,0d0716380e58345d9d80f70015b42f6fadd211a069dde0fed3eed4e439ccc86c,metric_rows[7],spent_development,design-exposed/spent development,secondary_design_exposed_spent_development,secondary spent-development; design-exposed; not independent validation
PROT-0077,tables/02_protected_period_metrics.csv,spent_development|2021|model_stage_v1__coarse__fixed_l2_logistic__002,bootstrap_replicates,2000,Requested clustered-bootstrap replicates.,economic_group_id clusters,source precision; recommended display 4 decimals for metrics,reports/protected_period_extension_v1/spent_report_v1_0_0.json,0d0716380e58345d9d80f70015b42f6fadd211a069dde0fed3eed4e439ccc86c,metric_rows[7],spent_development,design-exposed/spent development,secondary_design_exposed_spent_development,secondary spent-development; design-exposed; not independent validation
PROT-0078,tables/02_protected_period_metrics.csv,spent_development|2021|model_stage_v1__coarse__fixed_l2_logistic__002,bootstrap_valid_replicates,2000,Valid non-degenerate clustered-bootstrap replicates.,requested bootstrap replicates,source precision; recommended display 4 decimals for metrics,reports/protected_period_extension_v1/spent_report_v1_0_0.json,0d0716380e58345d9d80f70015b42f6fadd211a069dde0fed3eed4e439ccc86c,metric_rows[7],spent_development,design-exposed/spent development,secondary_design_exposed_spent_development,secondary spent-development; design-exposed; not independent validation
PROT-0079,tables/02_protected_period_metrics.csv,spent_development|2021|model_stage_v1__coarse__hist_gradient_boosting__007,year,2021,Feature/prediction year.,not applicable,source precision; recommended display 4 decimals for metrics,reports/protected_period_extension_v1/spent_report_v1_0_0.json,0d0716380e58345d9d80f70015b42f6fadd211a069dde0fed3eed4e439ccc86c,metric_rows[1],spent_development,design-exposed/spent development,secondary_design_exposed_spent_development,secondary spent-development; design-exposed; not independent validation
PROT-0080,tables/02_protected_period_metrics.csv,spent_development|2021|model_stage_v1__coarse__hist_gradient_boosting__007,n,1806,Number of evaluable company-year observations.,aligned available-label observations,source precision; recommended display 4 decimals for metrics,reports/protected_period_extension_v1/spent_report_v1_0_0.json,0d0716380e58345d9d80f70015b42f6fadd211a069dde0fed3eed4e439ccc86c,metric_rows[1],spent_development,design-exposed/spent development,secondary_design_exposed_spent_development,secondary spent-development; design-exposed; not independent validation
PROT-0081,tables/02_protected_period_metrics.csv,spent_development|2021|model_stage_v1__coarse__hist_gradient_boosting__007,positive_n,442,Number of positive target labels.,aligned available-label observations,source precision; recommended display 4 decimals for metrics,reports/protected_period_extension_v1/spent_report_v1_0_0.json,0d0716380e58345d9d80f70015b42f6fadd211a069dde0fed3eed4e439ccc86c,metric_rows[1],spent_development,design-exposed/spent development,secondary_design_exposed_spent_development,secondary spent-development; design-exposed; not independent validation
PROT-0082,tables/02_protected_period_metrics.csv,spent_development|2021|model_stage_v1__coarse__hist_gradient_boosting__007,average_precision,0.515764440711905,"Average precision, historically labelled PR-AUC.",aligned available-label observations,source precision; recommended display 4 decimals for metrics,reports/protected_period_extension_v1/spent_report_v1_0_0.json,0d0716380e58345d9d80f70015b42f6fadd211a069dde0fed3eed4e439ccc86c,metric_rows[1],spent_development,design-exposed/spent development,secondary_design_exposed_spent_development,secondary spent-development; design-exposed; not independent validation
PROT-0083,tables/02_protected_period_metrics.csv,spent_development|2021|model_stage_v1__coarse__hist_gradient_boosting__007,roc_auc,0.7928703175382492,ROC-AUC.,aligned available-label observations,source precision; recommended display 4 decimals for metrics,reports/protected_period_extension_v1/spent_report_v1_0_0.json,0d0716380e58345d9d80f70015b42f6fadd211a069dde0fed3eed4e439ccc86c,metric_rows[1],spent_development,design-exposed/spent development,secondary_design_exposed_spent_development,secondary spent-development; design-exposed; not independent validation
PROT-0084,tables/02_protected_period_metrics.csv,spent_development|2021|model_stage_v1__coarse__hist_gradient_boosting__007,brier_score,0.15367745240128086,Mean squared probabilistic forecast error.,aligned available-label observations,source precision; recommended display 4 decimals for metrics,reports/protected_period_extension_v1/spent_report_v1_0_0.json,0d0716380e58345d9d80f70015b42f6fadd211a069dde0fed3eed4e439ccc86c,metric_rows[1],spent_development,design-exposed/spent development,secondary_design_exposed_spent_development,secondary spent-development; design-exposed; not independent validation
PROT-0085,tables/02_protected_period_metrics.csv,spent_development|2021|model_stage_v1__coarse__hist_gradient_boosting__007,f1_frozen_threshold,0.5822050290135397,F1 at the frozen development threshold.,aligned available-label observations,source precision; recommended display 4 decimals for metrics,reports/protected_period_extension_v1/spent_report_v1_0_0.json,0d0716380e58345d9d80f70015b42f6fadd211a069dde0fed3eed4e439ccc86c,metric_rows[1],spent_development,design-exposed/spent development,secondary_design_exposed_spent_development,secondary spent-development; design-exposed; not independent validation
PROT-0086,tables/02_protected_period_metrics.csv,spent_development|2021|model_stage_v1__coarse__hist_gradient_boosting__007,precision_frozen_threshold,0.5084459459459459,Precision at the frozen development threshold.,predicted positives,source precision; recommended display 4 decimals for metrics,reports/protected_period_extension_v1/spent_report_v1_0_0.json,0d0716380e58345d9d80f70015b42f6fadd211a069dde0fed3eed4e439ccc86c,metric_rows[1],spent_development,design-exposed/spent development,secondary_design_exposed_spent_development,secondary spent-development; design-exposed; not independent validation
PROT-0087,tables/02_protected_period_metrics.csv,spent_development|2021|model_stage_v1__coarse__hist_gradient_boosting__007,recall_frozen_threshold,0.6809954751131222,Recall at the frozen development threshold.,positive labels,source precision; recommended display 4 decimals for metrics,reports/protected_period_extension_v1/spent_report_v1_0_0.json,0d0716380e58345d9d80f70015b42f6fadd211a069dde0fed3eed4e439ccc86c,metric_rows[1],spent_development,design-exposed/spent development,secondary_design_exposed_spent_development,secondary spent-development; design-exposed; not independent validation
PROT-0088,tables/02_protected_period_metrics.csv,spent_development|2021|model_stage_v1__coarse__hist_gradient_boosting__007,average_precision_ci_lower,0.47013711935634006,Lower 2.5th percentile clustered-bootstrap AP bound.,economic_group_id clustered bootstrap,source precision; recommended display 4 decimals for metrics,reports/protected_period_extension_v1/spent_report_v1_0_0.json,0d0716380e58345d9d80f70015b42f6fadd211a069dde0fed3eed4e439ccc86c,metric_rows[1],spent_development,design-exposed/spent development,secondary_design_exposed_spent_development,secondary spent-development; design-exposed; not independent validation
PROT-0089,tables/02_protected_period_metrics.csv,spent_development|2021|model_stage_v1__coarse__hist_gradient_boosting__007,average_precision_ci_upper,0.5712382719682441,Upper 97.5th percentile clustered-bootstrap AP bound.,economic_group_id clustered bootstrap,source precision; recommended display 4 decimals for metrics,reports/protected_period_extension_v1/spent_report_v1_0_0.json,0d0716380e58345d9d80f70015b42f6fadd211a069dde0fed3eed4e439ccc86c,metric_rows[1],spent_development,design-exposed/spent development,secondary_design_exposed_spent_development,secondary spent-development; design-exposed; not independent validation
PROT-0090,tables/02_protected_period_metrics.csv,spent_development|2021|model_stage_v1__coarse__hist_gradient_boosting__007,roc_auc_ci_lower,0.7684161662862681,Lower 2.5th percentile clustered-bootstrap ROC-AUC bound.,economic_group_id clustered bootstrap,source precision; recommended display 4 decimals for metrics,reports/protected_period_extension_v1/spent_report_v1_0_0.json,0d0716380e58345d9d80f70015b42f6fadd211a069dde0fed3eed4e439ccc86c,metric_rows[1],spent_development,design-exposed/spent development,secondary_design_exposed_spent_development,secondary spent-development; design-exposed; not independent validation
PROT-0091,tables/02_protected_period_metrics.csv,spent_development|2021|model_stage_v1__coarse__hist_gradient_boosting__007,roc_auc_ci_upper,0.8160983777000038,Upper 97.5th percentile clustered-bootstrap ROC-AUC bound.,economic_group_id clustered bootstrap,source precision; recommended display 4 decimals for metrics,reports/protected_period_extension_v1/spent_report_v1_0_0.json,0d0716380e58345d9d80f70015b42f6fadd211a069dde0fed3eed4e439ccc86c,metric_rows[1],spent_development,design-exposed/spent development,secondary_design_exposed_spent_development,secondary spent-development; design-exposed; not independent validation
PROT-0092,tables/02_protected_period_metrics.csv,spent_development|2021|model_stage_v1__coarse__hist_gradient_boosting__007,f1_ci_lower,0.545624836258842,Lower 2.5th percentile clustered-bootstrap F1 bound.,economic_group_id clustered bootstrap,source precision; recommended display 4 decimals for metrics,reports/protected_period_extension_v1/spent_report_v1_0_0.json,0d0716380e58345d9d80f70015b42f6fadd211a069dde0fed3eed4e439ccc86c,metric_rows[1],spent_development,design-exposed/spent development,secondary_design_exposed_spent_development,secondary spent-development; design-exposed; not independent validation
PROT-0093,tables/02_protected_period_metrics.csv,spent_development|2021|model_stage_v1__coarse__hist_gradient_boosting__007,f1_ci_upper,0.6183364832341606,Upper 97.5th percentile clustered-bootstrap F1 bound.,economic_group_id clustered bootstrap,source precision; recommended display 4 decimals for metrics,reports/protected_period_extension_v1/spent_report_v1_0_0.json,0d0716380e58345d9d80f70015b42f6fadd211a069dde0fed3eed4e439ccc86c,metric_rows[1],spent_development,design-exposed/spent development,secondary_design_exposed_spent_development,secondary spent-development; design-exposed; not independent validation
PROT-0094,tables/02_protected_period_metrics.csv,spent_development|2021|model_stage_v1__coarse__hist_gradient_boosting__007,bootstrap_replicates,2000,Requested clustered-bootstrap replicates.,economic_group_id clusters,source precision; recommended display 4 decimals for metrics,reports/protected_period_extension_v1/spent_report_v1_0_0.json,0d0716380e58345d9d80f70015b42f6fadd211a069dde0fed3eed4e439ccc86c,metric_rows[1],spent_development,design-exposed/spent development,secondary_design_exposed_spent_development,secondary spent-development; design-exposed; not independent validation
PROT-0095,tables/02_protected_period_metrics.csv,spent_development|2021|model_stage_v1__coarse__hist_gradient_boosting__007,bootstrap_valid_replicates,2000,Valid non-degenerate clustered-bootstrap replicates.,requested bootstrap replicates,source precision; recommended display 4 decimals for metrics,reports/protected_period_extension_v1/spent_report_v1_0_0.json,0d0716380e58345d9d80f70015b42f6fadd211a069dde0fed3eed4e439ccc86c,metric_rows[1],spent_development,design-exposed/spent development,secondary_design_exposed_spent_development,secondary spent-development; design-exposed; not independent validation
PROT-0096,tables/02_protected_period_metrics.csv,spent_development|2021|model_stage_v1__coarse__pytorch_mlp__epochs_200__003,year,2021,Feature/prediction year.,not applicable,source precision; recommended display 4 decimals for metrics,reports/protected_period_extension_v1/spent_report_v1_0_0.json,0d0716380e58345d9d80f70015b42f6fadd211a069dde0fed3eed4e439ccc86c,metric_rows[3],spent_development,design-exposed/spent development,secondary_design_exposed_spent_development,secondary spent-development; design-exposed; not independent validation
PROT-0097,tables/02_protected_period_metrics.csv,spent_development|2021|model_stage_v1__coarse__pytorch_mlp__epochs_200__003,n,1806,Number of evaluable company-year observations.,aligned available-label observations,source precision; recommended display 4 decimals for metrics,reports/protected_period_extension_v1/spent_report_v1_0_0.json,0d0716380e58345d9d80f70015b42f6fadd211a069dde0fed3eed4e439ccc86c,metric_rows[3],spent_development,design-exposed/spent development,secondary_design_exposed_spent_development,secondary spent-development; design-exposed; not independent validation
PROT-0098,tables/02_protected_period_metrics.csv,spent_development|2021|model_stage_v1__coarse__pytorch_mlp__epochs_200__003,positive_n,442,Number of positive target labels.,aligned available-label observations,source precision; recommended display 4 decimals for metrics,reports/protected_period_extension_v1/spent_report_v1_0_0.json,0d0716380e58345d9d80f70015b42f6fadd211a069dde0fed3eed4e439ccc86c,metric_rows[3],spent_development,design-exposed/spent development,secondary_design_exposed_spent_development,secondary spent-development; design-exposed; not independent validation
PROT-0099,tables/02_protected_period_metrics.csv,spent_development|2021|model_stage_v1__coarse__pytorch_mlp__epochs_200__003,average_precision,0.512736442188369,"Average precision, historically labelled PR-AUC.",aligned available-label observations,source precision; recommended display 4 decimals for metrics,reports/protected_period_extension_v1/spent_report_v1_0_0.json,0d0716380e58345d9d80f70015b42f6fadd211a069dde0fed3eed4e439ccc86c,metric_rows[3],spent_development,design-exposed/spent development,secondary_design_exposed_spent_development,secondary spent-development; design-exposed; not independent validation
PROT-0100,tables/02_protected_period_metrics.csv,spent_development|2021|model_stage_v1__coarse__pytorch_mlp__epochs_200__003,roc_auc,0.7793586868539429,ROC-AUC.,aligned available-label observations,source precision; recommended display 4 decimals for metrics,reports/protected_period_extension_v1/spent_report_v1_0_0.json,0d0716380e58345d9d80f70015b42f6fadd211a069dde0fed3eed4e439ccc86c,metric_rows[3],spent_development,design-exposed/spent development,secondary_design_exposed_spent_development,secondary spent-development; design-exposed; not independent validation
PROT-0101,tables/02_protected_period_metrics.csv,spent_development|2021|model_stage_v1__coarse__pytorch_mlp__epochs_200__003,brier_score,0.15695484376919583,Mean squared probabilistic forecast error.,aligned available-label observations,source precision; recommended display 4 decimals for metrics,reports/protected_period_extension_v1/spent_report_v1_0_0.json,0d0716380e58345d9d80f70015b42f6fadd211a069dde0fed3eed4e439ccc86c,metric_rows[3],spent_development,design-exposed/spent development,secondary_design_exposed_spent_development,secondary spent-development; design-exposed; not independent validation
PROT-0102,tables/02_protected_period_metrics.csv,spent_development|2021|model_stage_v1__coarse__pytorch_mlp__epochs_200__003,f1_frozen_threshold,0.5573080967402734,F1 at the frozen development threshold.,aligned available-label observations,source precision; recommended display 4 decimals for metrics,reports/protected_period_extension_v1/spent_report_v1_0_0.json,0d0716380e58345d9d80f70015b42f6fadd211a069dde0fed3eed4e439ccc86c,metric_rows[3],spent_development,design-exposed/spent development,secondary_design_exposed_spent_development,secondary spent-development; design-exposed; not independent validation
PROT-0103,tables/02_protected_period_metrics.csv,spent_development|2021|model_stage_v1__coarse__pytorch_mlp__epochs_200__003,precision_frozen_threshold,0.5206286836935167,Precision at the frozen development threshold.,predicted positives,source precision; recommended display 4 decimals for metrics,reports/protected_period_extension_v1/spent_report_v1_0_0.json,0d0716380e58345d9d80f70015b42f6fadd211a069dde0fed3eed4e439ccc86c,metric_rows[3],spent_development,design-exposed/spent development,secondary_design_exposed_spent_development,secondary spent-development; design-exposed; not independent validation
PROT-0104,tables/02_protected_period_metrics.csv,spent_development|2021|model_stage_v1__coarse__pytorch_mlp__epochs_200__003,recall_frozen_threshold,0.5995475113122172,Recall at the frozen development threshold.,positive labels,source precision; recommended display 4 decimals for metrics,reports/protected_period_extension_v1/spent_report_v1_0_0.json,0d0716380e58345d9d80f70015b42f6fadd211a069dde0fed3eed4e439ccc86c,metric_rows[3],spent_development,design-exposed/spent development,secondary_design_exposed_spent_development,secondary spent-development; design-exposed; not independent validation
PROT-0105,tables/02_protected_period_metrics.csv,spent_development|2021|model_stage_v1__coarse__pytorch_mlp__epochs_200__003,average_precision_ci_lower,0.46557293958743257,Lower 2.5th percentile clustered-bootstrap AP bound.,economic_group_id clustered bootstrap,source precision; recommended display 4 decimals for metrics,reports/protected_period_extension_v1/spent_report_v1_0_0.json,0d0716380e58345d9d80f70015b42f6fadd211a069dde0fed3eed4e439ccc86c,metric_rows[3],spent_development,design-exposed/spent development,secondary_design_exposed_spent_development,secondary spent-development; design-exposed; not independent validation
PROT-0106,tables/02_protected_period_metrics.csv,spent_development|2021|model_stage_v1__coarse__pytorch_mlp__epochs_200__003,average_precision_ci_upper,0.5664632621979011,Upper 97.5th percentile clustered-bootstrap AP bound.,economic_group_id clustered bootstrap,source precision; recommended display 4 decimals for metrics,reports/protected_period_extension_v1/spent_report_v1_0_0.json,0d0716380e58345d9d80f70015b42f6fadd211a069dde0fed3eed4e439ccc86c,metric_rows[3],spent_development,design-exposed/spent development,secondary_design_exposed_spent_development,secondary spent-development; design-exposed; not independent validation
PROT-0107,tables/02_protected_period_metrics.csv,spent_development|2021|model_stage_v1__coarse__pytorch_mlp__epochs_200__003,roc_auc_ci_lower,0.754696703312482,Lower 2.5th percentile clustered-bootstrap ROC-AUC bound.,economic_group_id clustered bootstrap,source precision; recommended display 4 decimals for metrics,reports/protected_period_extension_v1/spent_report_v1_0_0.json,0d0716380e58345d9d80f70015b42f6fadd211a069dde0fed3eed4e439ccc86c,metric_rows[3],spent_development,design-exposed/spent development,secondary_design_exposed_spent_development,secondary spent-development; design-exposed; not independent validation
PROT-0108,tables/02_protected_period_metrics.csv,spent_development|2021|model_stage_v1__coarse__pytorch_mlp__epochs_200__003,roc_auc_ci_upper,0.8038896589247291,Upper 97.5th percentile clustered-bootstrap ROC-AUC bound.,economic_group_id clustered bootstrap,source precision; recommended display 4 decimals for metrics,reports/protected_period_extension_v1/spent_report_v1_0_0.json,0d0716380e58345d9d80f70015b42f6fadd211a069dde0fed3eed4e439ccc86c,metric_rows[3],spent_development,design-exposed/spent development,secondary_design_exposed_spent_development,secondary spent-development; design-exposed; not independent validation
PROT-0109,tables/02_protected_period_metrics.csv,spent_development|2021|model_stage_v1__coarse__pytorch_mlp__epochs_200__003,f1_ci_lower,0.5176876716509002,Lower 2.5th percentile clustered-bootstrap F1 bound.,economic_group_id clustered bootstrap,source precision; recommended display 4 decimals for metrics,reports/protected_period_extension_v1/spent_report_v1_0_0.json,0d0716380e58345d9d80f70015b42f6fadd211a069dde0fed3eed4e439ccc86c,metric_rows[3],spent_development,design-exposed/spent development,secondary_design_exposed_spent_development,secondary spent-development; design-exposed; not independent validation
PROT-0110,tables/02_protected_period_metrics.csv,spent_development|2021|model_stage_v1__coarse__pytorch_mlp__epochs_200__003,f1_ci_upper,0.5957906372177758,Upper 97.5th percentile clustered-bootstrap F1 bound.,economic_group_id clustered bootstrap,source precision; recommended display 4 decimals for metrics,reports/protected_period_extension_v1/spent_report_v1_0_0.json,0d0716380e58345d9d80f70015b42f6fadd211a069dde0fed3eed4e439ccc86c,metric_rows[3],spent_development,design-exposed/spent development,secondary_design_exposed_spent_development,secondary spent-development; design-exposed; not independent validation
PROT-0111,tables/02_protected_period_metrics.csv,spent_development|2021|model_stage_v1__coarse__pytorch_mlp__epochs_200__003,bootstrap_replicates,2000,Requested clustered-bootstrap replicates.,economic_group_id clusters,source precision; recommended display 4 decimals for metrics,reports/protected_period_extension_v1/spent_report_v1_0_0.json,0d0716380e58345d9d80f70015b42f6fadd211a069dde0fed3eed4e439ccc86c,metric_rows[3],spent_development,design-exposed/spent development,secondary_design_exposed_spent_development,secondary spent-development; design-exposed; not independent validation
PROT-0112,tables/02_protected_period_metrics.csv,spent_development|2021|model_stage_v1__coarse__pytorch_mlp__epochs_200__003,bootstrap_valid_replicates,2000,Valid non-degenerate clustered-bootstrap replicates.,requested bootstrap replicates,source precision; recommended display 4 decimals for metrics,reports/protected_period_extension_v1/spent_report_v1_0_0.json,0d0716380e58345d9d80f70015b42f6fadd211a069dde0fed3eed4e439ccc86c,metric_rows[3],spent_development,design-exposed/spent development,secondary_design_exposed_spent_development,secondary spent-development; design-exposed; not independent validation
PROT-0113,tables/02_protected_period_metrics.csv,spent_development|2021|model_stage_v1__coarse__random_forest__003,year,2021,Feature/prediction year.,not applicable,source precision; recommended display 4 decimals for metrics,reports/protected_period_extension_v1/spent_report_v1_0_0.json,0d0716380e58345d9d80f70015b42f6fadd211a069dde0fed3eed4e439ccc86c,metric_rows[2],spent_development,design-exposed/spent development,secondary_design_exposed_spent_development,secondary spent-development; design-exposed; not independent validation
PROT-0114,tables/02_protected_period_metrics.csv,spent_development|2021|model_stage_v1__coarse__random_forest__003,n,1806,Number of evaluable company-year observations.,aligned available-label observations,source precision; recommended display 4 decimals for metrics,reports/protected_period_extension_v1/spent_report_v1_0_0.json,0d0716380e58345d9d80f70015b42f6fadd211a069dde0fed3eed4e439ccc86c,metric_rows[2],spent_development,design-exposed/spent development,secondary_design_exposed_spent_development,secondary spent-development; design-exposed; not independent validation
PROT-0115,tables/02_protected_period_metrics.csv,spent_development|2021|model_stage_v1__coarse__random_forest__003,positive_n,442,Number of positive target labels.,aligned available-label observations,source precision; recommended display 4 decimals for metrics,reports/protected_period_extension_v1/spent_report_v1_0_0.json,0d0716380e58345d9d80f70015b42f6fadd211a069dde0fed3eed4e439ccc86c,metric_rows[2],spent_development,design-exposed/spent development,secondary_design_exposed_spent_development,secondary spent-development; design-exposed; not independent validation
PROT-0116,tables/02_protected_period_metrics.csv,spent_development|2021|model_stage_v1__coarse__random_forest__003,average_precision,0.554359236336356,"Average precision, historically labelled PR-AUC.",aligned available-label observations,source precision; recommended display 4 decimals for metrics,reports/protected_period_extension_v1/spent_report_v1_0_0.json,0d0716380e58345d9d80f70015b42f6fadd211a069dde0fed3eed4e439ccc86c,metric_rows[2],spent_development,design-exposed/spent development,secondary_design_exposed_spent_development,secondary spent-development; design-exposed; not independent validation
PROT-0117,tables/02_protected_period_metrics.csv,spent_development|2021|model_stage_v1__coarse__random_forest__003,roc_auc,0.796370138400499,ROC-AUC.,aligned available-label observations,source precision; recommended display 4 decimals for metrics,reports/protected_period_extension_v1/spent_report_v1_0_0.json,0d0716380e58345d9d80f70015b42f6fadd211a069dde0fed3eed4e439ccc86c,metric_rows[2],spent_development,design-exposed/spent development,secondary_design_exposed_spent_development,secondary spent-development; design-exposed; not independent validation
PROT-0118,tables/02_protected_period_metrics.csv,spent_development|2021|model_stage_v1__coarse__random_forest__003,brier_score,0.14987431846724852,Mean squared probabilistic forecast error.,aligned available-label observations,source precision; recommended display 4 decimals for metrics,reports/protected_period_extension_v1/spent_report_v1_0_0.json,0d0716380e58345d9d80f70015b42f6fadd211a069dde0fed3eed4e439ccc86c,metric_rows[2],spent_development,design-exposed/spent development,secondary_design_exposed_spent_development,secondary spent-development; design-exposed; not independent validation
PROT-0119,tables/02_protected_period_metrics.csv,spent_development|2021|model_stage_v1__coarse__random_forest__003,f1_frozen_threshold,0.5996309963099631,F1 at the frozen development threshold.,aligned available-label observations,source precision; recommended display 4 decimals for metrics,reports/protected_period_extension_v1/spent_report_v1_0_0.json,0d0716380e58345d9d80f70015b42f6fadd211a069dde0fed3eed4e439ccc86c,metric_rows[2],spent_development,design-exposed/spent development,secondary_design_exposed_spent_development,secondary spent-development; design-exposed; not independent validation
PROT-0120,tables/02_protected_period_metrics.csv,spent_development|2021|model_stage_v1__coarse__random_forest__003,precision_frozen_threshold,0.5062305295950156,Precision at the frozen development threshold.,predicted positives,source precision; recommended display 4 decimals for metrics,reports/protected_period_extension_v1/spent_report_v1_0_0.json,0d0716380e58345d9d80f70015b42f6fadd211a069dde0fed3eed4e439ccc86c,metric_rows[2],spent_development,design-exposed/spent development,secondary_design_exposed_spent_development,secondary spent-development; design-exposed; not independent validation
PROT-0121,tables/02_protected_period_metrics.csv,spent_development|2021|model_stage_v1__coarse__random_forest__003,recall_frozen_threshold,0.7352941176470589,Recall at the frozen development threshold.,positive labels,source precision; recommended display 4 decimals for metrics,reports/protected_period_extension_v1/spent_report_v1_0_0.json,0d0716380e58345d9d80f70015b42f6fadd211a069dde0fed3eed4e439ccc86c,metric_rows[2],spent_development,design-exposed/spent development,secondary_design_exposed_spent_development,secondary spent-development; design-exposed; not independent validation
PROT-0122,tables/02_protected_period_metrics.csv,spent_development|2021|model_stage_v1__coarse__random_forest__003,average_precision_ci_lower,0.5068368999542874,Lower 2.5th percentile clustered-bootstrap AP bound.,economic_group_id clustered bootstrap,source precision; recommended display 4 decimals for metrics,reports/protected_period_extension_v1/spent_report_v1_0_0.json,0d0716380e58345d9d80f70015b42f6fadd211a069dde0fed3eed4e439ccc86c,metric_rows[2],spent_development,design-exposed/spent development,secondary_design_exposed_spent_development,secondary spent-development; design-exposed; not independent validation
PROT-0123,tables/02_protected_period_metrics.csv,spent_development|2021|model_stage_v1__coarse__random_forest__003,average_precision_ci_upper,0.6038920421593182,Upper 97.5th percentile clustered-bootstrap AP bound.,economic_group_id clustered bootstrap,source precision; recommended display 4 decimals for metrics,reports/protected_period_extension_v1/spent_report_v1_0_0.json,0d0716380e58345d9d80f70015b42f6fadd211a069dde0fed3eed4e439ccc86c,metric_rows[2],spent_development,design-exposed/spent development,secondary_design_exposed_spent_development,secondary spent-development; design-exposed; not independent validation
PROT-0124,tables/02_protected_period_metrics.csv,spent_development|2021|model_stage_v1__coarse__random_forest__003,roc_auc_ci_lower,0.7715445575238487,Lower 2.5th percentile clustered-bootstrap ROC-AUC bound.,economic_group_id clustered bootstrap,source precision; recommended display 4 decimals for metrics,reports/protected_period_extension_v1/spent_report_v1_0_0.json,0d0716380e58345d9d80f70015b42f6fadd211a069dde0fed3eed4e439ccc86c,metric_rows[2],spent_development,design-exposed/spent development,secondary_design_exposed_spent_development,secondary spent-development; design-exposed; not independent validation
PROT-0125,tables/02_protected_period_metrics.csv,spent_development|2021|model_stage_v1__coarse__random_forest__003,roc_auc_ci_upper,0.819735930378203,Upper 97.5th percentile clustered-bootstrap ROC-AUC bound.,economic_group_id clustered bootstrap,source precision; recommended display 4 decimals for metrics,reports/protected_period_extension_v1/spent_report_v1_0_0.json,0d0716380e58345d9d80f70015b42f6fadd211a069dde0fed3eed4e439ccc86c,metric_rows[2],spent_development,design-exposed/spent development,secondary_design_exposed_spent_development,secondary spent-development; design-exposed; not independent validation
PROT-0126,tables/02_protected_period_metrics.csv,spent_development|2021|model_stage_v1__coarse__random_forest__003,f1_ci_lower,0.5637427452483555,Lower 2.5th percentile clustered-bootstrap F1 bound.,economic_group_id clustered bootstrap,source precision; recommended display 4 decimals for metrics,reports/protected_period_extension_v1/spent_report_v1_0_0.json,0d0716380e58345d9d80f70015b42f6fadd211a069dde0fed3eed4e439ccc86c,metric_rows[2],spent_development,design-exposed/spent development,secondary_design_exposed_spent_development,secondary spent-development; design-exposed; not independent validation
PROT-0127,tables/02_protected_period_metrics.csv,spent_development|2021|model_stage_v1__coarse__random_forest__003,f1_ci_upper,0.6336500434784303,Upper 97.5th percentile clustered-bootstrap F1 bound.,economic_group_id clustered bootstrap,source precision; recommended display 4 decimals for metrics,reports/protected_period_extension_v1/spent_report_v1_0_0.json,0d0716380e58345d9d80f70015b42f6fadd211a069dde0fed3eed4e439ccc86c,metric_rows[2],spent_development,design-exposed/spent development,secondary_design_exposed_spent_development,secondary spent-development; design-exposed; not independent validation
PROT-0128,tables/02_protected_period_metrics.csv,spent_development|2021|model_stage_v1__coarse__random_forest__003,bootstrap_replicates,2000,Requested clustered-bootstrap replicates.,economic_group_id clusters,source precision; recommended display 4 decimals for metrics,reports/protected_period_extension_v1/spent_report_v1_0_0.json,0d0716380e58345d9d80f70015b42f6fadd211a069dde0fed3eed4e439ccc86c,metric_rows[2],spent_development,design-exposed/spent development,secondary_design_exposed_spent_development,secondary spent-development; design-exposed; not independent validation
PROT-0129,tables/02_protected_period_metrics.csv,spent_development|2021|model_stage_v1__coarse__random_forest__003,bootstrap_valid_replicates,2000,Valid non-degenerate clustered-bootstrap replicates.,requested bootstrap replicates,source precision; recommended display 4 decimals for metrics,reports/protected_period_extension_v1/spent_report_v1_0_0.json,0d0716380e58345d9d80f70015b42f6fadd211a069dde0fed3eed4e439ccc86c,metric_rows[2],spent_development,design-exposed/spent development,secondary_design_exposed_spent_development,secondary spent-development; design-exposed; not independent validation
PROT-0130,tables/02_protected_period_metrics.csv,spent_development|2021|model_stage_v1__coarse__rbf_svm__004,year,2021,Feature/prediction year.,not applicable,source precision; recommended display 4 decimals for metrics,reports/protected_period_extension_v1/spent_report_v1_0_0.json,0d0716380e58345d9d80f70015b42f6fadd211a069dde0fed3eed4e439ccc86c,metric_rows[4],spent_development,design-exposed/spent development,secondary_design_exposed_spent_development,secondary spent-development; design-exposed; not independent validation
PROT-0131,tables/02_protected_period_metrics.csv,spent_development|2021|model_stage_v1__coarse__rbf_svm__004,n,1806,Number of evaluable company-year observations.,aligned available-label observations,source precision; recommended display 4 decimals for metrics,reports/protected_period_extension_v1/spent_report_v1_0_0.json,0d0716380e58345d9d80f70015b42f6fadd211a069dde0fed3eed4e439ccc86c,metric_rows[4],spent_development,design-exposed/spent development,secondary_design_exposed_spent_development,secondary spent-development; design-exposed; not independent validation
PROT-0132,tables/02_protected_period_metrics.csv,spent_development|2021|model_stage_v1__coarse__rbf_svm__004,positive_n,442,Number of positive target labels.,aligned available-label observations,source precision; recommended display 4 decimals for metrics,reports/protected_period_extension_v1/spent_report_v1_0_0.json,0d0716380e58345d9d80f70015b42f6fadd211a069dde0fed3eed4e439ccc86c,metric_rows[4],spent_development,design-exposed/spent development,secondary_design_exposed_spent_development,secondary spent-development; design-exposed; not independent validation
PROT-0133,tables/02_protected_period_metrics.csv,spent_development|2021|model_stage_v1__coarse__rbf_svm__004,average_precision,0.5191429523529831,"Average precision, historically labelled PR-AUC.",aligned available-label observations,source precision; recommended display 4 decimals for metrics,reports/protected_period_extension_v1/spent_report_v1_0_0.json,0d0716380e58345d9d80f70015b42f6fadd211a069dde0fed3eed4e439ccc86c,metric_rows[4],spent_development,design-exposed/spent development,secondary_design_exposed_spent_development,secondary spent-development; design-exposed; not independent validation
PROT-0134,tables/02_protected_period_metrics.csv,spent_development|2021|model_stage_v1__coarse__rbf_svm__004,roc_auc,0.7709823383447671,ROC-AUC.,aligned available-label observations,source precision; recommended display 4 decimals for metrics,reports/protected_period_extension_v1/spent_report_v1_0_0.json,0d0716380e58345d9d80f70015b42f6fadd211a069dde0fed3eed4e439ccc86c,metric_rows[4],spent_development,design-exposed/spent development,secondary_design_exposed_spent_development,secondary spent-development; design-exposed; not independent validation
PROT-0135,tables/02_protected_period_metrics.csv,spent_development|2021|model_stage_v1__coarse__rbf_svm__004,brier_score,0.161980251136348,Mean squared probabilistic forecast error.,aligned available-label observations,source precision; recommended display 4 decimals for metrics,reports/protected_period_extension_v1/spent_report_v1_0_0.json,0d0716380e58345d9d80f70015b42f6fadd211a069dde0fed3eed4e439ccc86c,metric_rows[4],spent_development,design-exposed/spent development,secondary_design_exposed_spent_development,secondary spent-development; design-exposed; not independent validation
PROT-0136,tables/02_protected_period_metrics.csv,spent_development|2021|model_stage_v1__coarse__rbf_svm__004,f1_frozen_threshold,0.5772058823529411,F1 at the frozen development threshold.,aligned available-label observations,source precision; recommended display 4 decimals for metrics,reports/protected_period_extension_v1/spent_report_v1_0_0.json,0d0716380e58345d9d80f70015b42f6fadd211a069dde0fed3eed4e439ccc86c,metric_rows[4],spent_development,design-exposed/spent development,secondary_design_exposed_spent_development,secondary spent-development; design-exposed; not independent validation
PROT-0137,tables/02_protected_period_metrics.csv,spent_development|2021|model_stage_v1__coarse__rbf_svm__004,precision_frozen_threshold,0.48606811145510836,Precision at the frozen development threshold.,predicted positives,source precision; recommended display 4 decimals for metrics,reports/protected_period_extension_v1/spent_report_v1_0_0.json,0d0716380e58345d9d80f70015b42f6fadd211a069dde0fed3eed4e439ccc86c,metric_rows[4],spent_development,design-exposed/spent development,secondary_design_exposed_spent_development,secondary spent-development; design-exposed; not independent validation
PROT-0138,tables/02_protected_period_metrics.csv,spent_development|2021|model_stage_v1__coarse__rbf_svm__004,recall_frozen_threshold,0.7104072398190046,Recall at the frozen development threshold.,positive labels,source precision; recommended display 4 decimals for metrics,reports/protected_period_extension_v1/spent_report_v1_0_0.json,0d0716380e58345d9d80f70015b42f6fadd211a069dde0fed3eed4e439ccc86c,metric_rows[4],spent_development,design-exposed/spent development,secondary_design_exposed_spent_development,secondary spent-development; design-exposed; not independent validation
PROT-0139,tables/02_protected_period_metrics.csv,spent_development|2021|model_stage_v1__coarse__rbf_svm__004,average_precision_ci_lower,0.4718009261414291,Lower 2.5th percentile clustered-bootstrap AP bound.,economic_group_id clustered bootstrap,source precision; recommended display 4 decimals for metrics,reports/protected_period_extension_v1/spent_report_v1_0_0.json,0d0716380e58345d9d80f70015b42f6fadd211a069dde0fed3eed4e439ccc86c,metric_rows[4],spent_development,design-exposed/spent development,secondary_design_exposed_spent_development,secondary spent-development; design-exposed; not independent validation
PROT-0140,tables/02_protected_period_metrics.csv,spent_development|2021|model_stage_v1__coarse__rbf_svm__004,average_precision_ci_upper,0.5695399341871793,Upper 97.5th percentile clustered-bootstrap AP bound.,economic_group_id clustered bootstrap,source precision; recommended display 4 decimals for metrics,reports/protected_period_extension_v1/spent_report_v1_0_0.json,0d0716380e58345d9d80f70015b42f6fadd211a069dde0fed3eed4e439ccc86c,metric_rows[4],spent_development,design-exposed/spent development,secondary_design_exposed_spent_development,secondary spent-development; design-exposed; not independent validation
PROT-0141,tables/02_protected_period_metrics.csv,spent_development|2021|model_stage_v1__coarse__rbf_svm__004,roc_auc_ci_lower,0.7447259181512436,Lower 2.5th percentile clustered-bootstrap ROC-AUC bound.,economic_group_id clustered bootstrap,source precision; recommended display 4 decimals for metrics,reports/protected_period_extension_v1/spent_report_v1_0_0.json,0d0716380e58345d9d80f70015b42f6fadd211a069dde0fed3eed4e439ccc86c,metric_rows[4],spent_development,design-exposed/spent development,secondary_design_exposed_spent_development,secondary spent-development; design-exposed; not independent validation
PROT-0142,tables/02_protected_period_metrics.csv,spent_development|2021|model_stage_v1__coarse__rbf_svm__004,roc_auc_ci_upper,0.7961218992257466,Upper 97.5th percentile clustered-bootstrap ROC-AUC bound.,economic_group_id clustered bootstrap,source precision; recommended display 4 decimals for metrics,reports/protected_period_extension_v1/spent_report_v1_0_0.json,0d0716380e58345d9d80f70015b42f6fadd211a069dde0fed3eed4e439ccc86c,metric_rows[4],spent_development,design-exposed/spent development,secondary_design_exposed_spent_development,secondary spent-development; design-exposed; not independent validation
PROT-0143,tables/02_protected_period_metrics.csv,spent_development|2021|model_stage_v1__coarse__rbf_svm__004,f1_ci_lower,0.5414287982740966,Lower 2.5th percentile clustered-bootstrap F1 bound.,economic_group_id clustered bootstrap,source precision; recommended display 4 decimals for metrics,reports/protected_period_extension_v1/spent_report_v1_0_0.json,0d0716380e58345d9d80f70015b42f6fadd211a069dde0fed3eed4e439ccc86c,metric_rows[4],spent_development,design-exposed/spent development,secondary_design_exposed_spent_development,secondary spent-development; design-exposed; not independent validation
PROT-0144,tables/02_protected_period_metrics.csv,spent_development|2021|model_stage_v1__coarse__rbf_svm__004,f1_ci_upper,0.6114189402974176,Upper 97.5th percentile clustered-bootstrap F1 bound.,economic_group_id clustered bootstrap,source precision; recommended display 4 decimals for metrics,reports/protected_period_extension_v1/spent_report_v1_0_0.json,0d0716380e58345d9d80f70015b42f6fadd211a069dde0fed3eed4e439ccc86c,metric_rows[4],spent_development,design-exposed/spent development,secondary_design_exposed_spent_development,secondary spent-development; design-exposed; not independent validation
PROT-0145,tables/02_protected_period_metrics.csv,spent_development|2021|model_stage_v1__coarse__rbf_svm__004,bootstrap_replicates,2000,Requested clustered-bootstrap replicates.,economic_group_id clusters,source precision; recommended display 4 decimals for metrics,reports/protected_period_extension_v1/spent_report_v1_0_0.json,0d0716380e58345d9d80f70015b42f6fadd211a069dde0fed3eed4e439ccc86c,metric_rows[4],spent_development,design-exposed/spent development,secondary_design_exposed_spent_development,secondary spent-development; design-exposed; not independent validation
PROT-0146,tables/02_protected_period_metrics.csv,spent_development|2021|model_stage_v1__coarse__rbf_svm__004,bootstrap_valid_replicates,2000,Valid non-degenerate clustered-bootstrap replicates.,requested bootstrap replicates,source precision; recommended display 4 decimals for metrics,reports/protected_period_extension_v1/spent_report_v1_0_0.json,0d0716380e58345d9d80f70015b42f6fadd211a069dde0fed3eed4e439ccc86c,metric_rows[4],spent_development,design-exposed/spent development,secondary_design_exposed_spent_development,secondary spent-development; design-exposed; not independent validation
PROT-0147,tables/02_protected_period_metrics.csv,spent_development|2021|model_stage_v1__coarse__xgboost__004,year,2021,Feature/prediction year.,not applicable,source precision; recommended display 4 decimals for metrics,reports/protected_period_extension_v1/spent_report_v1_0_0.json,0d0716380e58345d9d80f70015b42f6fadd211a069dde0fed3eed4e439ccc86c,metric_rows[0],spent_development,design-exposed/spent development,secondary_design_exposed_spent_development,secondary spent-development; design-exposed; not independent validation
PROT-0148,tables/02_protected_period_metrics.csv,spent_development|2021|model_stage_v1__coarse__xgboost__004,n,1806,Number of evaluable company-year observations.,aligned available-label observations,source precision; recommended display 4 decimals for metrics,reports/protected_period_extension_v1/spent_report_v1_0_0.json,0d0716380e58345d9d80f70015b42f6fadd211a069dde0fed3eed4e439ccc86c,metric_rows[0],spent_development,design-exposed/spent development,secondary_design_exposed_spent_development,secondary spent-development; design-exposed; not independent validation
PROT-0149,tables/02_protected_period_metrics.csv,spent_development|2021|model_stage_v1__coarse__xgboost__004,positive_n,442,Number of positive target labels.,aligned available-label observations,source precision; recommended display 4 decimals for metrics,reports/protected_period_extension_v1/spent_report_v1_0_0.json,0d0716380e58345d9d80f70015b42f6fadd211a069dde0fed3eed4e439ccc86c,metric_rows[0],spent_development,design-exposed/spent development,secondary_design_exposed_spent_development,secondary spent-development; design-exposed; not independent validation
PROT-0150,tables/02_protected_period_metrics.csv,spent_development|2021|model_stage_v1__coarse__xgboost__004,average_precision,0.5262831028568504,"Average precision, historically labelled PR-AUC.",aligned available-label observations,source precision; recommended display 4 decimals for metrics,reports/protected_period_extension_v1/spent_report_v1_0_0.json,0d0716380e58345d9d80f70015b42f6fadd211a069dde0fed3eed4e439ccc86c,metric_rows[0],spent_development,design-exposed/spent development,secondary_design_exposed_spent_development,secondary spent-development; design-exposed; not independent validation
PROT-0151,tables/02_protected_period_metrics.csv,spent_development|2021|model_stage_v1__coarse__xgboost__004,roc_auc,0.7956303658390945,ROC-AUC.,aligned available-label observations,source precision; recommended display 4 decimals for metrics,reports/protected_period_extension_v1/spent_report_v1_0_0.json,0d0716380e58345d9d80f70015b42f6fadd211a069dde0fed3eed4e439ccc86c,metric_rows[0],spent_development,design-exposed/spent development,secondary_design_exposed_spent_development,secondary spent-development; design-exposed; not independent validation
PROT-0152,tables/02_protected_period_metrics.csv,spent_development|2021|model_stage_v1__coarse__xgboost__004,brier_score,0.15254214490809556,Mean squared probabilistic forecast error.,aligned available-label observations,source precision; recommended display 4 decimals for metrics,reports/protected_period_extension_v1/spent_report_v1_0_0.json,0d0716380e58345d9d80f70015b42f6fadd211a069dde0fed3eed4e439ccc86c,metric_rows[0],spent_development,design-exposed/spent development,secondary_design_exposed_spent_development,secondary spent-development; design-exposed; not independent validation
PROT-0153,tables/02_protected_period_metrics.csv,spent_development|2021|model_stage_v1__coarse__xgboost__004,f1_frozen_threshold,0.5884578997161779,F1 at the frozen development threshold.,aligned available-label observations,source precision; recommended display 4 decimals for metrics,reports/protected_period_extension_v1/spent_report_v1_0_0.json,0d0716380e58345d9d80f70015b42f6fadd211a069dde0fed3eed4e439ccc86c,metric_rows[0],spent_development,design-exposed/spent development,secondary_design_exposed_spent_development,secondary spent-development; design-exposed; not independent validation
PROT-0154,tables/02_protected_period_metrics.csv,spent_development|2021|model_stage_v1__coarse__xgboost__004,precision_frozen_threshold,0.5056910569105691,Precision at the frozen development threshold.,predicted positives,source precision; recommended display 4 decimals for metrics,reports/protected_period_extension_v1/spent_report_v1_0_0.json,0d0716380e58345d9d80f70015b42f6fadd211a069dde0fed3eed4e439ccc86c,metric_rows[0],spent_development,design-exposed/spent development,secondary_design_exposed_spent_development,secondary spent-development; design-exposed; not independent validation
PROT-0155,tables/02_protected_period_metrics.csv,spent_development|2021|model_stage_v1__coarse__xgboost__004,recall_frozen_threshold,0.7036199095022625,Recall at the frozen development threshold.,positive labels,source precision; recommended display 4 decimals for metrics,reports/protected_period_extension_v1/spent_report_v1_0_0.json,0d0716380e58345d9d80f70015b42f6fadd211a069dde0fed3eed4e439ccc86c,metric_rows[0],spent_development,design-exposed/spent development,secondary_design_exposed_spent_development,secondary spent-development; design-exposed; not independent validation
PROT-0156,tables/02_protected_period_metrics.csv,spent_development|2021|model_stage_v1__coarse__xgboost__004,average_precision_ci_lower,0.48005903984659964,Lower 2.5th percentile clustered-bootstrap AP bound.,economic_group_id clustered bootstrap,source precision; recommended display 4 decimals for metrics,reports/protected_period_extension_v1/spent_report_v1_0_0.json,0d0716380e58345d9d80f70015b42f6fadd211a069dde0fed3eed4e439ccc86c,metric_rows[0],spent_development,design-exposed/spent development,secondary_design_exposed_spent_development,secondary spent-development; design-exposed; not independent validation
PROT-0157,tables/02_protected_period_metrics.csv,spent_development|2021|model_stage_v1__coarse__xgboost__004,average_precision_ci_upper,0.5782723149515065,Upper 97.5th percentile clustered-bootstrap AP bound.,economic_group_id clustered bootstrap,source precision; recommended display 4 decimals for metrics,reports/protected_period_extension_v1/spent_report_v1_0_0.json,0d0716380e58345d9d80f70015b42f6fadd211a069dde0fed3eed4e439ccc86c,metric_rows[0],spent_development,design-exposed/spent development,secondary_design_exposed_spent_development,secondary spent-development; design-exposed; not independent validation
PROT-0158,tables/02_protected_period_metrics.csv,spent_development|2021|model_stage_v1__coarse__xgboost__004,roc_auc_ci_lower,0.7724585338341182,Lower 2.5th percentile clustered-bootstrap ROC-AUC bound.,economic_group_id clustered bootstrap,source precision; recommended display 4 decimals for metrics,reports/protected_period_extension_v1/spent_report_v1_0_0.json,0d0716380e58345d9d80f70015b42f6fadd211a069dde0fed3eed4e439ccc86c,metric_rows[0],spent_development,design-exposed/spent development,secondary_design_exposed_spent_development,secondary spent-development; design-exposed; not independent validation
PROT-0159,tables/02_protected_period_metrics.csv,spent_development|2021|model_stage_v1__coarse__xgboost__004,roc_auc_ci_upper,0.8187323303884522,Upper 97.5th percentile clustered-bootstrap ROC-AUC bound.,economic_group_id clustered bootstrap,source precision; recommended display 4 decimals for metrics,reports/protected_period_extension_v1/spent_report_v1_0_0.json,0d0716380e58345d9d80f70015b42f6fadd211a069dde0fed3eed4e439ccc86c,metric_rows[0],spent_development,design-exposed/spent development,secondary_design_exposed_spent_development,secondary spent-development; design-exposed; not independent validation
PROT-0160,tables/02_protected_period_metrics.csv,spent_development|2021|model_stage_v1__coarse__xgboost__004,f1_ci_lower,0.5518467125605563,Lower 2.5th percentile clustered-bootstrap F1 bound.,economic_group_id clustered bootstrap,source precision; recommended display 4 decimals for metrics,reports/protected_period_extension_v1/spent_report_v1_0_0.json,0d0716380e58345d9d80f70015b42f6fadd211a069dde0fed3eed4e439ccc86c,metric_rows[0],spent_development,design-exposed/spent development,secondary_design_exposed_spent_development,secondary spent-development; design-exposed; not independent validation
PROT-0161,tables/02_protected_period_metrics.csv,spent_development|2021|model_stage_v1__coarse__xgboost__004,f1_ci_upper,0.6225402504472272,Upper 97.5th percentile clustered-bootstrap F1 bound.,economic_group_id clustered bootstrap,source precision; recommended display 4 decimals for metrics,reports/protected_period_extension_v1/spent_report_v1_0_0.json,0d0716380e58345d9d80f70015b42f6fadd211a069dde0fed3eed4e439ccc86c,metric_rows[0],spent_development,design-exposed/spent development,secondary_design_exposed_spent_development,secondary spent-development; design-exposed; not independent validation
PROT-0162,tables/02_protected_period_metrics.csv,spent_development|2021|model_stage_v1__coarse__xgboost__004,bootstrap_replicates,2000,Requested clustered-bootstrap replicates.,economic_group_id clusters,source precision; recommended display 4 decimals for metrics,reports/protected_period_extension_v1/spent_report_v1_0_0.json,0d0716380e58345d9d80f70015b42f6fadd211a069dde0fed3eed4e439ccc86c,metric_rows[0],spent_development,design-exposed/spent development,secondary_design_exposed_spent_development,secondary spent-development; design-exposed; not independent validation
PROT-0163,tables/02_protected_period_metrics.csv,spent_development|2021|model_stage_v1__coarse__xgboost__004,bootstrap_valid_replicates,2000,Valid non-degenerate clustered-bootstrap replicates.,requested bootstrap replicates,source precision; recommended display 4 decimals for metrics,reports/protected_period_extension_v1/spent_report_v1_0_0.json,0d0716380e58345d9d80f70015b42f6fadd211a069dde0fed3eed4e439ccc86c,metric_rows[0],spent_development,design-exposed/spent development,secondary_design_exposed_spent_development,secondary spent-development; design-exposed; not independent validation
PROT-0164,tables/02_protected_period_metrics.csv,spent_development|2021|model_stage_v1__qnn_q2__t0,year,2021,Feature/prediction year.,not applicable,source precision; recommended display 4 decimals for metrics,reports/protected_period_extension_v1/spent_report_v1_0_0.json,0d0716380e58345d9d80f70015b42f6fadd211a069dde0fed3eed4e439ccc86c,metric_rows[5],spent_development,design-exposed/spent development,secondary_design_exposed_spent_development,secondary spent-development; design-exposed; not independent validation
PROT-0165,tables/02_protected_period_metrics.csv,spent_development|2021|model_stage_v1__qnn_q2__t0,n,1806,Number of evaluable company-year observations.,aligned available-label observations,source precision; recommended display 4 decimals for metrics,reports/protected_period_extension_v1/spent_report_v1_0_0.json,0d0716380e58345d9d80f70015b42f6fadd211a069dde0fed3eed4e439ccc86c,metric_rows[5],spent_development,design-exposed/spent development,secondary_design_exposed_spent_development,secondary spent-development; design-exposed; not independent validation
PROT-0166,tables/02_protected_period_metrics.csv,spent_development|2021|model_stage_v1__qnn_q2__t0,positive_n,442,Number of positive target labels.,aligned available-label observations,source precision; recommended display 4 decimals for metrics,reports/protected_period_extension_v1/spent_report_v1_0_0.json,0d0716380e58345d9d80f70015b42f6fadd211a069dde0fed3eed4e439ccc86c,metric_rows[5],spent_development,design-exposed/spent development,secondary_design_exposed_spent_development,secondary spent-development; design-exposed; not independent validation
PROT-0167,tables/02_protected_period_metrics.csv,spent_development|2021|model_stage_v1__qnn_q2__t0,average_precision,0.4987961228096137,"Average precision, historically labelled PR-AUC.",aligned available-label observations,source precision; recommended display 4 decimals for metrics,reports/protected_period_extension_v1/spent_report_v1_0_0.json,0d0716380e58345d9d80f70015b42f6fadd211a069dde0fed3eed4e439ccc86c,metric_rows[5],spent_development,design-exposed/spent development,secondary_design_exposed_spent_development,secondary spent-development; design-exposed; not independent validation
PROT-0168,tables/02_protected_period_metrics.csv,spent_development|2021|model_stage_v1__qnn_q2__t0,roc_auc,0.776747920011677,ROC-AUC.,aligned available-label observations,source precision; recommended display 4 decimals for metrics,reports/protected_period_extension_v1/spent_report_v1_0_0.json,0d0716380e58345d9d80f70015b42f6fadd211a069dde0fed3eed4e439ccc86c,metric_rows[5],spent_development,design-exposed/spent development,secondary_design_exposed_spent_development,secondary spent-development; design-exposed; not independent validation
PROT-0169,tables/02_protected_period_metrics.csv,spent_development|2021|model_stage_v1__qnn_q2__t0,brier_score,0.1554954367574431,Mean squared probabilistic forecast error.,aligned available-label observations,source precision; recommended display 4 decimals for metrics,reports/protected_period_extension_v1/spent_report_v1_0_0.json,0d0716380e58345d9d80f70015b42f6fadd211a069dde0fed3eed4e439ccc86c,metric_rows[5],spent_development,design-exposed/spent development,secondary_design_exposed_spent_development,secondary spent-development; design-exposed; not independent validation
PROT-0170,tables/02_protected_period_metrics.csv,spent_development|2021|model_stage_v1__qnn_q2__t0,f1_frozen_threshold,0.5695970695970696,F1 at the frozen development threshold.,aligned available-label observations,source precision; recommended display 4 decimals for metrics,reports/protected_period_extension_v1/spent_report_v1_0_0.json,0d0716380e58345d9d80f70015b42f6fadd211a069dde0fed3eed4e439ccc86c,metric_rows[5],spent_development,design-exposed/spent development,secondary_design_exposed_spent_development,secondary spent-development; design-exposed; not independent validation
PROT-0171,tables/02_protected_period_metrics.csv,spent_development|2021|model_stage_v1__qnn_q2__t0,precision_frozen_threshold,0.47846153846153844,Precision at the frozen development threshold.,predicted positives,source precision; recommended display 4 decimals for metrics,reports/protected_period_extension_v1/spent_report_v1_0_0.json,0d0716380e58345d9d80f70015b42f6fadd211a069dde0fed3eed4e439ccc86c,metric_rows[5],spent_development,design-exposed/spent development,secondary_design_exposed_spent_development,secondary spent-development; design-exposed; not independent validation
PROT-0172,tables/02_protected_period_metrics.csv,spent_development|2021|model_stage_v1__qnn_q2__t0,recall_frozen_threshold,0.7036199095022625,Recall at the frozen development threshold.,positive labels,source precision; recommended display 4 decimals for metrics,reports/protected_period_extension_v1/spent_report_v1_0_0.json,0d0716380e58345d9d80f70015b42f6fadd211a069dde0fed3eed4e439ccc86c,metric_rows[5],spent_development,design-exposed/spent development,secondary_design_exposed_spent_development,secondary spent-development; design-exposed; not independent validation
PROT-0173,tables/02_protected_period_metrics.csv,spent_development|2021|model_stage_v1__qnn_q2__t0,average_precision_ci_lower,0.4537836377570943,Lower 2.5th percentile clustered-bootstrap AP bound.,economic_group_id clustered bootstrap,source precision; recommended display 4 decimals for metrics,reports/protected_period_extension_v1/spent_report_v1_0_0.json,0d0716380e58345d9d80f70015b42f6fadd211a069dde0fed3eed4e439ccc86c,metric_rows[5],spent_development,design-exposed/spent development,secondary_design_exposed_spent_development,secondary spent-development; design-exposed; not independent validation
PROT-0174,tables/02_protected_period_metrics.csv,spent_development|2021|model_stage_v1__qnn_q2__t0,average_precision_ci_upper,0.5516578326260699,Upper 97.5th percentile clustered-bootstrap AP bound.,economic_group_id clustered bootstrap,source precision; recommended display 4 decimals for metrics,reports/protected_period_extension_v1/spent_report_v1_0_0.json,0d0716380e58345d9d80f70015b42f6fadd211a069dde0fed3eed4e439ccc86c,metric_rows[5],spent_development,design-exposed/spent development,secondary_design_exposed_spent_development,secondary spent-development; design-exposed; not independent validation
PROT-0175,tables/02_protected_period_metrics.csv,spent_development|2021|model_stage_v1__qnn_q2__t0,roc_auc_ci_lower,0.7521644700683794,Lower 2.5th percentile clustered-bootstrap ROC-AUC bound.,economic_group_id clustered bootstrap,source precision; recommended display 4 decimals for metrics,reports/protected_period_extension_v1/spent_report_v1_0_0.json,0d0716380e58345d9d80f70015b42f6fadd211a069dde0fed3eed4e439ccc86c,metric_rows[5],spent_development,design-exposed/spent development,secondary_design_exposed_spent_development,secondary spent-development; design-exposed; not independent validation
PROT-0176,tables/02_protected_period_metrics.csv,spent_development|2021|model_stage_v1__qnn_q2__t0,roc_auc_ci_upper,0.801081321782358,Upper 97.5th percentile clustered-bootstrap ROC-AUC bound.,economic_group_id clustered bootstrap,source precision; recommended display 4 decimals for metrics,reports/protected_period_extension_v1/spent_report_v1_0_0.json,0d0716380e58345d9d80f70015b42f6fadd211a069dde0fed3eed4e439ccc86c,metric_rows[5],spent_development,design-exposed/spent development,secondary_design_exposed_spent_development,secondary spent-development; design-exposed; not independent validation
PROT-0177,tables/02_protected_period_metrics.csv,spent_development|2021|model_stage_v1__qnn_q2__t0,f1_ci_lower,0.5350780121062996,Lower 2.5th percentile clustered-bootstrap F1 bound.,economic_group_id clustered bootstrap,source precision; recommended display 4 decimals for metrics,reports/protected_period_extension_v1/spent_report_v1_0_0.json,0d0716380e58345d9d80f70015b42f6fadd211a069dde0fed3eed4e439ccc86c,metric_rows[5],spent_development,design-exposed/spent development,secondary_design_exposed_spent_development,secondary spent-development; design-exposed; not independent validation
PROT-0178,tables/02_protected_period_metrics.csv,spent_development|2021|model_stage_v1__qnn_q2__t0,f1_ci_upper,0.6045749281404562,Upper 97.5th percentile clustered-bootstrap F1 bound.,economic_group_id clustered bootstrap,source precision; recommended display 4 decimals for metrics,reports/protected_period_extension_v1/spent_report_v1_0_0.json,0d0716380e58345d9d80f70015b42f6fadd211a069dde0fed3eed4e439ccc86c,metric_rows[5],spent_development,design-exposed/spent development,secondary_design_exposed_spent_development,secondary spent-development; design-exposed; not independent validation
PROT-0179,tables/02_protected_period_metrics.csv,spent_development|2021|model_stage_v1__qnn_q2__t0,bootstrap_replicates,2000,Requested clustered-bootstrap replicates.,economic_group_id clusters,source precision; recommended display 4 decimals for metrics,reports/protected_period_extension_v1/spent_report_v1_0_0.json,0d0716380e58345d9d80f70015b42f6fadd211a069dde0fed3eed4e439ccc86c,metric_rows[5],spent_development,design-exposed/spent development,secondary_design_exposed_spent_development,secondary spent-development; design-exposed; not independent validation
PROT-0180,tables/02_protected_period_metrics.csv,spent_development|2021|model_stage_v1__qnn_q2__t0,bootstrap_valid_replicates,2000,Valid non-degenerate clustered-bootstrap replicates.,requested bootstrap replicates,source precision; recommended display 4 decimals for metrics,reports/protected_period_extension_v1/spent_report_v1_0_0.json,0d0716380e58345d9d80f70015b42f6fadd211a069dde0fed3eed4e439ccc86c,metric_rows[5],spent_development,design-exposed/spent development,secondary_design_exposed_spent_development,secondary spent-development; design-exposed; not independent validation
PROT-0181,tables/02_protected_period_metrics.csv,spent_development|2022|model_stage_v1__coarse__dummy_prior__001,year,2022,Feature/prediction year.,not applicable,source precision; recommended display 4 decimals for metrics,reports/protected_period_extension_v1/spent_report_v1_0_0.json,0d0716380e58345d9d80f70015b42f6fadd211a069dde0fed3eed4e439ccc86c,metric_rows[17],spent_development,design-exposed/spent development,secondary_design_exposed_spent_development,secondary spent-development; design-exposed; not independent validation
PROT-0182,tables/02_protected_period_metrics.csv,spent_development|2022|model_stage_v1__coarse__dummy_prior__001,n,1741,Number of evaluable company-year observations.,aligned available-label observations,source precision; recommended display 4 decimals for metrics,reports/protected_period_extension_v1/spent_report_v1_0_0.json,0d0716380e58345d9d80f70015b42f6fadd211a069dde0fed3eed4e439ccc86c,metric_rows[17],spent_development,design-exposed/spent development,secondary_design_exposed_spent_development,secondary spent-development; design-exposed; not independent validation
PROT-0183,tables/02_protected_period_metrics.csv,spent_development|2022|model_stage_v1__coarse__dummy_prior__001,positive_n,390,Number of positive target labels.,aligned available-label observations,source precision; recommended display 4 decimals for metrics,reports/protected_period_extension_v1/spent_report_v1_0_0.json,0d0716380e58345d9d80f70015b42f6fadd211a069dde0fed3eed4e439ccc86c,metric_rows[17],spent_development,design-exposed/spent development,secondary_design_exposed_spent_development,secondary spent-development; design-exposed; not independent validation
PROT-0184,tables/02_protected_period_metrics.csv,spent_development|2022|model_stage_v1__coarse__dummy_prior__001,average_precision,0.22400919012062034,"Average precision, historically labelled PR-AUC.",aligned available-label observations,source precision; recommended display 4 decimals for metrics,reports/protected_period_extension_v1/spent_report_v1_0_0.json,0d0716380e58345d9d80f70015b42f6fadd211a069dde0fed3eed4e439ccc86c,metric_rows[17],spent_development,design-exposed/spent development,secondary_design_exposed_spent_development,secondary spent-development; design-exposed; not independent validation
PROT-0185,tables/02_protected_period_metrics.csv,spent_development|2022|model_stage_v1__coarse__dummy_prior__001,roc_auc,0.5,ROC-AUC.,aligned available-label observations,source precision; recommended display 4 decimals for metrics,reports/protected_period_extension_v1/spent_report_v1_0_0.json,0d0716380e58345d9d80f70015b42f6fadd211a069dde0fed3eed4e439ccc86c,metric_rows[17],spent_development,design-exposed/spent development,secondary_design_exposed_spent_development,secondary spent-development; design-exposed; not independent validation
PROT-0186,tables/02_protected_period_metrics.csv,spent_development|2022|model_stage_v1__coarse__dummy_prior__001,brier_score,0.17575828680526917,Mean squared probabilistic forecast error.,aligned available-label observations,source precision; recommended display 4 decimals for metrics,reports/protected_period_extension_v1/spent_report_v1_0_0.json,0d0716380e58345d9d80f70015b42f6fadd211a069dde0fed3eed4e439ccc86c,metric_rows[17],spent_development,design-exposed/spent development,secondary_design_exposed_spent_development,secondary spent-development; design-exposed; not independent validation
PROT-0187,tables/02_protected_period_metrics.csv,spent_development|2022|model_stage_v1__coarse__dummy_prior__001,f1_frozen_threshold,0.3660253402158611,F1 at the frozen development threshold.,aligned available-label observations,source precision; recommended display 4 decimals for metrics,reports/protected_period_extension_v1/spent_report_v1_0_0.json,0d0716380e58345d9d80f70015b42f6fadd211a069dde0fed3eed4e439ccc86c,metric_rows[17],spent_development,design-exposed/spent development,secondary_design_exposed_spent_development,secondary spent-development; design-exposed; not independent validation
PROT-0188,tables/02_protected_period_metrics.csv,spent_development|2022|model_stage_v1__coarse__dummy_prior__001,precision_frozen_threshold,0.22400919012062034,Precision at the frozen development threshold.,predicted positives,source precision; recommended display 4 decimals for metrics,reports/protected_period_extension_v1/spent_report_v1_0_0.json,0d0716380e58345d9d80f70015b42f6fadd211a069dde0fed3eed4e439ccc86c,metric_rows[17],spent_development,design-exposed/spent development,secondary_design_exposed_spent_development,secondary spent-development; design-exposed; not independent validation
PROT-0189,tables/02_protected_period_metrics.csv,spent_development|2022|model_stage_v1__coarse__dummy_prior__001,recall_frozen_threshold,1.0,Recall at the frozen development threshold.,positive labels,source precision; recommended display 4 decimals for metrics,reports/protected_period_extension_v1/spent_report_v1_0_0.json,0d0716380e58345d9d80f70015b42f6fadd211a069dde0fed3eed4e439ccc86c,metric_rows[17],spent_development,design-exposed/spent development,secondary_design_exposed_spent_development,secondary spent-development; design-exposed; not independent validation
PROT-0190,tables/02_protected_period_metrics.csv,spent_development|2022|model_stage_v1__coarse__dummy_prior__001,average_precision_ci_lower,0.2045977011494253,Lower 2.5th percentile clustered-bootstrap AP bound.,economic_group_id clustered bootstrap,source precision; recommended display 4 decimals for metrics,reports/protected_period_extension_v1/spent_report_v1_0_0.json,0d0716380e58345d9d80f70015b42f6fadd211a069dde0fed3eed4e439ccc86c,metric_rows[17],spent_development,design-exposed/spent development,secondary_design_exposed_spent_development,secondary spent-development; design-exposed; not independent validation
PROT-0191,tables/02_protected_period_metrics.csv,spent_development|2022|model_stage_v1__coarse__dummy_prior__001,average_precision_ci_upper,0.2438324727481354,Upper 97.5th percentile clustered-bootstrap AP bound.,economic_group_id clustered bootstrap,source precision; recommended display 4 decimals for metrics,reports/protected_period_extension_v1/spent_report_v1_0_0.json,0d0716380e58345d9d80f70015b42f6fadd211a069dde0fed3eed4e439ccc86c,metric_rows[17],spent_development,design-exposed/spent development,secondary_design_exposed_spent_development,secondary spent-development; design-exposed; not independent validation
PROT-0192,tables/02_protected_period_metrics.csv,spent_development|2022|model_stage_v1__coarse__dummy_prior__001,roc_auc_ci_lower,0.5,Lower 2.5th percentile clustered-bootstrap ROC-AUC bound.,economic_group_id clustered bootstrap,source precision; recommended display 4 decimals for metrics,reports/protected_period_extension_v1/spent_report_v1_0_0.json,0d0716380e58345d9d80f70015b42f6fadd211a069dde0fed3eed4e439ccc86c,metric_rows[17],spent_development,design-exposed/spent development,secondary_design_exposed_spent_development,secondary spent-development; design-exposed; not independent validation
PROT-0193,tables/02_protected_period_metrics.csv,spent_development|2022|model_stage_v1__coarse__dummy_prior__001,roc_auc_ci_upper,0.5,Upper 97.5th percentile clustered-bootstrap ROC-AUC bound.,economic_group_id clustered bootstrap,source precision; recommended display 4 decimals for metrics,reports/protected_period_extension_v1/spent_report_v1_0_0.json,0d0716380e58345d9d80f70015b42f6fadd211a069dde0fed3eed4e439ccc86c,metric_rows[17],spent_development,design-exposed/spent development,secondary_design_exposed_spent_development,secondary spent-development; design-exposed; not independent validation
PROT-0194,tables/02_protected_period_metrics.csv,spent_development|2022|model_stage_v1__coarse__dummy_prior__001,f1_ci_lower,0.33969465648854963,Lower 2.5th percentile clustered-bootstrap F1 bound.,economic_group_id clustered bootstrap,source precision; recommended display 4 decimals for metrics,reports/protected_period_extension_v1/spent_report_v1_0_0.json,0d0716380e58345d9d80f70015b42f6fadd211a069dde0fed3eed4e439ccc86c,metric_rows[17],spent_development,design-exposed/spent development,secondary_design_exposed_spent_development,secondary spent-development; design-exposed; not independent validation
PROT-0195,tables/02_protected_period_metrics.csv,spent_development|2022|model_stage_v1__coarse__dummy_prior__001,f1_ci_upper,0.39206642066420666,Upper 97.5th percentile clustered-bootstrap F1 bound.,economic_group_id clustered bootstrap,source precision; recommended display 4 decimals for metrics,reports/protected_period_extension_v1/spent_report_v1_0_0.json,0d0716380e58345d9d80f70015b42f6fadd211a069dde0fed3eed4e439ccc86c,metric_rows[17],spent_development,design-exposed/spent development,secondary_design_exposed_spent_development,secondary spent-development; design-exposed; not independent validation
PROT-0196,tables/02_protected_period_metrics.csv,spent_development|2022|model_stage_v1__coarse__dummy_prior__001,bootstrap_replicates,2000,Requested clustered-bootstrap replicates.,economic_group_id clusters,source precision; recommended display 4 decimals for metrics,reports/protected_period_extension_v1/spent_report_v1_0_0.json,0d0716380e58345d9d80f70015b42f6fadd211a069dde0fed3eed4e439ccc86c,metric_rows[17],spent_development,design-exposed/spent development,secondary_design_exposed_spent_development,secondary spent-development; design-exposed; not independent validation
PROT-0197,tables/02_protected_period_metrics.csv,spent_development|2022|model_stage_v1__coarse__dummy_prior__001,bootstrap_valid_replicates,2000,Valid non-degenerate clustered-bootstrap replicates.,requested bootstrap replicates,source precision; recommended display 4 decimals for metrics,reports/protected_period_extension_v1/spent_report_v1_0_0.json,0d0716380e58345d9d80f70015b42f6fadd211a069dde0fed3eed4e439ccc86c,metric_rows[17],spent_development,design-exposed/spent development,secondary_design_exposed_spent_development,secondary spent-development; design-exposed; not independent validation
PROT-0198,tables/02_protected_period_metrics.csv,spent_development|2022|model_stage_v1__coarse__elastic_net_logistic__003,year,2022,Feature/prediction year.,not applicable,source precision; recommended display 4 decimals for metrics,reports/protected_period_extension_v1/spent_report_v1_0_0.json,0d0716380e58345d9d80f70015b42f6fadd211a069dde0fed3eed4e439ccc86c,metric_rows[15],spent_development,design-exposed/spent development,secondary_design_exposed_spent_development,secondary spent-development; design-exposed; not independent validation
PROT-0199,tables/02_protected_period_metrics.csv,spent_development|2022|model_stage_v1__coarse__elastic_net_logistic__003,n,1741,Number of evaluable company-year observations.,aligned available-label observations,source precision; recommended display 4 decimals for metrics,reports/protected_period_extension_v1/spent_report_v1_0_0.json,0d0716380e58345d9d80f70015b42f6fadd211a069dde0fed3eed4e439ccc86c,metric_rows[15],spent_development,design-exposed/spent development,secondary_design_exposed_spent_development,secondary spent-development; design-exposed; not independent validation
PROT-0200,tables/02_protected_period_metrics.csv,spent_development|2022|model_stage_v1__coarse__elastic_net_logistic__003,positive_n,390,Number of positive target labels.,aligned available-label observations,source precision; recommended display 4 decimals for metrics,reports/protected_period_extension_v1/spent_report_v1_0_0.json,0d0716380e58345d9d80f70015b42f6fadd211a069dde0fed3eed4e439ccc86c,metric_rows[15],spent_development,design-exposed/spent development,secondary_design_exposed_spent_development,secondary spent-development; design-exposed; not independent validation
PROT-0201,tables/02_protected_period_metrics.csv,spent_development|2022|model_stage_v1__coarse__elastic_net_logistic__003,average_precision,0.4937830055403598,"Average precision, historically labelled PR-AUC.",aligned available-label observations,source precision; recommended display 4 decimals for metrics,reports/protected_period_extension_v1/spent_report_v1_0_0.json,0d0716380e58345d9d80f70015b42f6fadd211a069dde0fed3eed4e439ccc86c,metric_rows[15],spent_development,design-exposed/spent development,secondary_design_exposed_spent_development,secondary spent-development; design-exposed; not independent validation
PROT-0202,tables/02_protected_period_metrics.csv,spent_development|2022|model_stage_v1__coarse__elastic_net_logistic__003,roc_auc,0.7435745601548711,ROC-AUC.,aligned available-label observations,source precision; recommended display 4 decimals for metrics,reports/protected_period_extension_v1/spent_report_v1_0_0.json,0d0716380e58345d9d80f70015b42f6fadd211a069dde0fed3eed4e439ccc86c,metric_rows[15],spent_development,design-exposed/spent development,secondary_design_exposed_spent_development,secondary spent-development; design-exposed; not independent validation
PROT-0203,tables/02_protected_period_metrics.csv,spent_development|2022|model_stage_v1__coarse__elastic_net_logistic__003,brier_score,0.15231922663647968,Mean squared probabilistic forecast error.,aligned available-label observations,source precision; recommended display 4 decimals for metrics,reports/protected_period_extension_v1/spent_report_v1_0_0.json,0d0716380e58345d9d80f70015b42f6fadd211a069dde0fed3eed4e439ccc86c,metric_rows[15],spent_development,design-exposed/spent development,secondary_design_exposed_spent_development,secondary spent-development; design-exposed; not independent validation
PROT-0204,tables/02_protected_period_metrics.csv,spent_development|2022|model_stage_v1__coarse__elastic_net_logistic__003,f1_frozen_threshold,0.5152224824355972,F1 at the frozen development threshold.,aligned available-label observations,source precision; recommended display 4 decimals for metrics,reports/protected_period_extension_v1/spent_report_v1_0_0.json,0d0716380e58345d9d80f70015b42f6fadd211a069dde0fed3eed4e439ccc86c,metric_rows[15],spent_development,design-exposed/spent development,secondary_design_exposed_spent_development,secondary spent-development; design-exposed; not independent validation
PROT-0205,tables/02_protected_period_metrics.csv,spent_development|2022|model_stage_v1__coarse__elastic_net_logistic__003,precision_frozen_threshold,0.47413793103448276,Precision at the frozen development threshold.,predicted positives,source precision; recommended display 4 decimals for metrics,reports/protected_period_extension_v1/spent_report_v1_0_0.json,0d0716380e58345d9d80f70015b42f6fadd211a069dde0fed3eed4e439ccc86c,metric_rows[15],spent_development,design-exposed/spent development,secondary_design_exposed_spent_development,secondary spent-development; design-exposed; not independent validation
PROT-0206,tables/02_protected_period_metrics.csv,spent_development|2022|model_stage_v1__coarse__elastic_net_logistic__003,recall_frozen_threshold,0.5641025641025641,Recall at the frozen development threshold.,positive labels,source precision; recommended display 4 decimals for metrics,reports/protected_period_extension_v1/spent_report_v1_0_0.json,0d0716380e58345d9d80f70015b42f6fadd211a069dde0fed3eed4e439ccc86c,metric_rows[15],spent_development,design-exposed/spent development,secondary_design_exposed_spent_development,secondary spent-development; design-exposed; not independent validation
PROT-0207,tables/02_protected_period_metrics.csv,spent_development|2022|model_stage_v1__coarse__elastic_net_logistic__003,average_precision_ci_lower,0.44376918877003363,Lower 2.5th percentile clustered-bootstrap AP bound.,economic_group_id clustered bootstrap,source precision; recommended display 4 decimals for metrics,reports/protected_period_extension_v1/spent_report_v1_0_0.json,0d0716380e58345d9d80f70015b42f6fadd211a069dde0fed3eed4e439ccc86c,metric_rows[15],spent_development,design-exposed/spent development,secondary_design_exposed_spent_development,secondary spent-development; design-exposed; not independent validation
PROT-0208,tables/02_protected_period_metrics.csv,spent_development|2022|model_stage_v1__coarse__elastic_net_logistic__003,average_precision_ci_upper,0.5487100550205068,Upper 97.5th percentile clustered-bootstrap AP bound.,economic_group_id clustered bootstrap,source precision; recommended display 4 decimals for metrics,reports/protected_period_extension_v1/spent_report_v1_0_0.json,0d0716380e58345d9d80f70015b42f6fadd211a069dde0fed3eed4e439ccc86c,metric_rows[15],spent_development,design-exposed/spent development,secondary_design_exposed_spent_development,secondary spent-development; design-exposed; not independent validation
PROT-0209,tables/02_protected_period_metrics.csv,spent_development|2022|model_stage_v1__coarse__elastic_net_logistic__003,roc_auc_ci_lower,0.712888275632557,Lower 2.5th percentile clustered-bootstrap ROC-AUC bound.,economic_group_id clustered bootstrap,source precision; recommended display 4 decimals for metrics,reports/protected_period_extension_v1/spent_report_v1_0_0.json,0d0716380e58345d9d80f70015b42f6fadd211a069dde0fed3eed4e439ccc86c,metric_rows[15],spent_development,design-exposed/spent development,secondary_design_exposed_spent_development,secondary spent-development; design-exposed; not independent validation
PROT-0210,tables/02_protected_period_metrics.csv,spent_development|2022|model_stage_v1__coarse__elastic_net_logistic__003,roc_auc_ci_upper,0.7734893923347679,Upper 97.5th percentile clustered-bootstrap ROC-AUC bound.,economic_group_id clustered bootstrap,source precision; recommended display 4 decimals for metrics,reports/protected_period_extension_v1/spent_report_v1_0_0.json,0d0716380e58345d9d80f70015b42f6fadd211a069dde0fed3eed4e439ccc86c,metric_rows[15],spent_development,design-exposed/spent development,secondary_design_exposed_spent_development,secondary spent-development; design-exposed; not independent validation
PROT-0211,tables/02_protected_period_metrics.csv,spent_development|2022|model_stage_v1__coarse__elastic_net_logistic__003,f1_ci_lower,0.47476958924518825,Lower 2.5th percentile clustered-bootstrap F1 bound.,economic_group_id clustered bootstrap,source precision; recommended display 4 decimals for metrics,reports/protected_period_extension_v1/spent_report_v1_0_0.json,0d0716380e58345d9d80f70015b42f6fadd211a069dde0fed3eed4e439ccc86c,metric_rows[15],spent_development,design-exposed/spent development,secondary_design_exposed_spent_development,secondary spent-development; design-exposed; not independent validation
PROT-0212,tables/02_protected_period_metrics.csv,spent_development|2022|model_stage_v1__coarse__elastic_net_logistic__003,f1_ci_upper,0.5568188409618223,Upper 97.5th percentile clustered-bootstrap F1 bound.,economic_group_id clustered bootstrap,source precision; recommended display 4 decimals for metrics,reports/protected_period_extension_v1/spent_report_v1_0_0.json,0d0716380e58345d9d80f70015b42f6fadd211a069dde0fed3eed4e439ccc86c,metric_rows[15],spent_development,design-exposed/spent development,secondary_design_exposed_spent_development,secondary spent-development; design-exposed; not independent validation
PROT-0213,tables/02_protected_period_metrics.csv,spent_development|2022|model_stage_v1__coarse__elastic_net_logistic__003,bootstrap_replicates,2000,Requested clustered-bootstrap replicates.,economic_group_id clusters,source precision; recommended display 4 decimals for metrics,reports/protected_period_extension_v1/spent_report_v1_0_0.json,0d0716380e58345d9d80f70015b42f6fadd211a069dde0fed3eed4e439ccc86c,metric_rows[15],spent_development,design-exposed/spent development,secondary_design_exposed_spent_development,secondary spent-development; design-exposed; not independent validation
PROT-0214,tables/02_protected_period_metrics.csv,spent_development|2022|model_stage_v1__coarse__elastic_net_logistic__003,bootstrap_valid_replicates,2000,Valid non-degenerate clustered-bootstrap replicates.,requested bootstrap replicates,source precision; recommended display 4 decimals for metrics,reports/protected_period_extension_v1/spent_report_v1_0_0.json,0d0716380e58345d9d80f70015b42f6fadd211a069dde0fed3eed4e439ccc86c,metric_rows[15],spent_development,design-exposed/spent development,secondary_design_exposed_spent_development,secondary spent-development; design-exposed; not independent validation
PROT-0215,tables/02_protected_period_metrics.csv,spent_development|2022|model_stage_v1__coarse__fixed_l2_logistic__002,year,2022,Feature/prediction year.,not applicable,source precision; recommended display 4 decimals for metrics,reports/protected_period_extension_v1/spent_report_v1_0_0.json,0d0716380e58345d9d80f70015b42f6fadd211a069dde0fed3eed4e439ccc86c,metric_rows[16],spent_development,design-exposed/spent development,secondary_design_exposed_spent_development,secondary spent-development; design-exposed; not independent validation
PROT-0216,tables/02_protected_period_metrics.csv,spent_development|2022|model_stage_v1__coarse__fixed_l2_logistic__002,n,1741,Number of evaluable company-year observations.,aligned available-label observations,source precision; recommended display 4 decimals for metrics,reports/protected_period_extension_v1/spent_report_v1_0_0.json,0d0716380e58345d9d80f70015b42f6fadd211a069dde0fed3eed4e439ccc86c,metric_rows[16],spent_development,design-exposed/spent development,secondary_design_exposed_spent_development,secondary spent-development; design-exposed; not independent validation
PROT-0217,tables/02_protected_period_metrics.csv,spent_development|2022|model_stage_v1__coarse__fixed_l2_logistic__002,positive_n,390,Number of positive target labels.,aligned available-label observations,source precision; recommended display 4 decimals for metrics,reports/protected_period_extension_v1/spent_report_v1_0_0.json,0d0716380e58345d9d80f70015b42f6fadd211a069dde0fed3eed4e439ccc86c,metric_rows[16],spent_development,design-exposed/spent development,secondary_design_exposed_spent_development,secondary spent-development; design-exposed; not independent validation
PROT-0218,tables/02_protected_period_metrics.csv,spent_development|2022|model_stage_v1__coarse__fixed_l2_logistic__002,average_precision,0.4925694615257741,"Average precision, historically labelled PR-AUC.",aligned available-label observations,source precision; recommended display 4 decimals for metrics,reports/protected_period_extension_v1/spent_report_v1_0_0.json,0d0716380e58345d9d80f70015b42f6fadd211a069dde0fed3eed4e439ccc86c,metric_rows[16],spent_development,design-exposed/spent development,secondary_design_exposed_spent_development,secondary spent-development; design-exposed; not independent validation
PROT-0219,tables/02_protected_period_metrics.csv,spent_development|2022|model_stage_v1__coarse__fixed_l2_logistic__002,roc_auc,0.7439446563798897,ROC-AUC.,aligned available-label observations,source precision; recommended display 4 decimals for metrics,reports/protected_period_extension_v1/spent_report_v1_0_0.json,0d0716380e58345d9d80f70015b42f6fadd211a069dde0fed3eed4e439ccc86c,metric_rows[16],spent_development,design-exposed/spent development,secondary_design_exposed_spent_development,secondary spent-development; design-exposed; not independent validation
PROT-0220,tables/02_protected_period_metrics.csv,spent_development|2022|model_stage_v1__coarse__fixed_l2_logistic__002,brier_score,0.15232873707880032,Mean squared probabilistic forecast error.,aligned available-label observations,source precision; recommended display 4 decimals for metrics,reports/protected_period_extension_v1/spent_report_v1_0_0.json,0d0716380e58345d9d80f70015b42f6fadd211a069dde0fed3eed4e439ccc86c,metric_rows[16],spent_development,design-exposed/spent development,secondary_design_exposed_spent_development,secondary spent-development; design-exposed; not independent validation
PROT-0221,tables/02_protected_period_metrics.csv,spent_development|2022|model_stage_v1__coarse__fixed_l2_logistic__002,f1_frozen_threshold,0.5284640171858217,F1 at the frozen development threshold.,aligned available-label observations,source precision; recommended display 4 decimals for metrics,reports/protected_period_extension_v1/spent_report_v1_0_0.json,0d0716380e58345d9d80f70015b42f6fadd211a069dde0fed3eed4e439ccc86c,metric_rows[16],spent_development,design-exposed/spent development,secondary_design_exposed_spent_development,secondary spent-development; design-exposed; not independent validation
PROT-0222,tables/02_protected_period_metrics.csv,spent_development|2022|model_stage_v1__coarse__fixed_l2_logistic__002,precision_frozen_threshold,0.45471349353049906,Precision at the frozen development threshold.,predicted positives,source precision; recommended display 4 decimals for metrics,reports/protected_period_extension_v1/spent_report_v1_0_0.json,0d0716380e58345d9d80f70015b42f6fadd211a069dde0fed3eed4e439ccc86c,metric_rows[16],spent_development,design-exposed/spent development,secondary_design_exposed_spent_development,secondary spent-development; design-exposed; not independent validation
PROT-0223,tables/02_protected_period_metrics.csv,spent_development|2022|model_stage_v1__coarse__fixed_l2_logistic__002,recall_frozen_threshold,0.6307692307692307,Recall at the frozen development threshold.,positive labels,source precision; recommended display 4 decimals for metrics,reports/protected_period_extension_v1/spent_report_v1_0_0.json,0d0716380e58345d9d80f70015b42f6fadd211a069dde0fed3eed4e439ccc86c,metric_rows[16],spent_development,design-exposed/spent development,secondary_design_exposed_spent_development,secondary spent-development; design-exposed; not independent validation
PROT-0224,tables/02_protected_period_metrics.csv,spent_development|2022|model_stage_v1__coarse__fixed_l2_logistic__002,average_precision_ci_lower,0.4405423786740966,Lower 2.5th percentile clustered-bootstrap AP bound.,economic_group_id clustered bootstrap,source precision; recommended display 4 decimals for metrics,reports/protected_period_extension_v1/spent_report_v1_0_0.json,0d0716380e58345d9d80f70015b42f6fadd211a069dde0fed3eed4e439ccc86c,metric_rows[16],spent_development,design-exposed/spent development,secondary_design_exposed_spent_development,secondary spent-development; design-exposed; not independent validation
PROT-0225,tables/02_protected_period_metrics.csv,spent_development|2022|model_stage_v1__coarse__fixed_l2_logistic__002,average_precision_ci_upper,0.5471089472697729,Upper 97.5th percentile clustered-bootstrap AP bound.,economic_group_id clustered bootstrap,source precision; recommended display 4 decimals for metrics,reports/protected_period_extension_v1/spent_report_v1_0_0.json,0d0716380e58345d9d80f70015b42f6fadd211a069dde0fed3eed4e439ccc86c,metric_rows[16],spent_development,design-exposed/spent development,secondary_design_exposed_spent_development,secondary spent-development; design-exposed; not independent validation
PROT-0226,tables/02_protected_period_metrics.csv,spent_development|2022|model_stage_v1__coarse__fixed_l2_logistic__002,roc_auc_ci_lower,0.7134708223622841,Lower 2.5th percentile clustered-bootstrap ROC-AUC bound.,economic_group_id clustered bootstrap,source precision; recommended display 4 decimals for metrics,reports/protected_period_extension_v1/spent_report_v1_0_0.json,0d0716380e58345d9d80f70015b42f6fadd211a069dde0fed3eed4e439ccc86c,metric_rows[16],spent_development,design-exposed/spent development,secondary_design_exposed_spent_development,secondary spent-development; design-exposed; not independent validation
PROT-0227,tables/02_protected_period_metrics.csv,spent_development|2022|model_stage_v1__coarse__fixed_l2_logistic__002,roc_auc_ci_upper,0.7727533662784587,Upper 97.5th percentile clustered-bootstrap ROC-AUC bound.,economic_group_id clustered bootstrap,source precision; recommended display 4 decimals for metrics,reports/protected_period_extension_v1/spent_report_v1_0_0.json,0d0716380e58345d9d80f70015b42f6fadd211a069dde0fed3eed4e439ccc86c,metric_rows[16],spent_development,design-exposed/spent development,secondary_design_exposed_spent_development,secondary spent-development; design-exposed; not independent validation
PROT-0228,tables/02_protected_period_metrics.csv,spent_development|2022|model_stage_v1__coarse__fixed_l2_logistic__002,f1_ci_lower,0.487857253253377,Lower 2.5th percentile clustered-bootstrap F1 bound.,economic_group_id clustered bootstrap,source precision; recommended display 4 decimals for metrics,reports/protected_period_extension_v1/spent_report_v1_0_0.json,0d0716380e58345d9d80f70015b42f6fadd211a069dde0fed3eed4e439ccc86c,metric_rows[16],spent_development,design-exposed/spent development,secondary_design_exposed_spent_development,secondary spent-development; design-exposed; not independent validation
PROT-0229,tables/02_protected_period_metrics.csv,spent_development|2022|model_stage_v1__coarse__fixed_l2_logistic__002,f1_ci_upper,0.564657689069478,Upper 97.5th percentile clustered-bootstrap F1 bound.,economic_group_id clustered bootstrap,source precision; recommended display 4 decimals for metrics,reports/protected_period_extension_v1/spent_report_v1_0_0.json,0d0716380e58345d9d80f70015b42f6fadd211a069dde0fed3eed4e439ccc86c,metric_rows[16],spent_development,design-exposed/spent development,secondary_design_exposed_spent_development,secondary spent-development; design-exposed; not independent validation
PROT-0230,tables/02_protected_period_metrics.csv,spent_development|2022|model_stage_v1__coarse__fixed_l2_logistic__002,bootstrap_replicates,2000,Requested clustered-bootstrap replicates.,economic_group_id clusters,source precision; recommended display 4 decimals for metrics,reports/protected_period_extension_v1/spent_report_v1_0_0.json,0d0716380e58345d9d80f70015b42f6fadd211a069dde0fed3eed4e439ccc86c,metric_rows[16],spent_development,design-exposed/spent development,secondary_design_exposed_spent_development,secondary spent-development; design-exposed; not independent validation
PROT-0231,tables/02_protected_period_metrics.csv,spent_development|2022|model_stage_v1__coarse__fixed_l2_logistic__002,bootstrap_valid_replicates,2000,Valid non-degenerate clustered-bootstrap replicates.,requested bootstrap replicates,source precision; recommended display 4 decimals for metrics,reports/protected_period_extension_v1/spent_report_v1_0_0.json,0d0716380e58345d9d80f70015b42f6fadd211a069dde0fed3eed4e439ccc86c,metric_rows[16],spent_development,design-exposed/spent development,secondary_design_exposed_spent_development,secondary spent-development; design-exposed; not independent validation
PROT-0232,tables/02_protected_period_metrics.csv,spent_development|2022|model_stage_v1__coarse__hist_gradient_boosting__007,year,2022,Feature/prediction year.,not applicable,source precision; recommended display 4 decimals for metrics,reports/protected_period_extension_v1/spent_report_v1_0_0.json,0d0716380e58345d9d80f70015b42f6fadd211a069dde0fed3eed4e439ccc86c,metric_rows[10],spent_development,design-exposed/spent development,secondary_design_exposed_spent_development,secondary spent-development; design-exposed; not independent validation
PROT-0233,tables/02_protected_period_metrics.csv,spent_development|2022|model_stage_v1__coarse__hist_gradient_boosting__007,n,1741,Number of evaluable company-year observations.,aligned available-label observations,source precision; recommended display 4 decimals for metrics,reports/protected_period_extension_v1/spent_report_v1_0_0.json,0d0716380e58345d9d80f70015b42f6fadd211a069dde0fed3eed4e439ccc86c,metric_rows[10],spent_development,design-exposed/spent development,secondary_design_exposed_spent_development,secondary spent-development; design-exposed; not independent validation
PROT-0234,tables/02_protected_period_metrics.csv,spent_development|2022|model_stage_v1__coarse__hist_gradient_boosting__007,positive_n,390,Number of positive target labels.,aligned available-label observations,source precision; recommended display 4 decimals for metrics,reports/protected_period_extension_v1/spent_report_v1_0_0.json,0d0716380e58345d9d80f70015b42f6fadd211a069dde0fed3eed4e439ccc86c,metric_rows[10],spent_development,design-exposed/spent development,secondary_design_exposed_spent_development,secondary spent-development; design-exposed; not independent validation
PROT-0235,tables/02_protected_period_metrics.csv,spent_development|2022|model_stage_v1__coarse__hist_gradient_boosting__007,average_precision,0.5030837645520455,"Average precision, historically labelled PR-AUC.",aligned available-label observations,source precision; recommended display 4 decimals for metrics,reports/protected_period_extension_v1/spent_report_v1_0_0.json,0d0716380e58345d9d80f70015b42f6fadd211a069dde0fed3eed4e439ccc86c,metric_rows[10],spent_development,design-exposed/spent development,secondary_design_exposed_spent_development,secondary spent-development; design-exposed; not independent validation
PROT-0236,tables/02_protected_period_metrics.csv,spent_development|2022|model_stage_v1__coarse__hist_gradient_boosting__007,roc_auc,0.785919262085065,ROC-AUC.,aligned available-label observations,source precision; recommended display 4 decimals for metrics,reports/protected_period_extension_v1/spent_report_v1_0_0.json,0d0716380e58345d9d80f70015b42f6fadd211a069dde0fed3eed4e439ccc86c,metric_rows[10],spent_development,design-exposed/spent development,secondary_design_exposed_spent_development,secondary spent-development; design-exposed; not independent validation
PROT-0237,tables/02_protected_period_metrics.csv,spent_development|2022|model_stage_v1__coarse__hist_gradient_boosting__007,brier_score,0.14765428796886387,Mean squared probabilistic forecast error.,aligned available-label observations,source precision; recommended display 4 decimals for metrics,reports/protected_period_extension_v1/spent_report_v1_0_0.json,0d0716380e58345d9d80f70015b42f6fadd211a069dde0fed3eed4e439ccc86c,metric_rows[10],spent_development,design-exposed/spent development,secondary_design_exposed_spent_development,secondary spent-development; design-exposed; not independent validation
PROT-0238,tables/02_protected_period_metrics.csv,spent_development|2022|model_stage_v1__coarse__hist_gradient_boosting__007,f1_frozen_threshold,0.55,F1 at the frozen development threshold.,aligned available-label observations,source precision; recommended display 4 decimals for metrics,reports/protected_period_extension_v1/spent_report_v1_0_0.json,0d0716380e58345d9d80f70015b42f6fadd211a069dde0fed3eed4e439ccc86c,metric_rows[10],spent_development,design-exposed/spent development,secondary_design_exposed_spent_development,secondary spent-development; design-exposed; not independent validation
PROT-0239,tables/02_protected_period_metrics.csv,spent_development|2022|model_stage_v1__coarse__hist_gradient_boosting__007,precision_frozen_threshold,0.47735849056603774,Precision at the frozen development threshold.,predicted positives,source precision; recommended display 4 decimals for metrics,reports/protected_period_extension_v1/spent_report_v1_0_0.json,0d0716380e58345d9d80f70015b42f6fadd211a069dde0fed3eed4e439ccc86c,metric_rows[10],spent_development,design-exposed/spent development,secondary_design_exposed_spent_development,secondary spent-development; design-exposed; not independent validation
PROT-0240,tables/02_protected_period_metrics.csv,spent_development|2022|model_stage_v1__coarse__hist_gradient_boosting__007,recall_frozen_threshold,0.6487179487179487,Recall at the frozen development threshold.,positive labels,source precision; recommended display 4 decimals for metrics,reports/protected_period_extension_v1/spent_report_v1_0_0.json,0d0716380e58345d9d80f70015b42f6fadd211a069dde0fed3eed4e439ccc86c,metric_rows[10],spent_development,design-exposed/spent development,secondary_design_exposed_spent_development,secondary spent-development; design-exposed; not independent validation
PROT-0241,tables/02_protected_period_metrics.csv,spent_development|2022|model_stage_v1__coarse__hist_gradient_boosting__007,average_precision_ci_lower,0.45482304481105673,Lower 2.5th percentile clustered-bootstrap AP bound.,economic_group_id clustered bootstrap,source precision; recommended display 4 decimals for metrics,reports/protected_period_extension_v1/spent_report_v1_0_0.json,0d0716380e58345d9d80f70015b42f6fadd211a069dde0fed3eed4e439ccc86c,metric_rows[10],spent_development,design-exposed/spent development,secondary_design_exposed_spent_development,secondary spent-development; design-exposed; not independent validation
PROT-0242,tables/02_protected_period_metrics.csv,spent_development|2022|model_stage_v1__coarse__hist_gradient_boosting__007,average_precision_ci_upper,0.5597240538900904,Upper 97.5th percentile clustered-bootstrap AP bound.,economic_group_id clustered bootstrap,source precision; recommended display 4 decimals for metrics,reports/protected_period_extension_v1/spent_report_v1_0_0.json,0d0716380e58345d9d80f70015b42f6fadd211a069dde0fed3eed4e439ccc86c,metric_rows[10],spent_development,design-exposed/spent development,secondary_design_exposed_spent_development,secondary spent-development; design-exposed; not independent validation
PROT-0243,tables/02_protected_period_metrics.csv,spent_development|2022|model_stage_v1__coarse__hist_gradient_boosting__007,roc_auc_ci_lower,0.7613932974975818,Lower 2.5th percentile clustered-bootstrap ROC-AUC bound.,economic_group_id clustered bootstrap,source precision; recommended display 4 decimals for metrics,reports/protected_period_extension_v1/spent_report_v1_0_0.json,0d0716380e58345d9d80f70015b42f6fadd211a069dde0fed3eed4e439ccc86c,metric_rows[10],spent_development,design-exposed/spent development,secondary_design_exposed_spent_development,secondary spent-development; design-exposed; not independent validation
PROT-0244,tables/02_protected_period_metrics.csv,spent_development|2022|model_stage_v1__coarse__hist_gradient_boosting__007,roc_auc_ci_upper,0.8110165028767212,Upper 97.5th percentile clustered-bootstrap ROC-AUC bound.,economic_group_id clustered bootstrap,source precision; recommended display 4 decimals for metrics,reports/protected_period_extension_v1/spent_report_v1_0_0.json,0d0716380e58345d9d80f70015b42f6fadd211a069dde0fed3eed4e439ccc86c,metric_rows[10],spent_development,design-exposed/spent development,secondary_design_exposed_spent_development,secondary spent-development; design-exposed; not independent validation
PROT-0245,tables/02_protected_period_metrics.csv,spent_development|2022|model_stage_v1__coarse__hist_gradient_boosting__007,f1_ci_lower,0.5109637152378763,Lower 2.5th percentile clustered-bootstrap F1 bound.,economic_group_id clustered bootstrap,source precision; recommended display 4 decimals for metrics,reports/protected_period_extension_v1/spent_report_v1_0_0.json,0d0716380e58345d9d80f70015b42f6fadd211a069dde0fed3eed4e439ccc86c,metric_rows[10],spent_development,design-exposed/spent development,secondary_design_exposed_spent_development,secondary spent-development; design-exposed; not independent validation
PROT-0246,tables/02_protected_period_metrics.csv,spent_development|2022|model_stage_v1__coarse__hist_gradient_boosting__007,f1_ci_upper,0.5874597772277228,Upper 97.5th percentile clustered-bootstrap F1 bound.,economic_group_id clustered bootstrap,source precision; recommended display 4 decimals for metrics,reports/protected_period_extension_v1/spent_report_v1_0_0.json,0d0716380e58345d9d80f70015b42f6fadd211a069dde0fed3eed4e439ccc86c,metric_rows[10],spent_development,design-exposed/spent development,secondary_design_exposed_spent_development,secondary spent-development; design-exposed; not independent validation
PROT-0247,tables/02_protected_period_metrics.csv,spent_development|2022|model_stage_v1__coarse__hist_gradient_boosting__007,bootstrap_replicates,2000,Requested clustered-bootstrap replicates.,economic_group_id clusters,source precision; recommended display 4 decimals for metrics,reports/protected_period_extension_v1/spent_report_v1_0_0.json,0d0716380e58345d9d80f70015b42f6fadd211a069dde0fed3eed4e439ccc86c,metric_rows[10],spent_development,design-exposed/spent development,secondary_design_exposed_spent_development,secondary spent-development; design-exposed; not independent validation
PROT-0248,tables/02_protected_period_metrics.csv,spent_development|2022|model_stage_v1__coarse__hist_gradient_boosting__007,bootstrap_valid_replicates,2000,Valid non-degenerate clustered-bootstrap replicates.,requested bootstrap replicates,source precision; recommended display 4 decimals for metrics,reports/protected_period_extension_v1/spent_report_v1_0_0.json,0d0716380e58345d9d80f70015b42f6fadd211a069dde0fed3eed4e439ccc86c,metric_rows[10],spent_development,design-exposed/spent development,secondary_design_exposed_spent_development,secondary spent-development; design-exposed; not independent validation
PROT-0249,tables/02_protected_period_metrics.csv,spent_development|2022|model_stage_v1__coarse__pytorch_mlp__epochs_200__003,year,2022,Feature/prediction year.,not applicable,source precision; recommended display 4 decimals for metrics,reports/protected_period_extension_v1/spent_report_v1_0_0.json,0d0716380e58345d9d80f70015b42f6fadd211a069dde0fed3eed4e439ccc86c,metric_rows[12],spent_development,design-exposed/spent development,secondary_design_exposed_spent_development,secondary spent-development; design-exposed; not independent validation
PROT-0250,tables/02_protected_period_metrics.csv,spent_development|2022|model_stage_v1__coarse__pytorch_mlp__epochs_200__003,n,1741,Number of evaluable company-year observations.,aligned available-label observations,source precision; recommended display 4 decimals for metrics,reports/protected_period_extension_v1/spent_report_v1_0_0.json,0d0716380e58345d9d80f70015b42f6fadd211a069dde0fed3eed4e439ccc86c,metric_rows[12],spent_development,design-exposed/spent development,secondary_design_exposed_spent_development,secondary spent-development; design-exposed; not independent validation
PROT-0251,tables/02_protected_period_metrics.csv,spent_development|2022|model_stage_v1__coarse__pytorch_mlp__epochs_200__003,positive_n,390,Number of positive target labels.,aligned available-label observations,source precision; recommended display 4 decimals for metrics,reports/protected_period_extension_v1/spent_report_v1_0_0.json,0d0716380e58345d9d80f70015b42f6fadd211a069dde0fed3eed4e439ccc86c,metric_rows[12],spent_development,design-exposed/spent development,secondary_design_exposed_spent_development,secondary spent-development; design-exposed; not independent validation
PROT-0252,tables/02_protected_period_metrics.csv,spent_development|2022|model_stage_v1__coarse__pytorch_mlp__epochs_200__003,average_precision,0.49432331638986415,"Average precision, historically labelled PR-AUC.",aligned available-label observations,source precision; recommended display 4 decimals for metrics,reports/protected_period_extension_v1/spent_report_v1_0_0.json,0d0716380e58345d9d80f70015b42f6fadd211a069dde0fed3eed4e439ccc86c,metric_rows[12],spent_development,design-exposed/spent development,secondary_design_exposed_spent_development,secondary spent-development; design-exposed; not independent validation
PROT-0253,tables/02_protected_period_metrics.csv,spent_development|2022|model_stage_v1__coarse__pytorch_mlp__epochs_200__003,roc_auc,0.7584486325418969,ROC-AUC.,aligned available-label observations,source precision; recommended display 4 decimals for metrics,reports/protected_period_extension_v1/spent_report_v1_0_0.json,0d0716380e58345d9d80f70015b42f6fadd211a069dde0fed3eed4e439ccc86c,metric_rows[12],spent_development,design-exposed/spent development,secondary_design_exposed_spent_development,secondary spent-development; design-exposed; not independent validation
PROT-0254,tables/02_protected_period_metrics.csv,spent_development|2022|model_stage_v1__coarse__pytorch_mlp__epochs_200__003,brier_score,0.15101537603644036,Mean squared probabilistic forecast error.,aligned available-label observations,source precision; recommended display 4 decimals for metrics,reports/protected_period_extension_v1/spent_report_v1_0_0.json,0d0716380e58345d9d80f70015b42f6fadd211a069dde0fed3eed4e439ccc86c,metric_rows[12],spent_development,design-exposed/spent development,secondary_design_exposed_spent_development,secondary spent-development; design-exposed; not independent validation
PROT-0255,tables/02_protected_period_metrics.csv,spent_development|2022|model_stage_v1__coarse__pytorch_mlp__epochs_200__003,f1_frozen_threshold,0.5025252525252525,F1 at the frozen development threshold.,aligned available-label observations,source precision; recommended display 4 decimals for metrics,reports/protected_period_extension_v1/spent_report_v1_0_0.json,0d0716380e58345d9d80f70015b42f6fadd211a069dde0fed3eed4e439ccc86c,metric_rows[12],spent_development,design-exposed/spent development,secondary_design_exposed_spent_development,secondary spent-development; design-exposed; not independent validation
PROT-0256,tables/02_protected_period_metrics.csv,spent_development|2022|model_stage_v1__coarse__pytorch_mlp__epochs_200__003,precision_frozen_threshold,0.49502487562189057,Precision at the frozen development threshold.,predicted positives,source precision; recommended display 4 decimals for metrics,reports/protected_period_extension_v1/spent_report_v1_0_0.json,0d0716380e58345d9d80f70015b42f6fadd211a069dde0fed3eed4e439ccc86c,metric_rows[12],spent_development,design-exposed/spent development,secondary_design_exposed_spent_development,secondary spent-development; design-exposed; not independent validation
PROT-0257,tables/02_protected_period_metrics.csv,spent_development|2022|model_stage_v1__coarse__pytorch_mlp__epochs_200__003,recall_frozen_threshold,0.5102564102564102,Recall at the frozen development threshold.,positive labels,source precision; recommended display 4 decimals for metrics,reports/protected_period_extension_v1/spent_report_v1_0_0.json,0d0716380e58345d9d80f70015b42f6fadd211a069dde0fed3eed4e439ccc86c,metric_rows[12],spent_development,design-exposed/spent development,secondary_design_exposed_spent_development,secondary spent-development; design-exposed; not independent validation
PROT-0258,tables/02_protected_period_metrics.csv,spent_development|2022|model_stage_v1__coarse__pytorch_mlp__epochs_200__003,average_precision_ci_lower,0.44339387329191604,Lower 2.5th percentile clustered-bootstrap AP bound.,economic_group_id clustered bootstrap,source precision; recommended display 4 decimals for metrics,reports/protected_period_extension_v1/spent_report_v1_0_0.json,0d0716380e58345d9d80f70015b42f6fadd211a069dde0fed3eed4e439ccc86c,metric_rows[12],spent_development,design-exposed/spent development,secondary_design_exposed_spent_development,secondary spent-development; design-exposed; not independent validation
PROT-0259,tables/02_protected_period_metrics.csv,spent_development|2022|model_stage_v1__coarse__pytorch_mlp__epochs_200__003,average_precision_ci_upper,0.5522789679313949,Upper 97.5th percentile clustered-bootstrap AP bound.,economic_group_id clustered bootstrap,source precision; recommended display 4 decimals for metrics,reports/protected_period_extension_v1/spent_report_v1_0_0.json,0d0716380e58345d9d80f70015b42f6fadd211a069dde0fed3eed4e439ccc86c,metric_rows[12],spent_development,design-exposed/spent development,secondary_design_exposed_spent_development,secondary spent-development; design-exposed; not independent validation
PROT-0260,tables/02_protected_period_metrics.csv,spent_development|2022|model_stage_v1__coarse__pytorch_mlp__epochs_200__003,roc_auc_ci_lower,0.7296584300362556,Lower 2.5th percentile clustered-bootstrap ROC-AUC bound.,economic_group_id clustered bootstrap,source precision; recommended display 4 decimals for metrics,reports/protected_period_extension_v1/spent_report_v1_0_0.json,0d0716380e58345d9d80f70015b42f6fadd211a069dde0fed3eed4e439ccc86c,metric_rows[12],spent_development,design-exposed/spent development,secondary_design_exposed_spent_development,secondary spent-development; design-exposed; not independent validation
PROT-0261,tables/02_protected_period_metrics.csv,spent_development|2022|model_stage_v1__coarse__pytorch_mlp__epochs_200__003,roc_auc_ci_upper,0.7869007360023141,Upper 97.5th percentile clustered-bootstrap ROC-AUC bound.,economic_group_id clustered bootstrap,source precision; recommended display 4 decimals for metrics,reports/protected_period_extension_v1/spent_report_v1_0_0.json,0d0716380e58345d9d80f70015b42f6fadd211a069dde0fed3eed4e439ccc86c,metric_rows[12],spent_development,design-exposed/spent development,secondary_design_exposed_spent_development,secondary spent-development; design-exposed; not independent validation
PROT-0262,tables/02_protected_period_metrics.csv,spent_development|2022|model_stage_v1__coarse__pytorch_mlp__epochs_200__003,f1_ci_lower,0.4607545012400554,Lower 2.5th percentile clustered-bootstrap F1 bound.,economic_group_id clustered bootstrap,source precision; recommended display 4 decimals for metrics,reports/protected_period_extension_v1/spent_report_v1_0_0.json,0d0716380e58345d9d80f70015b42f6fadd211a069dde0fed3eed4e439ccc86c,metric_rows[12],spent_development,design-exposed/spent development,secondary_design_exposed_spent_development,secondary spent-development; design-exposed; not independent validation
PROT-0263,tables/02_protected_period_metrics.csv,spent_development|2022|model_stage_v1__coarse__pytorch_mlp__epochs_200__003,f1_ci_upper,0.5479156822906823,Upper 97.5th percentile clustered-bootstrap F1 bound.,economic_group_id clustered bootstrap,source precision; recommended display 4 decimals for metrics,reports/protected_period_extension_v1/spent_report_v1_0_0.json,0d0716380e58345d9d80f70015b42f6fadd211a069dde0fed3eed4e439ccc86c,metric_rows[12],spent_development,design-exposed/spent development,secondary_design_exposed_spent_development,secondary spent-development; design-exposed; not independent validation
PROT-0264,tables/02_protected_period_metrics.csv,spent_development|2022|model_stage_v1__coarse__pytorch_mlp__epochs_200__003,bootstrap_replicates,2000,Requested clustered-bootstrap replicates.,economic_group_id clusters,source precision; recommended display 4 decimals for metrics,reports/protected_period_extension_v1/spent_report_v1_0_0.json,0d0716380e58345d9d80f70015b42f6fadd211a069dde0fed3eed4e439ccc86c,metric_rows[12],spent_development,design-exposed/spent development,secondary_design_exposed_spent_development,secondary spent-development; design-exposed; not independent validation
PROT-0265,tables/02_protected_period_metrics.csv,spent_development|2022|model_stage_v1__coarse__pytorch_mlp__epochs_200__003,bootstrap_valid_replicates,2000,Valid non-degenerate clustered-bootstrap replicates.,requested bootstrap replicates,source precision; recommended display 4 decimals for metrics,reports/protected_period_extension_v1/spent_report_v1_0_0.json,0d0716380e58345d9d80f70015b42f6fadd211a069dde0fed3eed4e439ccc86c,metric_rows[12],spent_development,design-exposed/spent development,secondary_design_exposed_spent_development,secondary spent-development; design-exposed; not independent validation
PROT-0266,tables/02_protected_period_metrics.csv,spent_development|2022|model_stage_v1__coarse__random_forest__003,year,2022,Feature/prediction year.,not applicable,source precision; recommended display 4 decimals for metrics,reports/protected_period_extension_v1/spent_report_v1_0_0.json,0d0716380e58345d9d80f70015b42f6fadd211a069dde0fed3eed4e439ccc86c,metric_rows[11],spent_development,design-exposed/spent development,secondary_design_exposed_spent_development,secondary spent-development; design-exposed; not independent validation
PROT-0267,tables/02_protected_period_metrics.csv,spent_development|2022|model_stage_v1__coarse__random_forest__003,n,1741,Number of evaluable company-year observations.,aligned available-label observations,source precision; recommended display 4 decimals for metrics,reports/protected_period_extension_v1/spent_report_v1_0_0.json,0d0716380e58345d9d80f70015b42f6fadd211a069dde0fed3eed4e439ccc86c,metric_rows[11],spent_development,design-exposed/spent development,secondary_design_exposed_spent_development,secondary spent-development; design-exposed; not independent validation
PROT-0268,tables/02_protected_period_metrics.csv,spent_development|2022|model_stage_v1__coarse__random_forest__003,positive_n,390,Number of positive target labels.,aligned available-label observations,source precision; recommended display 4 decimals for metrics,reports/protected_period_extension_v1/spent_report_v1_0_0.json,0d0716380e58345d9d80f70015b42f6fadd211a069dde0fed3eed4e439ccc86c,metric_rows[11],spent_development,design-exposed/spent development,secondary_design_exposed_spent_development,secondary spent-development; design-exposed; not independent validation
PROT-0269,tables/02_protected_period_metrics.csv,spent_development|2022|model_stage_v1__coarse__random_forest__003,average_precision,0.5021303047960756,"Average precision, historically labelled PR-AUC.",aligned available-label observations,source precision; recommended display 4 decimals for metrics,reports/protected_period_extension_v1/spent_report_v1_0_0.json,0d0716380e58345d9d80f70015b42f6fadd211a069dde0fed3eed4e439ccc86c,metric_rows[11],spent_development,design-exposed/spent development,secondary_design_exposed_spent_development,secondary spent-development; design-exposed; not independent validation
PROT-0270,tables/02_protected_period_metrics.csv,spent_development|2022|model_stage_v1__coarse__random_forest__003,roc_auc,0.7835392586687925,ROC-AUC.,aligned available-label observations,source precision; recommended display 4 decimals for metrics,reports/protected_period_extension_v1/spent_report_v1_0_0.json,0d0716380e58345d9d80f70015b42f6fadd211a069dde0fed3eed4e439ccc86c,metric_rows[11],spent_development,design-exposed/spent development,secondary_design_exposed_spent_development,secondary spent-development; design-exposed; not independent validation
PROT-0271,tables/02_protected_period_metrics.csv,spent_development|2022|model_stage_v1__coarse__random_forest__003,brier_score,0.14763654067877122,Mean squared probabilistic forecast error.,aligned available-label observations,source precision; recommended display 4 decimals for metrics,reports/protected_period_extension_v1/spent_report_v1_0_0.json,0d0716380e58345d9d80f70015b42f6fadd211a069dde0fed3eed4e439ccc86c,metric_rows[11],spent_development,design-exposed/spent development,secondary_design_exposed_spent_development,secondary spent-development; design-exposed; not independent validation
PROT-0272,tables/02_protected_period_metrics.csv,spent_development|2022|model_stage_v1__coarse__random_forest__003,f1_frozen_threshold,0.5361875637104995,F1 at the frozen development threshold.,aligned available-label observations,source precision; recommended display 4 decimals for metrics,reports/protected_period_extension_v1/spent_report_v1_0_0.json,0d0716380e58345d9d80f70015b42f6fadd211a069dde0fed3eed4e439ccc86c,metric_rows[11],spent_development,design-exposed/spent development,secondary_design_exposed_spent_development,secondary spent-development; design-exposed; not independent validation
PROT-0273,tables/02_protected_period_metrics.csv,spent_development|2022|model_stage_v1__coarse__random_forest__003,precision_frozen_threshold,0.4450084602368866,Precision at the frozen development threshold.,predicted positives,source precision; recommended display 4 decimals for metrics,reports/protected_period_extension_v1/spent_report_v1_0_0.json,0d0716380e58345d9d80f70015b42f6fadd211a069dde0fed3eed4e439ccc86c,metric_rows[11],spent_development,design-exposed/spent development,secondary_design_exposed_spent_development,secondary spent-development; design-exposed; not independent validation
PROT-0274,tables/02_protected_period_metrics.csv,spent_development|2022|model_stage_v1__coarse__random_forest__003,recall_frozen_threshold,0.6743589743589744,Recall at the frozen development threshold.,positive labels,source precision; recommended display 4 decimals for metrics,reports/protected_period_extension_v1/spent_report_v1_0_0.json,0d0716380e58345d9d80f70015b42f6fadd211a069dde0fed3eed4e439ccc86c,metric_rows[11],spent_development,design-exposed/spent development,secondary_design_exposed_spent_development,secondary spent-development; design-exposed; not independent validation
PROT-0275,tables/02_protected_period_metrics.csv,spent_development|2022|model_stage_v1__coarse__random_forest__003,average_precision_ci_lower,0.4530611116807167,Lower 2.5th percentile clustered-bootstrap AP bound.,economic_group_id clustered bootstrap,source precision; recommended display 4 decimals for metrics,reports/protected_period_extension_v1/spent_report_v1_0_0.json,0d0716380e58345d9d80f70015b42f6fadd211a069dde0fed3eed4e439ccc86c,metric_rows[11],spent_development,design-exposed/spent development,secondary_design_exposed_spent_development,secondary spent-development; design-exposed; not independent validation
PROT-0276,tables/02_protected_period_metrics.csv,spent_development|2022|model_stage_v1__coarse__random_forest__003,average_precision_ci_upper,0.557797552271554,Upper 97.5th percentile clustered-bootstrap AP bound.,economic_group_id clustered bootstrap,source precision; recommended display 4 decimals for metrics,reports/protected_period_extension_v1/spent_report_v1_0_0.json,0d0716380e58345d9d80f70015b42f6fadd211a069dde0fed3eed4e439ccc86c,metric_rows[11],spent_development,design-exposed/spent development,secondary_design_exposed_spent_development,secondary spent-development; design-exposed; not independent validation
PROT-0277,tables/02_protected_period_metrics.csv,spent_development|2022|model_stage_v1__coarse__random_forest__003,roc_auc_ci_lower,0.759655178747854,Lower 2.5th percentile clustered-bootstrap ROC-AUC bound.,economic_group_id clustered bootstrap,source precision; recommended display 4 decimals for metrics,reports/protected_period_extension_v1/spent_report_v1_0_0.json,0d0716380e58345d9d80f70015b42f6fadd211a069dde0fed3eed4e439ccc86c,metric_rows[11],spent_development,design-exposed/spent development,secondary_design_exposed_spent_development,secondary spent-development; design-exposed; not independent validation
PROT-0278,tables/02_protected_period_metrics.csv,spent_development|2022|model_stage_v1__coarse__random_forest__003,roc_auc_ci_upper,0.8070139018660925,Upper 97.5th percentile clustered-bootstrap ROC-AUC bound.,economic_group_id clustered bootstrap,source precision; recommended display 4 decimals for metrics,reports/protected_period_extension_v1/spent_report_v1_0_0.json,0d0716380e58345d9d80f70015b42f6fadd211a069dde0fed3eed4e439ccc86c,metric_rows[11],spent_development,design-exposed/spent development,secondary_design_exposed_spent_development,secondary spent-development; design-exposed; not independent validation
PROT-0279,tables/02_protected_period_metrics.csv,spent_development|2022|model_stage_v1__coarse__random_forest__003,f1_ci_lower,0.49776775096187476,Lower 2.5th percentile clustered-bootstrap F1 bound.,economic_group_id clustered bootstrap,source precision; recommended display 4 decimals for metrics,reports/protected_period_extension_v1/spent_report_v1_0_0.json,0d0716380e58345d9d80f70015b42f6fadd211a069dde0fed3eed4e439ccc86c,metric_rows[11],spent_development,design-exposed/spent development,secondary_design_exposed_spent_development,secondary spent-development; design-exposed; not independent validation
PROT-0280,tables/02_protected_period_metrics.csv,spent_development|2022|model_stage_v1__coarse__random_forest__003,f1_ci_upper,0.5725350190303862,Upper 97.5th percentile clustered-bootstrap F1 bound.,economic_group_id clustered bootstrap,source precision; recommended display 4 decimals for metrics,reports/protected_period_extension_v1/spent_report_v1_0_0.json,0d0716380e58345d9d80f70015b42f6fadd211a069dde0fed3eed4e439ccc86c,metric_rows[11],spent_development,design-exposed/spent development,secondary_design_exposed_spent_development,secondary spent-development; design-exposed; not independent validation
PROT-0281,tables/02_protected_period_metrics.csv,spent_development|2022|model_stage_v1__coarse__random_forest__003,bootstrap_replicates,2000,Requested clustered-bootstrap replicates.,economic_group_id clusters,source precision; recommended display 4 decimals for metrics,reports/protected_period_extension_v1/spent_report_v1_0_0.json,0d0716380e58345d9d80f70015b42f6fadd211a069dde0fed3eed4e439ccc86c,metric_rows[11],spent_development,design-exposed/spent development,secondary_design_exposed_spent_development,secondary spent-development; design-exposed; not independent validation
PROT-0282,tables/02_protected_period_metrics.csv,spent_development|2022|model_stage_v1__coarse__random_forest__003,bootstrap_valid_replicates,2000,Valid non-degenerate clustered-bootstrap replicates.,requested bootstrap replicates,source precision; recommended display 4 decimals for metrics,reports/protected_period_extension_v1/spent_report_v1_0_0.json,0d0716380e58345d9d80f70015b42f6fadd211a069dde0fed3eed4e439ccc86c,metric_rows[11],spent_development,design-exposed/spent development,secondary_design_exposed_spent_development,secondary spent-development; design-exposed; not independent validation
PROT-0283,tables/02_protected_period_metrics.csv,spent_development|2022|model_stage_v1__coarse__rbf_svm__004,year,2022,Feature/prediction year.,not applicable,source precision; recommended display 4 decimals for metrics,reports/protected_period_extension_v1/spent_report_v1_0_0.json,0d0716380e58345d9d80f70015b42f6fadd211a069dde0fed3eed4e439ccc86c,metric_rows[13],spent_development,design-exposed/spent development,secondary_design_exposed_spent_development,secondary spent-development; design-exposed; not independent validation
PROT-0284,tables/02_protected_period_metrics.csv,spent_development|2022|model_stage_v1__coarse__rbf_svm__004,n,1741,Number of evaluable company-year observations.,aligned available-label observations,source precision; recommended display 4 decimals for metrics,reports/protected_period_extension_v1/spent_report_v1_0_0.json,0d0716380e58345d9d80f70015b42f6fadd211a069dde0fed3eed4e439ccc86c,metric_rows[13],spent_development,design-exposed/spent development,secondary_design_exposed_spent_development,secondary spent-development; design-exposed; not independent validation
PROT-0285,tables/02_protected_period_metrics.csv,spent_development|2022|model_stage_v1__coarse__rbf_svm__004,positive_n,390,Number of positive target labels.,aligned available-label observations,source precision; recommended display 4 decimals for metrics,reports/protected_period_extension_v1/spent_report_v1_0_0.json,0d0716380e58345d9d80f70015b42f6fadd211a069dde0fed3eed4e439ccc86c,metric_rows[13],spent_development,design-exposed/spent development,secondary_design_exposed_spent_development,secondary spent-development; design-exposed; not independent validation
PROT-0286,tables/02_protected_period_metrics.csv,spent_development|2022|model_stage_v1__coarse__rbf_svm__004,average_precision,0.4763764908644249,"Average precision, historically labelled PR-AUC.",aligned available-label observations,source precision; recommended display 4 decimals for metrics,reports/protected_period_extension_v1/spent_report_v1_0_0.json,0d0716380e58345d9d80f70015b42f6fadd211a069dde0fed3eed4e439ccc86c,metric_rows[13],spent_development,design-exposed/spent development,secondary_design_exposed_spent_development,secondary spent-development; design-exposed; not independent validation
PROT-0287,tables/02_protected_period_metrics.csv,spent_development|2022|model_stage_v1__coarse__rbf_svm__004,roc_auc,0.7557668583575319,ROC-AUC.,aligned available-label observations,source precision; recommended display 4 decimals for metrics,reports/protected_period_extension_v1/spent_report_v1_0_0.json,0d0716380e58345d9d80f70015b42f6fadd211a069dde0fed3eed4e439ccc86c,metric_rows[13],spent_development,design-exposed/spent development,secondary_design_exposed_spent_development,secondary spent-development; design-exposed; not independent validation
PROT-0288,tables/02_protected_period_metrics.csv,spent_development|2022|model_stage_v1__coarse__rbf_svm__004,brier_score,0.15772735852271244,Mean squared probabilistic forecast error.,aligned available-label observations,source precision; recommended display 4 decimals for metrics,reports/protected_period_extension_v1/spent_report_v1_0_0.json,0d0716380e58345d9d80f70015b42f6fadd211a069dde0fed3eed4e439ccc86c,metric_rows[13],spent_development,design-exposed/spent development,secondary_design_exposed_spent_development,secondary spent-development; design-exposed; not independent validation
PROT-0289,tables/02_protected_period_metrics.csv,spent_development|2022|model_stage_v1__coarse__rbf_svm__004,f1_frozen_threshold,0.531390134529148,F1 at the frozen development threshold.,aligned available-label observations,source precision; recommended display 4 decimals for metrics,reports/protected_period_extension_v1/spent_report_v1_0_0.json,0d0716380e58345d9d80f70015b42f6fadd211a069dde0fed3eed4e439ccc86c,metric_rows[13],spent_development,design-exposed/spent development,secondary_design_exposed_spent_development,secondary spent-development; design-exposed; not independent validation
PROT-0290,tables/02_protected_period_metrics.csv,spent_development|2022|model_stage_v1__coarse__rbf_svm__004,precision_frozen_threshold,0.4721115537848606,Precision at the frozen development threshold.,predicted positives,source precision; recommended display 4 decimals for metrics,reports/protected_period_extension_v1/spent_report_v1_0_0.json,0d0716380e58345d9d80f70015b42f6fadd211a069dde0fed3eed4e439ccc86c,metric_rows[13],spent_development,design-exposed/spent development,secondary_design_exposed_spent_development,secondary spent-development; design-exposed; not independent validation
PROT-0291,tables/02_protected_period_metrics.csv,spent_development|2022|model_stage_v1__coarse__rbf_svm__004,recall_frozen_threshold,0.6076923076923076,Recall at the frozen development threshold.,positive labels,source precision; recommended display 4 decimals for metrics,reports/protected_period_extension_v1/spent_report_v1_0_0.json,0d0716380e58345d9d80f70015b42f6fadd211a069dde0fed3eed4e439ccc86c,metric_rows[13],spent_development,design-exposed/spent development,secondary_design_exposed_spent_development,secondary spent-development; design-exposed; not independent validation
PROT-0292,tables/02_protected_period_metrics.csv,spent_development|2022|model_stage_v1__coarse__rbf_svm__004,average_precision_ci_lower,0.42522135567206826,Lower 2.5th percentile clustered-bootstrap AP bound.,economic_group_id clustered bootstrap,source precision; recommended display 4 decimals for metrics,reports/protected_period_extension_v1/spent_report_v1_0_0.json,0d0716380e58345d9d80f70015b42f6fadd211a069dde0fed3eed4e439ccc86c,metric_rows[13],spent_development,design-exposed/spent development,secondary_design_exposed_spent_development,secondary spent-development; design-exposed; not independent validation
PROT-0293,tables/02_protected_period_metrics.csv,spent_development|2022|model_stage_v1__coarse__rbf_svm__004,average_precision_ci_upper,0.5317408125004718,Upper 97.5th percentile clustered-bootstrap AP bound.,economic_group_id clustered bootstrap,source precision; recommended display 4 decimals for metrics,reports/protected_period_extension_v1/spent_report_v1_0_0.json,0d0716380e58345d9d80f70015b42f6fadd211a069dde0fed3eed4e439ccc86c,metric_rows[13],spent_development,design-exposed/spent development,secondary_design_exposed_spent_development,secondary spent-development; design-exposed; not independent validation
PROT-0294,tables/02_protected_period_metrics.csv,spent_development|2022|model_stage_v1__coarse__rbf_svm__004,roc_auc_ci_lower,0.7261441055684809,Lower 2.5th percentile clustered-bootstrap ROC-AUC bound.,economic_group_id clustered bootstrap,source precision; recommended display 4 decimals for metrics,reports/protected_period_extension_v1/spent_report_v1_0_0.json,0d0716380e58345d9d80f70015b42f6fadd211a069dde0fed3eed4e439ccc86c,metric_rows[13],spent_development,design-exposed/spent development,secondary_design_exposed_spent_development,secondary spent-development; design-exposed; not independent validation
PROT-0295,tables/02_protected_period_metrics.csv,spent_development|2022|model_stage_v1__coarse__rbf_svm__004,roc_auc_ci_upper,0.7841551004494443,Upper 97.5th percentile clustered-bootstrap ROC-AUC bound.,economic_group_id clustered bootstrap,source precision; recommended display 4 decimals for metrics,reports/protected_period_extension_v1/spent_report_v1_0_0.json,0d0716380e58345d9d80f70015b42f6fadd211a069dde0fed3eed4e439ccc86c,metric_rows[13],spent_development,design-exposed/spent development,secondary_design_exposed_spent_development,secondary spent-development; design-exposed; not independent validation
PROT-0296,tables/02_protected_period_metrics.csv,spent_development|2022|model_stage_v1__coarse__rbf_svm__004,f1_ci_lower,0.4875283446712018,Lower 2.5th percentile clustered-bootstrap F1 bound.,economic_group_id clustered bootstrap,source precision; recommended display 4 decimals for metrics,reports/protected_period_extension_v1/spent_report_v1_0_0.json,0d0716380e58345d9d80f70015b42f6fadd211a069dde0fed3eed4e439ccc86c,metric_rows[13],spent_development,design-exposed/spent development,secondary_design_exposed_spent_development,secondary spent-development; design-exposed; not independent validation
PROT-0297,tables/02_protected_period_metrics.csv,spent_development|2022|model_stage_v1__coarse__rbf_svm__004,f1_ci_upper,0.5678766882160916,Upper 97.5th percentile clustered-bootstrap F1 bound.,economic_group_id clustered bootstrap,source precision; recommended display 4 decimals for metrics,reports/protected_period_extension_v1/spent_report_v1_0_0.json,0d0716380e58345d9d80f70015b42f6fadd211a069dde0fed3eed4e439ccc86c,metric_rows[13],spent_development,design-exposed/spent development,secondary_design_exposed_spent_development,secondary spent-development; design-exposed; not independent validation
PROT-0298,tables/02_protected_period_metrics.csv,spent_development|2022|model_stage_v1__coarse__rbf_svm__004,bootstrap_replicates,2000,Requested clustered-bootstrap replicates.,economic_group_id clusters,source precision; recommended display 4 decimals for metrics,reports/protected_period_extension_v1/spent_report_v1_0_0.json,0d0716380e58345d9d80f70015b42f6fadd211a069dde0fed3eed4e439ccc86c,metric_rows[13],spent_development,design-exposed/spent development,secondary_design_exposed_spent_development,secondary spent-development; design-exposed; not independent validation
PROT-0299,tables/02_protected_period_metrics.csv,spent_development|2022|model_stage_v1__coarse__rbf_svm__004,bootstrap_valid_replicates,2000,Valid non-degenerate clustered-bootstrap replicates.,requested bootstrap replicates,source precision; recommended display 4 decimals for metrics,reports/protected_period_extension_v1/spent_report_v1_0_0.json,0d0716380e58345d9d80f70015b42f6fadd211a069dde0fed3eed4e439ccc86c,metric_rows[13],spent_development,design-exposed/spent development,secondary_design_exposed_spent_development,secondary spent-development; design-exposed; not independent validation
PROT-0300,tables/02_protected_period_metrics.csv,spent_development|2022|model_stage_v1__coarse__xgboost__004,year,2022,Feature/prediction year.,not applicable,source precision; recommended display 4 decimals for metrics,reports/protected_period_extension_v1/spent_report_v1_0_0.json,0d0716380e58345d9d80f70015b42f6fadd211a069dde0fed3eed4e439ccc86c,metric_rows[9],spent_development,design-exposed/spent development,secondary_design_exposed_spent_development,secondary spent-development; design-exposed; not independent validation
PROT-0301,tables/02_protected_period_metrics.csv,spent_development|2022|model_stage_v1__coarse__xgboost__004,n,1741,Number of evaluable company-year observations.,aligned available-label observations,source precision; recommended display 4 decimals for metrics,reports/protected_period_extension_v1/spent_report_v1_0_0.json,0d0716380e58345d9d80f70015b42f6fadd211a069dde0fed3eed4e439ccc86c,metric_rows[9],spent_development,design-exposed/spent development,secondary_design_exposed_spent_development,secondary spent-development; design-exposed; not independent validation
PROT-0302,tables/02_protected_period_metrics.csv,spent_development|2022|model_stage_v1__coarse__xgboost__004,positive_n,390,Number of positive target labels.,aligned available-label observations,source precision; recommended display 4 decimals for metrics,reports/protected_period_extension_v1/spent_report_v1_0_0.json,0d0716380e58345d9d80f70015b42f6fadd211a069dde0fed3eed4e439ccc86c,metric_rows[9],spent_development,design-exposed/spent development,secondary_design_exposed_spent_development,secondary spent-development; design-exposed; not independent validation
PROT-0303,tables/02_protected_period_metrics.csv,spent_development|2022|model_stage_v1__coarse__xgboost__004,average_precision,0.5146473627252685,"Average precision, historically labelled PR-AUC.",aligned available-label observations,source precision; recommended display 4 decimals for metrics,reports/protected_period_extension_v1/spent_report_v1_0_0.json,0d0716380e58345d9d80f70015b42f6fadd211a069dde0fed3eed4e439ccc86c,metric_rows[9],spent_development,design-exposed/spent development,secondary_design_exposed_spent_development,secondary spent-development; design-exposed; not independent validation
PROT-0304,tables/02_protected_period_metrics.csv,spent_development|2022|model_stage_v1__coarse__xgboost__004,roc_auc,0.7837100723111086,ROC-AUC.,aligned available-label observations,source precision; recommended display 4 decimals for metrics,reports/protected_period_extension_v1/spent_report_v1_0_0.json,0d0716380e58345d9d80f70015b42f6fadd211a069dde0fed3eed4e439ccc86c,metric_rows[9],spent_development,design-exposed/spent development,secondary_design_exposed_spent_development,secondary spent-development; design-exposed; not independent validation
PROT-0305,tables/02_protected_period_metrics.csv,spent_development|2022|model_stage_v1__coarse__xgboost__004,brier_score,0.1477440121535435,Mean squared probabilistic forecast error.,aligned available-label observations,source precision; recommended display 4 decimals for metrics,reports/protected_period_extension_v1/spent_report_v1_0_0.json,0d0716380e58345d9d80f70015b42f6fadd211a069dde0fed3eed4e439ccc86c,metric_rows[9],spent_development,design-exposed/spent development,secondary_design_exposed_spent_development,secondary spent-development; design-exposed; not independent validation
PROT-0306,tables/02_protected_period_metrics.csv,spent_development|2022|model_stage_v1__coarse__xgboost__004,f1_frozen_threshold,0.5358649789029536,F1 at the frozen development threshold.,aligned available-label observations,source precision; recommended display 4 decimals for metrics,reports/protected_period_extension_v1/spent_report_v1_0_0.json,0d0716380e58345d9d80f70015b42f6fadd211a069dde0fed3eed4e439ccc86c,metric_rows[9],spent_development,design-exposed/spent development,secondary_design_exposed_spent_development,secondary spent-development; design-exposed; not independent validation
PROT-0307,tables/02_protected_period_metrics.csv,spent_development|2022|model_stage_v1__coarse__xgboost__004,precision_frozen_threshold,0.4551971326164875,Precision at the frozen development threshold.,predicted positives,source precision; recommended display 4 decimals for metrics,reports/protected_period_extension_v1/spent_report_v1_0_0.json,0d0716380e58345d9d80f70015b42f6fadd211a069dde0fed3eed4e439ccc86c,metric_rows[9],spent_development,design-exposed/spent development,secondary_design_exposed_spent_development,secondary spent-development; design-exposed; not independent validation
PROT-0308,tables/02_protected_period_metrics.csv,spent_development|2022|model_stage_v1__coarse__xgboost__004,recall_frozen_threshold,0.6512820512820513,Recall at the frozen development threshold.,positive labels,source precision; recommended display 4 decimals for metrics,reports/protected_period_extension_v1/spent_report_v1_0_0.json,0d0716380e58345d9d80f70015b42f6fadd211a069dde0fed3eed4e439ccc86c,metric_rows[9],spent_development,design-exposed/spent development,secondary_design_exposed_spent_development,secondary spent-development; design-exposed; not independent validation
PROT-0309,tables/02_protected_period_metrics.csv,spent_development|2022|model_stage_v1__coarse__xgboost__004,average_precision_ci_lower,0.4664207432586027,Lower 2.5th percentile clustered-bootstrap AP bound.,economic_group_id clustered bootstrap,source precision; recommended display 4 decimals for metrics,reports/protected_period_extension_v1/spent_report_v1_0_0.json,0d0716380e58345d9d80f70015b42f6fadd211a069dde0fed3eed4e439ccc86c,metric_rows[9],spent_development,design-exposed/spent development,secondary_design_exposed_spent_development,secondary spent-development; design-exposed; not independent validation
PROT-0310,tables/02_protected_period_metrics.csv,spent_development|2022|model_stage_v1__coarse__xgboost__004,average_precision_ci_upper,0.5686887772857073,Upper 97.5th percentile clustered-bootstrap AP bound.,economic_group_id clustered bootstrap,source precision; recommended display 4 decimals for metrics,reports/protected_period_extension_v1/spent_report_v1_0_0.json,0d0716380e58345d9d80f70015b42f6fadd211a069dde0fed3eed4e439ccc86c,metric_rows[9],spent_development,design-exposed/spent development,secondary_design_exposed_spent_development,secondary spent-development; design-exposed; not independent validation
PROT-0311,tables/02_protected_period_metrics.csv,spent_development|2022|model_stage_v1__coarse__xgboost__004,roc_auc_ci_lower,0.7579317016979972,Lower 2.5th percentile clustered-bootstrap ROC-AUC bound.,economic_group_id clustered bootstrap,source precision; recommended display 4 decimals for metrics,reports/protected_period_extension_v1/spent_report_v1_0_0.json,0d0716380e58345d9d80f70015b42f6fadd211a069dde0fed3eed4e439ccc86c,metric_rows[9],spent_development,design-exposed/spent development,secondary_design_exposed_spent_development,secondary spent-development; design-exposed; not independent validation
PROT-0312,tables/02_protected_period_metrics.csv,spent_development|2022|model_stage_v1__coarse__xgboost__004,roc_auc_ci_upper,0.8093809678803571,Upper 97.5th percentile clustered-bootstrap ROC-AUC bound.,economic_group_id clustered bootstrap,source precision; recommended display 4 decimals for metrics,reports/protected_period_extension_v1/spent_report_v1_0_0.json,0d0716380e58345d9d80f70015b42f6fadd211a069dde0fed3eed4e439ccc86c,metric_rows[9],spent_development,design-exposed/spent development,secondary_design_exposed_spent_development,secondary spent-development; design-exposed; not independent validation
PROT-0313,tables/02_protected_period_metrics.csv,spent_development|2022|model_stage_v1__coarse__xgboost__004,f1_ci_lower,0.4963365638226093,Lower 2.5th percentile clustered-bootstrap F1 bound.,economic_group_id clustered bootstrap,source precision; recommended display 4 decimals for metrics,reports/protected_period_extension_v1/spent_report_v1_0_0.json,0d0716380e58345d9d80f70015b42f6fadd211a069dde0fed3eed4e439ccc86c,metric_rows[9],spent_development,design-exposed/spent development,secondary_design_exposed_spent_development,secondary spent-development; design-exposed; not independent validation
PROT-0314,tables/02_protected_period_metrics.csv,spent_development|2022|model_stage_v1__coarse__xgboost__004,f1_ci_upper,0.5728969296119714,Upper 97.5th percentile clustered-bootstrap F1 bound.,economic_group_id clustered bootstrap,source precision; recommended display 4 decimals for metrics,reports/protected_period_extension_v1/spent_report_v1_0_0.json,0d0716380e58345d9d80f70015b42f6fadd211a069dde0fed3eed4e439ccc86c,metric_rows[9],spent_development,design-exposed/spent development,secondary_design_exposed_spent_development,secondary spent-development; design-exposed; not independent validation
PROT-0315,tables/02_protected_period_metrics.csv,spent_development|2022|model_stage_v1__coarse__xgboost__004,bootstrap_replicates,2000,Requested clustered-bootstrap replicates.,economic_group_id clusters,source precision; recommended display 4 decimals for metrics,reports/protected_period_extension_v1/spent_report_v1_0_0.json,0d0716380e58345d9d80f70015b42f6fadd211a069dde0fed3eed4e439ccc86c,metric_rows[9],spent_development,design-exposed/spent development,secondary_design_exposed_spent_development,secondary spent-development; design-exposed; not independent validation
PROT-0316,tables/02_protected_period_metrics.csv,spent_development|2022|model_stage_v1__coarse__xgboost__004,bootstrap_valid_replicates,2000,Valid non-degenerate clustered-bootstrap replicates.,requested bootstrap replicates,source precision; recommended display 4 decimals for metrics,reports/protected_period_extension_v1/spent_report_v1_0_0.json,0d0716380e58345d9d80f70015b42f6fadd211a069dde0fed3eed4e439ccc86c,metric_rows[9],spent_development,design-exposed/spent development,secondary_design_exposed_spent_development,secondary spent-development; design-exposed; not independent validation
PROT-0317,tables/02_protected_period_metrics.csv,spent_development|2022|model_stage_v1__qnn_q2__t0,year,2022,Feature/prediction year.,not applicable,source precision; recommended display 4 decimals for metrics,reports/protected_period_extension_v1/spent_report_v1_0_0.json,0d0716380e58345d9d80f70015b42f6fadd211a069dde0fed3eed4e439ccc86c,metric_rows[14],spent_development,design-exposed/spent development,secondary_design_exposed_spent_development,secondary spent-development; design-exposed; not independent validation
PROT-0318,tables/02_protected_period_metrics.csv,spent_development|2022|model_stage_v1__qnn_q2__t0,n,1741,Number of evaluable company-year observations.,aligned available-label observations,source precision; recommended display 4 decimals for metrics,reports/protected_period_extension_v1/spent_report_v1_0_0.json,0d0716380e58345d9d80f70015b42f6fadd211a069dde0fed3eed4e439ccc86c,metric_rows[14],spent_development,design-exposed/spent development,secondary_design_exposed_spent_development,secondary spent-development; design-exposed; not independent validation
PROT-0319,tables/02_protected_period_metrics.csv,spent_development|2022|model_stage_v1__qnn_q2__t0,positive_n,390,Number of positive target labels.,aligned available-label observations,source precision; recommended display 4 decimals for metrics,reports/protected_period_extension_v1/spent_report_v1_0_0.json,0d0716380e58345d9d80f70015b42f6fadd211a069dde0fed3eed4e439ccc86c,metric_rows[14],spent_development,design-exposed/spent development,secondary_design_exposed_spent_development,secondary spent-development; design-exposed; not independent validation
PROT-0320,tables/02_protected_period_metrics.csv,spent_development|2022|model_stage_v1__qnn_q2__t0,average_precision,0.46029239708570097,"Average precision, historically labelled PR-AUC.",aligned available-label observations,source precision; recommended display 4 decimals for metrics,reports/protected_period_extension_v1/spent_report_v1_0_0.json,0d0716380e58345d9d80f70015b42f6fadd211a069dde0fed3eed4e439ccc86c,metric_rows[14],spent_development,design-exposed/spent development,secondary_design_exposed_spent_development,secondary spent-development; design-exposed; not independent validation
PROT-0321,tables/02_protected_period_metrics.csv,spent_development|2022|model_stage_v1__qnn_q2__t0,roc_auc,0.7383618971701873,ROC-AUC.,aligned available-label observations,source precision; recommended display 4 decimals for metrics,reports/protected_period_extension_v1/spent_report_v1_0_0.json,0d0716380e58345d9d80f70015b42f6fadd211a069dde0fed3eed4e439ccc86c,metric_rows[14],spent_development,design-exposed/spent development,secondary_design_exposed_spent_development,secondary spent-development; design-exposed; not independent validation
PROT-0322,tables/02_protected_period_metrics.csv,spent_development|2022|model_stage_v1__qnn_q2__t0,brier_score,0.15229229484339765,Mean squared probabilistic forecast error.,aligned available-label observations,source precision; recommended display 4 decimals for metrics,reports/protected_period_extension_v1/spent_report_v1_0_0.json,0d0716380e58345d9d80f70015b42f6fadd211a069dde0fed3eed4e439ccc86c,metric_rows[14],spent_development,design-exposed/spent development,secondary_design_exposed_spent_development,secondary spent-development; design-exposed; not independent validation
PROT-0323,tables/02_protected_period_metrics.csv,spent_development|2022|model_stage_v1__qnn_q2__t0,f1_frozen_threshold,0.5116279069767442,F1 at the frozen development threshold.,aligned available-label observations,source precision; recommended display 4 decimals for metrics,reports/protected_period_extension_v1/spent_report_v1_0_0.json,0d0716380e58345d9d80f70015b42f6fadd211a069dde0fed3eed4e439ccc86c,metric_rows[14],spent_development,design-exposed/spent development,secondary_design_exposed_spent_development,secondary spent-development; design-exposed; not independent validation
PROT-0324,tables/02_protected_period_metrics.csv,spent_development|2022|model_stage_v1__qnn_q2__t0,precision_frozen_threshold,0.4352517985611511,Precision at the frozen development threshold.,predicted positives,source precision; recommended display 4 decimals for metrics,reports/protected_period_extension_v1/spent_report_v1_0_0.json,0d0716380e58345d9d80f70015b42f6fadd211a069dde0fed3eed4e439ccc86c,metric_rows[14],spent_development,design-exposed/spent development,secondary_design_exposed_spent_development,secondary spent-development; design-exposed; not independent validation
PROT-0325,tables/02_protected_period_metrics.csv,spent_development|2022|model_stage_v1__qnn_q2__t0,recall_frozen_threshold,0.6205128205128205,Recall at the frozen development threshold.,positive labels,source precision; recommended display 4 decimals for metrics,reports/protected_period_extension_v1/spent_report_v1_0_0.json,0d0716380e58345d9d80f70015b42f6fadd211a069dde0fed3eed4e439ccc86c,metric_rows[14],spent_development,design-exposed/spent development,secondary_design_exposed_spent_development,secondary spent-development; design-exposed; not independent validation
PROT-0326,tables/02_protected_period_metrics.csv,spent_development|2022|model_stage_v1__qnn_q2__t0,average_precision_ci_lower,0.41399615426199987,Lower 2.5th percentile clustered-bootstrap AP bound.,economic_group_id clustered bootstrap,source precision; recommended display 4 decimals for metrics,reports/protected_period_extension_v1/spent_report_v1_0_0.json,0d0716380e58345d9d80f70015b42f6fadd211a069dde0fed3eed4e439ccc86c,metric_rows[14],spent_development,design-exposed/spent development,secondary_design_exposed_spent_development,secondary spent-development; design-exposed; not independent validation
PROT-0327,tables/02_protected_period_metrics.csv,spent_development|2022|model_stage_v1__qnn_q2__t0,average_precision_ci_upper,0.5145257194577153,Upper 97.5th percentile clustered-bootstrap AP bound.,economic_group_id clustered bootstrap,source precision; recommended display 4 decimals for metrics,reports/protected_period_extension_v1/spent_report_v1_0_0.json,0d0716380e58345d9d80f70015b42f6fadd211a069dde0fed3eed4e439ccc86c,metric_rows[14],spent_development,design-exposed/spent development,secondary_design_exposed_spent_development,secondary spent-development; design-exposed; not independent validation
PROT-0328,tables/02_protected_period_metrics.csv,spent_development|2022|model_stage_v1__qnn_q2__t0,roc_auc_ci_lower,0.7064883173873003,Lower 2.5th percentile clustered-bootstrap ROC-AUC bound.,economic_group_id clustered bootstrap,source precision; recommended display 4 decimals for metrics,reports/protected_period_extension_v1/spent_report_v1_0_0.json,0d0716380e58345d9d80f70015b42f6fadd211a069dde0fed3eed4e439ccc86c,metric_rows[14],spent_development,design-exposed/spent development,secondary_design_exposed_spent_development,secondary spent-development; design-exposed; not independent validation
PROT-0329,tables/02_protected_period_metrics.csv,spent_development|2022|model_stage_v1__qnn_q2__t0,roc_auc_ci_upper,0.7691555956762036,Upper 97.5th percentile clustered-bootstrap ROC-AUC bound.,economic_group_id clustered bootstrap,source precision; recommended display 4 decimals for metrics,reports/protected_period_extension_v1/spent_report_v1_0_0.json,0d0716380e58345d9d80f70015b42f6fadd211a069dde0fed3eed4e439ccc86c,metric_rows[14],spent_development,design-exposed/spent development,secondary_design_exposed_spent_development,secondary spent-development; design-exposed; not independent validation
PROT-0330,tables/02_protected_period_metrics.csv,spent_development|2022|model_stage_v1__qnn_q2__t0,f1_ci_lower,0.47147355066892205,Lower 2.5th percentile clustered-bootstrap F1 bound.,economic_group_id clustered bootstrap,source precision; recommended display 4 decimals for metrics,reports/protected_period_extension_v1/spent_report_v1_0_0.json,0d0716380e58345d9d80f70015b42f6fadd211a069dde0fed3eed4e439ccc86c,metric_rows[14],spent_development,design-exposed/spent development,secondary_design_exposed_spent_development,secondary spent-development; design-exposed; not independent validation
PROT-0331,tables/02_protected_period_metrics.csv,spent_development|2022|model_stage_v1__qnn_q2__t0,f1_ci_upper,0.5507028328941751,Upper 97.5th percentile clustered-bootstrap F1 bound.,economic_group_id clustered bootstrap,source precision; recommended display 4 decimals for metrics,reports/protected_period_extension_v1/spent_report_v1_0_0.json,0d0716380e58345d9d80f70015b42f6fadd211a069dde0fed3eed4e439ccc86c,metric_rows[14],spent_development,design-exposed/spent development,secondary_design_exposed_spent_development,secondary spent-development; design-exposed; not independent validation
PROT-0332,tables/02_protected_period_metrics.csv,spent_development|2022|model_stage_v1__qnn_q2__t0,bootstrap_replicates,2000,Requested clustered-bootstrap replicates.,economic_group_id clusters,source precision; recommended display 4 decimals for metrics,reports/protected_period_extension_v1/spent_report_v1_0_0.json,0d0716380e58345d9d80f70015b42f6fadd211a069dde0fed3eed4e439ccc86c,metric_rows[14],spent_development,design-exposed/spent development,secondary_design_exposed_spent_development,secondary spent-development; design-exposed; not independent validation
PROT-0333,tables/02_protected_period_metrics.csv,spent_development|2022|model_stage_v1__qnn_q2__t0,bootstrap_valid_replicates,2000,Valid non-degenerate clustered-bootstrap replicates.,requested bootstrap replicates,source precision; recommended display 4 decimals for metrics,reports/protected_period_extension_v1/spent_report_v1_0_0.json,0d0716380e58345d9d80f70015b42f6fadd211a069dde0fed3eed4e439ccc86c,metric_rows[14],spent_development,design-exposed/spent development,secondary_design_exposed_spent_development,secondary spent-development; design-exposed; not independent validation
PROT-0334,tables/02_protected_period_metrics.csv,holdout|2023|model_stage_v1__coarse__dummy_prior__001,year,2023,Feature/prediction year.,not applicable,source precision; recommended display 4 decimals for metrics,reports/protected_period_extension_v1/holdout_report_v1_0_1.json,d69f75628687341d13976898e873b2cc849c1613c4ca131c766b59937ff88325,metric_rows[8],holdout,final temporal model-performance holdout 2023-2024,temporal_holdout_with_mandatory_prior_exposure_disclosure,temporal holdout; prior aggregate and label exposure disclosed; not fully unseen
PROT-0335,tables/02_protected_period_metrics.csv,holdout|2023|model_stage_v1__coarse__dummy_prior__001,n,1575,Number of evaluable company-year observations.,aligned available-label observations,source precision; recommended display 4 decimals for metrics,reports/protected_period_extension_v1/holdout_report_v1_0_1.json,d69f75628687341d13976898e873b2cc849c1613c4ca131c766b59937ff88325,metric_rows[8],holdout,final temporal model-performance holdout 2023-2024,temporal_holdout_with_mandatory_prior_exposure_disclosure,temporal holdout; prior aggregate and label exposure disclosed; not fully unseen
PROT-0336,tables/02_protected_period_metrics.csv,holdout|2023|model_stage_v1__coarse__dummy_prior__001,positive_n,300,Number of positive target labels.,aligned available-label observations,source precision; recommended display 4 decimals for metrics,reports/protected_period_extension_v1/holdout_report_v1_0_1.json,d69f75628687341d13976898e873b2cc849c1613c4ca131c766b59937ff88325,metric_rows[8],holdout,final temporal model-performance holdout 2023-2024,temporal_holdout_with_mandatory_prior_exposure_disclosure,temporal holdout; prior aggregate and label exposure disclosed; not fully unseen
PROT-0337,tables/02_protected_period_metrics.csv,holdout|2023|model_stage_v1__coarse__dummy_prior__001,average_precision,0.19047619047619047,"Average precision, historically labelled PR-AUC.",aligned available-label observations,source precision; recommended display 4 decimals for metrics,reports/protected_period_extension_v1/holdout_report_v1_0_1.json,d69f75628687341d13976898e873b2cc849c1613c4ca131c766b59937ff88325,metric_rows[8],holdout,final temporal model-performance holdout 2023-2024,temporal_holdout_with_mandatory_prior_exposure_disclosure,temporal holdout; prior aggregate and label exposure disclosed; not fully unseen
PROT-0338,tables/02_protected_period_metrics.csv,holdout|2023|model_stage_v1__coarse__dummy_prior__001,roc_auc,0.5,ROC-AUC.,aligned available-label observations,source precision; recommended display 4 decimals for metrics,reports/protected_period_extension_v1/holdout_report_v1_0_1.json,d69f75628687341d13976898e873b2cc849c1613c4ca131c766b59937ff88325,metric_rows[8],holdout,final temporal model-performance holdout 2023-2024,temporal_holdout_with_mandatory_prior_exposure_disclosure,temporal holdout; prior aggregate and label exposure disclosed; not fully unseen
PROT-0339,tables/02_protected_period_metrics.csv,holdout|2023|model_stage_v1__coarse__dummy_prior__001,brier_score,0.15472651016539135,Mean squared probabilistic forecast error.,aligned available-label observations,source precision; recommended display 4 decimals for metrics,reports/protected_period_extension_v1/holdout_report_v1_0_1.json,d69f75628687341d13976898e873b2cc849c1613c4ca131c766b59937ff88325,metric_rows[8],holdout,final temporal model-performance holdout 2023-2024,temporal_holdout_with_mandatory_prior_exposure_disclosure,temporal holdout; prior aggregate and label exposure disclosed; not fully unseen
PROT-0340,tables/02_protected_period_metrics.csv,holdout|2023|model_stage_v1__coarse__dummy_prior__001,f1_frozen_threshold,0.0,F1 at the frozen development threshold.,aligned available-label observations,source precision; recommended display 4 decimals for metrics,reports/protected_period_extension_v1/holdout_report_v1_0_1.json,d69f75628687341d13976898e873b2cc849c1613c4ca131c766b59937ff88325,metric_rows[8],holdout,final temporal model-performance holdout 2023-2024,temporal_holdout_with_mandatory_prior_exposure_disclosure,temporal holdout; prior aggregate and label exposure disclosed; not fully unseen
PROT-0341,tables/02_protected_period_metrics.csv,holdout|2023|model_stage_v1__coarse__dummy_prior__001,precision_frozen_threshold,0.0,Precision at the frozen development threshold.,predicted positives,source precision; recommended display 4 decimals for metrics,reports/protected_period_extension_v1/holdout_report_v1_0_1.json,d69f75628687341d13976898e873b2cc849c1613c4ca131c766b59937ff88325,metric_rows[8],holdout,final temporal model-performance holdout 2023-2024,temporal_holdout_with_mandatory_prior_exposure_disclosure,temporal holdout; prior aggregate and label exposure disclosed; not fully unseen
PROT-0342,tables/02_protected_period_metrics.csv,holdout|2023|model_stage_v1__coarse__dummy_prior__001,recall_frozen_threshold,0.0,Recall at the frozen development threshold.,positive labels,source precision; recommended display 4 decimals for metrics,reports/protected_period_extension_v1/holdout_report_v1_0_1.json,d69f75628687341d13976898e873b2cc849c1613c4ca131c766b59937ff88325,metric_rows[8],holdout,final temporal model-performance holdout 2023-2024,temporal_holdout_with_mandatory_prior_exposure_disclosure,temporal holdout; prior aggregate and label exposure disclosed; not fully unseen
PROT-0343,tables/02_protected_period_metrics.csv,holdout|2023|model_stage_v1__coarse__dummy_prior__001,average_precision_ci_lower,0.17206349206349206,Lower 2.5th percentile clustered-bootstrap AP bound.,economic_group_id clustered bootstrap,source precision; recommended display 4 decimals for metrics,reports/protected_period_extension_v1/holdout_report_v1_0_1.json,d69f75628687341d13976898e873b2cc849c1613c4ca131c766b59937ff88325,metric_rows[8],holdout,final temporal model-performance holdout 2023-2024,temporal_holdout_with_mandatory_prior_exposure_disclosure,temporal holdout; prior aggregate and label exposure disclosed; not fully unseen
PROT-0344,tables/02_protected_period_metrics.csv,holdout|2023|model_stage_v1__coarse__dummy_prior__001,average_precision_ci_upper,0.21015873015873016,Upper 97.5th percentile clustered-bootstrap AP bound.,economic_group_id clustered bootstrap,source precision; recommended display 4 decimals for metrics,reports/protected_period_extension_v1/holdout_report_v1_0_1.json,d69f75628687341d13976898e873b2cc849c1613c4ca131c766b59937ff88325,metric_rows[8],holdout,final temporal model-performance holdout 2023-2024,temporal_holdout_with_mandatory_prior_exposure_disclosure,temporal holdout; prior aggregate and label exposure disclosed; not fully unseen
PROT-0345,tables/02_protected_period_metrics.csv,holdout|2023|model_stage_v1__coarse__dummy_prior__001,roc_auc_ci_lower,0.5,Lower 2.5th percentile clustered-bootstrap ROC-AUC bound.,economic_group_id clustered bootstrap,source precision; recommended display 4 decimals for metrics,reports/protected_period_extension_v1/holdout_report_v1_0_1.json,d69f75628687341d13976898e873b2cc849c1613c4ca131c766b59937ff88325,metric_rows[8],holdout,final temporal model-performance holdout 2023-2024,temporal_holdout_with_mandatory_prior_exposure_disclosure,temporal holdout; prior aggregate and label exposure disclosed; not fully unseen
PROT-0346,tables/02_protected_period_metrics.csv,holdout|2023|model_stage_v1__coarse__dummy_prior__001,roc_auc_ci_upper,0.5,Upper 97.5th percentile clustered-bootstrap ROC-AUC bound.,economic_group_id clustered bootstrap,source precision; recommended display 4 decimals for metrics,reports/protected_period_extension_v1/holdout_report_v1_0_1.json,d69f75628687341d13976898e873b2cc849c1613c4ca131c766b59937ff88325,metric_rows[8],holdout,final temporal model-performance holdout 2023-2024,temporal_holdout_with_mandatory_prior_exposure_disclosure,temporal holdout; prior aggregate and label exposure disclosed; not fully unseen
PROT-0347,tables/02_protected_period_metrics.csv,holdout|2023|model_stage_v1__coarse__dummy_prior__001,f1_ci_lower,0.0,Lower 2.5th percentile clustered-bootstrap F1 bound.,economic_group_id clustered bootstrap,source precision; recommended display 4 decimals for metrics,reports/protected_period_extension_v1/holdout_report_v1_0_1.json,d69f75628687341d13976898e873b2cc849c1613c4ca131c766b59937ff88325,metric_rows[8],holdout,final temporal model-performance holdout 2023-2024,temporal_holdout_with_mandatory_prior_exposure_disclosure,temporal holdout; prior aggregate and label exposure disclosed; not fully unseen
PROT-0348,tables/02_protected_period_metrics.csv,holdout|2023|model_stage_v1__coarse__dummy_prior__001,f1_ci_upper,0.0,Upper 97.5th percentile clustered-bootstrap F1 bound.,economic_group_id clustered bootstrap,source precision; recommended display 4 decimals for metrics,reports/protected_period_extension_v1/holdout_report_v1_0_1.json,d69f75628687341d13976898e873b2cc849c1613c4ca131c766b59937ff88325,metric_rows[8],holdout,final temporal model-performance holdout 2023-2024,temporal_holdout_with_mandatory_prior_exposure_disclosure,temporal holdout; prior aggregate and label exposure disclosed; not fully unseen
PROT-0349,tables/02_protected_period_metrics.csv,holdout|2023|model_stage_v1__coarse__dummy_prior__001,bootstrap_replicates,2000,Requested clustered-bootstrap replicates.,economic_group_id clusters,source precision; recommended display 4 decimals for metrics,reports/protected_period_extension_v1/holdout_report_v1_0_1.json,d69f75628687341d13976898e873b2cc849c1613c4ca131c766b59937ff88325,metric_rows[8],holdout,final temporal model-performance holdout 2023-2024,temporal_holdout_with_mandatory_prior_exposure_disclosure,temporal holdout; prior aggregate and label exposure disclosed; not fully unseen
PROT-0350,tables/02_protected_period_metrics.csv,holdout|2023|model_stage_v1__coarse__dummy_prior__001,bootstrap_valid_replicates,2000,Valid non-degenerate clustered-bootstrap replicates.,requested bootstrap replicates,source precision; recommended display 4 decimals for metrics,reports/protected_period_extension_v1/holdout_report_v1_0_1.json,d69f75628687341d13976898e873b2cc849c1613c4ca131c766b59937ff88325,metric_rows[8],holdout,final temporal model-performance holdout 2023-2024,temporal_holdout_with_mandatory_prior_exposure_disclosure,temporal holdout; prior aggregate and label exposure disclosed; not fully unseen
PROT-0351,tables/02_protected_period_metrics.csv,holdout|2023|model_stage_v1__coarse__elastic_net_logistic__003,year,2023,Feature/prediction year.,not applicable,source precision; recommended display 4 decimals for metrics,reports/protected_period_extension_v1/holdout_report_v1_0_1.json,d69f75628687341d13976898e873b2cc849c1613c4ca131c766b59937ff88325,metric_rows[6],holdout,final temporal model-performance holdout 2023-2024,temporal_holdout_with_mandatory_prior_exposure_disclosure,temporal holdout; prior aggregate and label exposure disclosed; not fully unseen
PROT-0352,tables/02_protected_period_metrics.csv,holdout|2023|model_stage_v1__coarse__elastic_net_logistic__003,n,1575,Number of evaluable company-year observations.,aligned available-label observations,source precision; recommended display 4 decimals for metrics,reports/protected_period_extension_v1/holdout_report_v1_0_1.json,d69f75628687341d13976898e873b2cc849c1613c4ca131c766b59937ff88325,metric_rows[6],holdout,final temporal model-performance holdout 2023-2024,temporal_holdout_with_mandatory_prior_exposure_disclosure,temporal holdout; prior aggregate and label exposure disclosed; not fully unseen
PROT-0353,tables/02_protected_period_metrics.csv,holdout|2023|model_stage_v1__coarse__elastic_net_logistic__003,positive_n,300,Number of positive target labels.,aligned available-label observations,source precision; recommended display 4 decimals for metrics,reports/protected_period_extension_v1/holdout_report_v1_0_1.json,d69f75628687341d13976898e873b2cc849c1613c4ca131c766b59937ff88325,metric_rows[6],holdout,final temporal model-performance holdout 2023-2024,temporal_holdout_with_mandatory_prior_exposure_disclosure,temporal holdout; prior aggregate and label exposure disclosed; not fully unseen
PROT-0354,tables/02_protected_period_metrics.csv,holdout|2023|model_stage_v1__coarse__elastic_net_logistic__003,average_precision,0.3803781773917482,"Average precision, historically labelled PR-AUC.",aligned available-label observations,source precision; recommended display 4 decimals for metrics,reports/protected_period_extension_v1/holdout_report_v1_0_1.json,d69f75628687341d13976898e873b2cc849c1613c4ca131c766b59937ff88325,metric_rows[6],holdout,final temporal model-performance holdout 2023-2024,temporal_holdout_with_mandatory_prior_exposure_disclosure,temporal holdout; prior aggregate and label exposure disclosed; not fully unseen
PROT-0355,tables/02_protected_period_metrics.csv,holdout|2023|model_stage_v1__coarse__elastic_net_logistic__003,roc_auc,0.7201882352941177,ROC-AUC.,aligned available-label observations,source precision; recommended display 4 decimals for metrics,reports/protected_period_extension_v1/holdout_report_v1_0_1.json,d69f75628687341d13976898e873b2cc849c1613c4ca131c766b59937ff88325,metric_rows[6],holdout,final temporal model-performance holdout 2023-2024,temporal_holdout_with_mandatory_prior_exposure_disclosure,temporal holdout; prior aggregate and label exposure disclosed; not fully unseen
PROT-0356,tables/02_protected_period_metrics.csv,holdout|2023|model_stage_v1__coarse__elastic_net_logistic__003,brier_score,0.13970449053966094,Mean squared probabilistic forecast error.,aligned available-label observations,source precision; recommended display 4 decimals for metrics,reports/protected_period_extension_v1/holdout_report_v1_0_1.json,d69f75628687341d13976898e873b2cc849c1613c4ca131c766b59937ff88325,metric_rows[6],holdout,final temporal model-performance holdout 2023-2024,temporal_holdout_with_mandatory_prior_exposure_disclosure,temporal holdout; prior aggregate and label exposure disclosed; not fully unseen
PROT-0357,tables/02_protected_period_metrics.csv,holdout|2023|model_stage_v1__coarse__elastic_net_logistic__003,f1_frozen_threshold,0.4139941690962099,F1 at the frozen development threshold.,aligned available-label observations,source precision; recommended display 4 decimals for metrics,reports/protected_period_extension_v1/holdout_report_v1_0_1.json,d69f75628687341d13976898e873b2cc849c1613c4ca131c766b59937ff88325,metric_rows[6],holdout,final temporal model-performance holdout 2023-2024,temporal_holdout_with_mandatory_prior_exposure_disclosure,temporal holdout; prior aggregate and label exposure disclosed; not fully unseen
PROT-0358,tables/02_protected_period_metrics.csv,holdout|2023|model_stage_v1__coarse__elastic_net_logistic__003,precision_frozen_threshold,0.36787564766839376,Precision at the frozen development threshold.,predicted positives,source precision; recommended display 4 decimals for metrics,reports/protected_period_extension_v1/holdout_report_v1_0_1.json,d69f75628687341d13976898e873b2cc849c1613c4ca131c766b59937ff88325,metric_rows[6],holdout,final temporal model-performance holdout 2023-2024,temporal_holdout_with_mandatory_prior_exposure_disclosure,temporal holdout; prior aggregate and label exposure disclosed; not fully unseen
PROT-0359,tables/02_protected_period_metrics.csv,holdout|2023|model_stage_v1__coarse__elastic_net_logistic__003,recall_frozen_threshold,0.47333333333333333,Recall at the frozen development threshold.,positive labels,source precision; recommended display 4 decimals for metrics,reports/protected_period_extension_v1/holdout_report_v1_0_1.json,d69f75628687341d13976898e873b2cc849c1613c4ca131c766b59937ff88325,metric_rows[6],holdout,final temporal model-performance holdout 2023-2024,temporal_holdout_with_mandatory_prior_exposure_disclosure,temporal holdout; prior aggregate and label exposure disclosed; not fully unseen
PROT-0360,tables/02_protected_period_metrics.csv,holdout|2023|model_stage_v1__coarse__elastic_net_logistic__003,average_precision_ci_lower,0.3321503237772109,Lower 2.5th percentile clustered-bootstrap AP bound.,economic_group_id clustered bootstrap,source precision; recommended display 4 decimals for metrics,reports/protected_period_extension_v1/holdout_report_v1_0_1.json,d69f75628687341d13976898e873b2cc849c1613c4ca131c766b59937ff88325,metric_rows[6],holdout,final temporal model-performance holdout 2023-2024,temporal_holdout_with_mandatory_prior_exposure_disclosure,temporal holdout; prior aggregate and label exposure disclosed; not fully unseen
PROT-0361,tables/02_protected_period_metrics.csv,holdout|2023|model_stage_v1__coarse__elastic_net_logistic__003,average_precision_ci_upper,0.4368766123154365,Upper 97.5th percentile clustered-bootstrap AP bound.,economic_group_id clustered bootstrap,source precision; recommended display 4 decimals for metrics,reports/protected_period_extension_v1/holdout_report_v1_0_1.json,d69f75628687341d13976898e873b2cc849c1613c4ca131c766b59937ff88325,metric_rows[6],holdout,final temporal model-performance holdout 2023-2024,temporal_holdout_with_mandatory_prior_exposure_disclosure,temporal holdout; prior aggregate and label exposure disclosed; not fully unseen
PROT-0362,tables/02_protected_period_metrics.csv,holdout|2023|model_stage_v1__coarse__elastic_net_logistic__003,roc_auc_ci_lower,0.6876672698026418,Lower 2.5th percentile clustered-bootstrap ROC-AUC bound.,economic_group_id clustered bootstrap,source precision; recommended display 4 decimals for metrics,reports/protected_period_extension_v1/holdout_report_v1_0_1.json,d69f75628687341d13976898e873b2cc849c1613c4ca131c766b59937ff88325,metric_rows[6],holdout,final temporal model-performance holdout 2023-2024,temporal_holdout_with_mandatory_prior_exposure_disclosure,temporal holdout; prior aggregate and label exposure disclosed; not fully unseen
PROT-0363,tables/02_protected_period_metrics.csv,holdout|2023|model_stage_v1__coarse__elastic_net_logistic__003,roc_auc_ci_upper,0.7513818008496163,Upper 97.5th percentile clustered-bootstrap ROC-AUC bound.,economic_group_id clustered bootstrap,source precision; recommended display 4 decimals for metrics,reports/protected_period_extension_v1/holdout_report_v1_0_1.json,d69f75628687341d13976898e873b2cc849c1613c4ca131c766b59937ff88325,metric_rows[6],holdout,final temporal model-performance holdout 2023-2024,temporal_holdout_with_mandatory_prior_exposure_disclosure,temporal holdout; prior aggregate and label exposure disclosed; not fully unseen
PROT-0364,tables/02_protected_period_metrics.csv,holdout|2023|model_stage_v1__coarse__elastic_net_logistic__003,f1_ci_lower,0.36874750544267054,Lower 2.5th percentile clustered-bootstrap F1 bound.,economic_group_id clustered bootstrap,source precision; recommended display 4 decimals for metrics,reports/protected_period_extension_v1/holdout_report_v1_0_1.json,d69f75628687341d13976898e873b2cc849c1613c4ca131c766b59937ff88325,metric_rows[6],holdout,final temporal model-performance holdout 2023-2024,temporal_holdout_with_mandatory_prior_exposure_disclosure,temporal holdout; prior aggregate and label exposure disclosed; not fully unseen
PROT-0365,tables/02_protected_period_metrics.csv,holdout|2023|model_stage_v1__coarse__elastic_net_logistic__003,f1_ci_upper,0.45977092553864113,Upper 97.5th percentile clustered-bootstrap F1 bound.,economic_group_id clustered bootstrap,source precision; recommended display 4 decimals for metrics,reports/protected_period_extension_v1/holdout_report_v1_0_1.json,d69f75628687341d13976898e873b2cc849c1613c4ca131c766b59937ff88325,metric_rows[6],holdout,final temporal model-performance holdout 2023-2024,temporal_holdout_with_mandatory_prior_exposure_disclosure,temporal holdout; prior aggregate and label exposure disclosed; not fully unseen
PROT-0366,tables/02_protected_period_metrics.csv,holdout|2023|model_stage_v1__coarse__elastic_net_logistic__003,bootstrap_replicates,2000,Requested clustered-bootstrap replicates.,economic_group_id clusters,source precision; recommended display 4 decimals for metrics,reports/protected_period_extension_v1/holdout_report_v1_0_1.json,d69f75628687341d13976898e873b2cc849c1613c4ca131c766b59937ff88325,metric_rows[6],holdout,final temporal model-performance holdout 2023-2024,temporal_holdout_with_mandatory_prior_exposure_disclosure,temporal holdout; prior aggregate and label exposure disclosed; not fully unseen
PROT-0367,tables/02_protected_period_metrics.csv,holdout|2023|model_stage_v1__coarse__elastic_net_logistic__003,bootstrap_valid_replicates,2000,Valid non-degenerate clustered-bootstrap replicates.,requested bootstrap replicates,source precision; recommended display 4 decimals for metrics,reports/protected_period_extension_v1/holdout_report_v1_0_1.json,d69f75628687341d13976898e873b2cc849c1613c4ca131c766b59937ff88325,metric_rows[6],holdout,final temporal model-performance holdout 2023-2024,temporal_holdout_with_mandatory_prior_exposure_disclosure,temporal holdout; prior aggregate and label exposure disclosed; not fully unseen
PROT-0368,tables/02_protected_period_metrics.csv,holdout|2023|model_stage_v1__coarse__fixed_l2_logistic__002,year,2023,Feature/prediction year.,not applicable,source precision; recommended display 4 decimals for metrics,reports/protected_period_extension_v1/holdout_report_v1_0_1.json,d69f75628687341d13976898e873b2cc849c1613c4ca131c766b59937ff88325,metric_rows[7],holdout,final temporal model-performance holdout 2023-2024,temporal_holdout_with_mandatory_prior_exposure_disclosure,temporal holdout; prior aggregate and label exposure disclosed; not fully unseen
PROT-0369,tables/02_protected_period_metrics.csv,holdout|2023|model_stage_v1__coarse__fixed_l2_logistic__002,n,1575,Number of evaluable company-year observations.,aligned available-label observations,source precision; recommended display 4 decimals for metrics,reports/protected_period_extension_v1/holdout_report_v1_0_1.json,d69f75628687341d13976898e873b2cc849c1613c4ca131c766b59937ff88325,metric_rows[7],holdout,final temporal model-performance holdout 2023-2024,temporal_holdout_with_mandatory_prior_exposure_disclosure,temporal holdout; prior aggregate and label exposure disclosed; not fully unseen
PROT-0370,tables/02_protected_period_metrics.csv,holdout|2023|model_stage_v1__coarse__fixed_l2_logistic__002,positive_n,300,Number of positive target labels.,aligned available-label observations,source precision; recommended display 4 decimals for metrics,reports/protected_period_extension_v1/holdout_report_v1_0_1.json,d69f75628687341d13976898e873b2cc849c1613c4ca131c766b59937ff88325,metric_rows[7],holdout,final temporal model-performance holdout 2023-2024,temporal_holdout_with_mandatory_prior_exposure_disclosure,temporal holdout; prior aggregate and label exposure disclosed; not fully unseen
PROT-0371,tables/02_protected_period_metrics.csv,holdout|2023|model_stage_v1__coarse__fixed_l2_logistic__002,average_precision,0.38417039411437476,"Average precision, historically labelled PR-AUC.",aligned available-label observations,source precision; recommended display 4 decimals for metrics,reports/protected_period_extension_v1/holdout_report_v1_0_1.json,d69f75628687341d13976898e873b2cc849c1613c4ca131c766b59937ff88325,metric_rows[7],holdout,final temporal model-performance holdout 2023-2024,temporal_holdout_with_mandatory_prior_exposure_disclosure,temporal holdout; prior aggregate and label exposure disclosed; not fully unseen
PROT-0372,tables/02_protected_period_metrics.csv,holdout|2023|model_stage_v1__coarse__fixed_l2_logistic__002,roc_auc,0.7200104575163399,ROC-AUC.,aligned available-label observations,source precision; recommended display 4 decimals for metrics,reports/protected_period_extension_v1/holdout_report_v1_0_1.json,d69f75628687341d13976898e873b2cc849c1613c4ca131c766b59937ff88325,metric_rows[7],holdout,final temporal model-performance holdout 2023-2024,temporal_holdout_with_mandatory_prior_exposure_disclosure,temporal holdout; prior aggregate and label exposure disclosed; not fully unseen
PROT-0373,tables/02_protected_period_metrics.csv,holdout|2023|model_stage_v1__coarse__fixed_l2_logistic__002,brier_score,0.1395082765660208,Mean squared probabilistic forecast error.,aligned available-label observations,source precision; recommended display 4 decimals for metrics,reports/protected_period_extension_v1/holdout_report_v1_0_1.json,d69f75628687341d13976898e873b2cc849c1613c4ca131c766b59937ff88325,metric_rows[7],holdout,final temporal model-performance holdout 2023-2024,temporal_holdout_with_mandatory_prior_exposure_disclosure,temporal holdout; prior aggregate and label exposure disclosed; not fully unseen
PROT-0374,tables/02_protected_period_metrics.csv,holdout|2023|model_stage_v1__coarse__fixed_l2_logistic__002,f1_frozen_threshold,0.43535620052770446,F1 at the frozen development threshold.,aligned available-label observations,source precision; recommended display 4 decimals for metrics,reports/protected_period_extension_v1/holdout_report_v1_0_1.json,d69f75628687341d13976898e873b2cc849c1613c4ca131c766b59937ff88325,metric_rows[7],holdout,final temporal model-performance holdout 2023-2024,temporal_holdout_with_mandatory_prior_exposure_disclosure,temporal holdout; prior aggregate and label exposure disclosed; not fully unseen
PROT-0375,tables/02_protected_period_metrics.csv,holdout|2023|model_stage_v1__coarse__fixed_l2_logistic__002,precision_frozen_threshold,0.36026200873362446,Precision at the frozen development threshold.,predicted positives,source precision; recommended display 4 decimals for metrics,reports/protected_period_extension_v1/holdout_report_v1_0_1.json,d69f75628687341d13976898e873b2cc849c1613c4ca131c766b59937ff88325,metric_rows[7],holdout,final temporal model-performance holdout 2023-2024,temporal_holdout_with_mandatory_prior_exposure_disclosure,temporal holdout; prior aggregate and label exposure disclosed; not fully unseen
PROT-0376,tables/02_protected_period_metrics.csv,holdout|2023|model_stage_v1__coarse__fixed_l2_logistic__002,recall_frozen_threshold,0.55,Recall at the frozen development threshold.,positive labels,source precision; recommended display 4 decimals for metrics,reports/protected_period_extension_v1/holdout_report_v1_0_1.json,d69f75628687341d13976898e873b2cc849c1613c4ca131c766b59937ff88325,metric_rows[7],holdout,final temporal model-performance holdout 2023-2024,temporal_holdout_with_mandatory_prior_exposure_disclosure,temporal holdout; prior aggregate and label exposure disclosed; not fully unseen
PROT-0377,tables/02_protected_period_metrics.csv,holdout|2023|model_stage_v1__coarse__fixed_l2_logistic__002,average_precision_ci_lower,0.33485814797363517,Lower 2.5th percentile clustered-bootstrap AP bound.,economic_group_id clustered bootstrap,source precision; recommended display 4 decimals for metrics,reports/protected_period_extension_v1/holdout_report_v1_0_1.json,d69f75628687341d13976898e873b2cc849c1613c4ca131c766b59937ff88325,metric_rows[7],holdout,final temporal model-performance holdout 2023-2024,temporal_holdout_with_mandatory_prior_exposure_disclosure,temporal holdout; prior aggregate and label exposure disclosed; not fully unseen
PROT-0378,tables/02_protected_period_metrics.csv,holdout|2023|model_stage_v1__coarse__fixed_l2_logistic__002,average_precision_ci_upper,0.44060447966107397,Upper 97.5th percentile clustered-bootstrap AP bound.,economic_group_id clustered bootstrap,source precision; recommended display 4 decimals for metrics,reports/protected_period_extension_v1/holdout_report_v1_0_1.json,d69f75628687341d13976898e873b2cc849c1613c4ca131c766b59937ff88325,metric_rows[7],holdout,final temporal model-performance holdout 2023-2024,temporal_holdout_with_mandatory_prior_exposure_disclosure,temporal holdout; prior aggregate and label exposure disclosed; not fully unseen
PROT-0379,tables/02_protected_period_metrics.csv,holdout|2023|model_stage_v1__coarse__fixed_l2_logistic__002,roc_auc_ci_lower,0.6888499051234306,Lower 2.5th percentile clustered-bootstrap ROC-AUC bound.,economic_group_id clustered bootstrap,source precision; recommended display 4 decimals for metrics,reports/protected_period_extension_v1/holdout_report_v1_0_1.json,d69f75628687341d13976898e873b2cc849c1613c4ca131c766b59937ff88325,metric_rows[7],holdout,final temporal model-performance holdout 2023-2024,temporal_holdout_with_mandatory_prior_exposure_disclosure,temporal holdout; prior aggregate and label exposure disclosed; not fully unseen
PROT-0380,tables/02_protected_period_metrics.csv,holdout|2023|model_stage_v1__coarse__fixed_l2_logistic__002,roc_auc_ci_upper,0.7514063447158013,Upper 97.5th percentile clustered-bootstrap ROC-AUC bound.,economic_group_id clustered bootstrap,source precision; recommended display 4 decimals for metrics,reports/protected_period_extension_v1/holdout_report_v1_0_1.json,d69f75628687341d13976898e873b2cc849c1613c4ca131c766b59937ff88325,metric_rows[7],holdout,final temporal model-performance holdout 2023-2024,temporal_holdout_with_mandatory_prior_exposure_disclosure,temporal holdout; prior aggregate and label exposure disclosed; not fully unseen
PROT-0381,tables/02_protected_period_metrics.csv,holdout|2023|model_stage_v1__coarse__fixed_l2_logistic__002,f1_ci_lower,0.39357211750666166,Lower 2.5th percentile clustered-bootstrap F1 bound.,economic_group_id clustered bootstrap,source precision; recommended display 4 decimals for metrics,reports/protected_period_extension_v1/holdout_report_v1_0_1.json,d69f75628687341d13976898e873b2cc849c1613c4ca131c766b59937ff88325,metric_rows[7],holdout,final temporal model-performance holdout 2023-2024,temporal_holdout_with_mandatory_prior_exposure_disclosure,temporal holdout; prior aggregate and label exposure disclosed; not fully unseen
PROT-0382,tables/02_protected_period_metrics.csv,holdout|2023|model_stage_v1__coarse__fixed_l2_logistic__002,f1_ci_upper,0.47891921560800355,Upper 97.5th percentile clustered-bootstrap F1 bound.,economic_group_id clustered bootstrap,source precision; recommended display 4 decimals for metrics,reports/protected_period_extension_v1/holdout_report_v1_0_1.json,d69f75628687341d13976898e873b2cc849c1613c4ca131c766b59937ff88325,metric_rows[7],holdout,final temporal model-performance holdout 2023-2024,temporal_holdout_with_mandatory_prior_exposure_disclosure,temporal holdout; prior aggregate and label exposure disclosed; not fully unseen
PROT-0383,tables/02_protected_period_metrics.csv,holdout|2023|model_stage_v1__coarse__fixed_l2_logistic__002,bootstrap_replicates,2000,Requested clustered-bootstrap replicates.,economic_group_id clusters,source precision; recommended display 4 decimals for metrics,reports/protected_period_extension_v1/holdout_report_v1_0_1.json,d69f75628687341d13976898e873b2cc849c1613c4ca131c766b59937ff88325,metric_rows[7],holdout,final temporal model-performance holdout 2023-2024,temporal_holdout_with_mandatory_prior_exposure_disclosure,temporal holdout; prior aggregate and label exposure disclosed; not fully unseen
PROT-0384,tables/02_protected_period_metrics.csv,holdout|2023|model_stage_v1__coarse__fixed_l2_logistic__002,bootstrap_valid_replicates,2000,Valid non-degenerate clustered-bootstrap replicates.,requested bootstrap replicates,source precision; recommended display 4 decimals for metrics,reports/protected_period_extension_v1/holdout_report_v1_0_1.json,d69f75628687341d13976898e873b2cc849c1613c4ca131c766b59937ff88325,metric_rows[7],holdout,final temporal model-performance holdout 2023-2024,temporal_holdout_with_mandatory_prior_exposure_disclosure,temporal holdout; prior aggregate and label exposure disclosed; not fully unseen
PROT-0385,tables/02_protected_period_metrics.csv,holdout|2023|model_stage_v1__coarse__hist_gradient_boosting__007,year,2023,Feature/prediction year.,not applicable,source precision; recommended display 4 decimals for metrics,reports/protected_period_extension_v1/holdout_report_v1_0_1.json,d69f75628687341d13976898e873b2cc849c1613c4ca131c766b59937ff88325,metric_rows[1],holdout,final temporal model-performance holdout 2023-2024,temporal_holdout_with_mandatory_prior_exposure_disclosure,temporal holdout; prior aggregate and label exposure disclosed; not fully unseen
PROT-0386,tables/02_protected_period_metrics.csv,holdout|2023|model_stage_v1__coarse__hist_gradient_boosting__007,n,1575,Number of evaluable company-year observations.,aligned available-label observations,source precision; recommended display 4 decimals for metrics,reports/protected_period_extension_v1/holdout_report_v1_0_1.json,d69f75628687341d13976898e873b2cc849c1613c4ca131c766b59937ff88325,metric_rows[1],holdout,final temporal model-performance holdout 2023-2024,temporal_holdout_with_mandatory_prior_exposure_disclosure,temporal holdout; prior aggregate and label exposure disclosed; not fully unseen
PROT-0387,tables/02_protected_period_metrics.csv,holdout|2023|model_stage_v1__coarse__hist_gradient_boosting__007,positive_n,300,Number of positive target labels.,aligned available-label observations,source precision; recommended display 4 decimals for metrics,reports/protected_period_extension_v1/holdout_report_v1_0_1.json,d69f75628687341d13976898e873b2cc849c1613c4ca131c766b59937ff88325,metric_rows[1],holdout,final temporal model-performance holdout 2023-2024,temporal_holdout_with_mandatory_prior_exposure_disclosure,temporal holdout; prior aggregate and label exposure disclosed; not fully unseen
PROT-0388,tables/02_protected_period_metrics.csv,holdout|2023|model_stage_v1__coarse__hist_gradient_boosting__007,average_precision,0.40051882365273345,"Average precision, historically labelled PR-AUC.",aligned available-label observations,source precision; recommended display 4 decimals for metrics,reports/protected_period_extension_v1/holdout_report_v1_0_1.json,d69f75628687341d13976898e873b2cc849c1613c4ca131c766b59937ff88325,metric_rows[1],holdout,final temporal model-performance holdout 2023-2024,temporal_holdout_with_mandatory_prior_exposure_disclosure,temporal holdout; prior aggregate and label exposure disclosed; not fully unseen
PROT-0389,tables/02_protected_period_metrics.csv,holdout|2023|model_stage_v1__coarse__hist_gradient_boosting__007,roc_auc,0.742313725490196,ROC-AUC.,aligned available-label observations,source precision; recommended display 4 decimals for metrics,reports/protected_period_extension_v1/holdout_report_v1_0_1.json,d69f75628687341d13976898e873b2cc849c1613c4ca131c766b59937ff88325,metric_rows[1],holdout,final temporal model-performance holdout 2023-2024,temporal_holdout_with_mandatory_prior_exposure_disclosure,temporal holdout; prior aggregate and label exposure disclosed; not fully unseen
PROT-0390,tables/02_protected_period_metrics.csv,holdout|2023|model_stage_v1__coarse__hist_gradient_boosting__007,brier_score,0.13599341522515562,Mean squared probabilistic forecast error.,aligned available-label observations,source precision; recommended display 4 decimals for metrics,reports/protected_period_extension_v1/holdout_report_v1_0_1.json,d69f75628687341d13976898e873b2cc849c1613c4ca131c766b59937ff88325,metric_rows[1],holdout,final temporal model-performance holdout 2023-2024,temporal_holdout_with_mandatory_prior_exposure_disclosure,temporal holdout; prior aggregate and label exposure disclosed; not fully unseen
PROT-0391,tables/02_protected_period_metrics.csv,holdout|2023|model_stage_v1__coarse__hist_gradient_boosting__007,f1_frozen_threshold,0.45544554455445546,F1 at the frozen development threshold.,aligned available-label observations,source precision; recommended display 4 decimals for metrics,reports/protected_period_extension_v1/holdout_report_v1_0_1.json,d69f75628687341d13976898e873b2cc849c1613c4ca131c766b59937ff88325,metric_rows[1],holdout,final temporal model-performance holdout 2023-2024,temporal_holdout_with_mandatory_prior_exposure_disclosure,temporal holdout; prior aggregate and label exposure disclosed; not fully unseen
PROT-0392,tables/02_protected_period_metrics.csv,holdout|2023|model_stage_v1__coarse__hist_gradient_boosting__007,precision_frozen_threshold,0.36220472440944884,Precision at the frozen development threshold.,predicted positives,source precision; recommended display 4 decimals for metrics,reports/protected_period_extension_v1/holdout_report_v1_0_1.json,d69f75628687341d13976898e873b2cc849c1613c4ca131c766b59937ff88325,metric_rows[1],holdout,final temporal model-performance holdout 2023-2024,temporal_holdout_with_mandatory_prior_exposure_disclosure,temporal holdout; prior aggregate and label exposure disclosed; not fully unseen
PROT-0393,tables/02_protected_period_metrics.csv,holdout|2023|model_stage_v1__coarse__hist_gradient_boosting__007,recall_frozen_threshold,0.6133333333333333,Recall at the frozen development threshold.,positive labels,source precision; recommended display 4 decimals for metrics,reports/protected_period_extension_v1/holdout_report_v1_0_1.json,d69f75628687341d13976898e873b2cc849c1613c4ca131c766b59937ff88325,metric_rows[1],holdout,final temporal model-performance holdout 2023-2024,temporal_holdout_with_mandatory_prior_exposure_disclosure,temporal holdout; prior aggregate and label exposure disclosed; not fully unseen
PROT-0394,tables/02_protected_period_metrics.csv,holdout|2023|model_stage_v1__coarse__hist_gradient_boosting__007,average_precision_ci_lower,0.3540727437899495,Lower 2.5th percentile clustered-bootstrap AP bound.,economic_group_id clustered bootstrap,source precision; recommended display 4 decimals for metrics,reports/protected_period_extension_v1/holdout_report_v1_0_1.json,d69f75628687341d13976898e873b2cc849c1613c4ca131c766b59937ff88325,metric_rows[1],holdout,final temporal model-performance holdout 2023-2024,temporal_holdout_with_mandatory_prior_exposure_disclosure,temporal holdout; prior aggregate and label exposure disclosed; not fully unseen
PROT-0395,tables/02_protected_period_metrics.csv,holdout|2023|model_stage_v1__coarse__hist_gradient_boosting__007,average_precision_ci_upper,0.45888125171559535,Upper 97.5th percentile clustered-bootstrap AP bound.,economic_group_id clustered bootstrap,source precision; recommended display 4 decimals for metrics,reports/protected_period_extension_v1/holdout_report_v1_0_1.json,d69f75628687341d13976898e873b2cc849c1613c4ca131c766b59937ff88325,metric_rows[1],holdout,final temporal model-performance holdout 2023-2024,temporal_holdout_with_mandatory_prior_exposure_disclosure,temporal holdout; prior aggregate and label exposure disclosed; not fully unseen
PROT-0396,tables/02_protected_period_metrics.csv,holdout|2023|model_stage_v1__coarse__hist_gradient_boosting__007,roc_auc_ci_lower,0.7130166393498957,Lower 2.5th percentile clustered-bootstrap ROC-AUC bound.,economic_group_id clustered bootstrap,source precision; recommended display 4 decimals for metrics,reports/protected_period_extension_v1/holdout_report_v1_0_1.json,d69f75628687341d13976898e873b2cc849c1613c4ca131c766b59937ff88325,metric_rows[1],holdout,final temporal model-performance holdout 2023-2024,temporal_holdout_with_mandatory_prior_exposure_disclosure,temporal holdout; prior aggregate and label exposure disclosed; not fully unseen
PROT-0397,tables/02_protected_period_metrics.csv,holdout|2023|model_stage_v1__coarse__hist_gradient_boosting__007,roc_auc_ci_upper,0.7717672740886605,Upper 97.5th percentile clustered-bootstrap ROC-AUC bound.,economic_group_id clustered bootstrap,source precision; recommended display 4 decimals for metrics,reports/protected_period_extension_v1/holdout_report_v1_0_1.json,d69f75628687341d13976898e873b2cc849c1613c4ca131c766b59937ff88325,metric_rows[1],holdout,final temporal model-performance holdout 2023-2024,temporal_holdout_with_mandatory_prior_exposure_disclosure,temporal holdout; prior aggregate and label exposure disclosed; not fully unseen
PROT-0398,tables/02_protected_period_metrics.csv,holdout|2023|model_stage_v1__coarse__hist_gradient_boosting__007,f1_ci_lower,0.4137064522651536,Lower 2.5th percentile clustered-bootstrap F1 bound.,economic_group_id clustered bootstrap,source precision; recommended display 4 decimals for metrics,reports/protected_period_extension_v1/holdout_report_v1_0_1.json,d69f75628687341d13976898e873b2cc849c1613c4ca131c766b59937ff88325,metric_rows[1],holdout,final temporal model-performance holdout 2023-2024,temporal_holdout_with_mandatory_prior_exposure_disclosure,temporal holdout; prior aggregate and label exposure disclosed; not fully unseen
PROT-0399,tables/02_protected_period_metrics.csv,holdout|2023|model_stage_v1__coarse__hist_gradient_boosting__007,f1_ci_upper,0.4969987995198079,Upper 97.5th percentile clustered-bootstrap F1 bound.,economic_group_id clustered bootstrap,source precision; recommended display 4 decimals for metrics,reports/protected_period_extension_v1/holdout_report_v1_0_1.json,d69f75628687341d13976898e873b2cc849c1613c4ca131c766b59937ff88325,metric_rows[1],holdout,final temporal model-performance holdout 2023-2024,temporal_holdout_with_mandatory_prior_exposure_disclosure,temporal holdout; prior aggregate and label exposure disclosed; not fully unseen
PROT-0400,tables/02_protected_period_metrics.csv,holdout|2023|model_stage_v1__coarse__hist_gradient_boosting__007,bootstrap_replicates,2000,Requested clustered-bootstrap replicates.,economic_group_id clusters,source precision; recommended display 4 decimals for metrics,reports/protected_period_extension_v1/holdout_report_v1_0_1.json,d69f75628687341d13976898e873b2cc849c1613c4ca131c766b59937ff88325,metric_rows[1],holdout,final temporal model-performance holdout 2023-2024,temporal_holdout_with_mandatory_prior_exposure_disclosure,temporal holdout; prior aggregate and label exposure disclosed; not fully unseen
PROT-0401,tables/02_protected_period_metrics.csv,holdout|2023|model_stage_v1__coarse__hist_gradient_boosting__007,bootstrap_valid_replicates,2000,Valid non-degenerate clustered-bootstrap replicates.,requested bootstrap replicates,source precision; recommended display 4 decimals for metrics,reports/protected_period_extension_v1/holdout_report_v1_0_1.json,d69f75628687341d13976898e873b2cc849c1613c4ca131c766b59937ff88325,metric_rows[1],holdout,final temporal model-performance holdout 2023-2024,temporal_holdout_with_mandatory_prior_exposure_disclosure,temporal holdout; prior aggregate and label exposure disclosed; not fully unseen
PROT-0402,tables/02_protected_period_metrics.csv,holdout|2023|model_stage_v1__coarse__pytorch_mlp__epochs_200__003,year,2023,Feature/prediction year.,not applicable,source precision; recommended display 4 decimals for metrics,reports/protected_period_extension_v1/holdout_report_v1_0_1.json,d69f75628687341d13976898e873b2cc849c1613c4ca131c766b59937ff88325,metric_rows[3],holdout,final temporal model-performance holdout 2023-2024,temporal_holdout_with_mandatory_prior_exposure_disclosure,temporal holdout; prior aggregate and label exposure disclosed; not fully unseen
PROT-0403,tables/02_protected_period_metrics.csv,holdout|2023|model_stage_v1__coarse__pytorch_mlp__epochs_200__003,n,1575,Number of evaluable company-year observations.,aligned available-label observations,source precision; recommended display 4 decimals for metrics,reports/protected_period_extension_v1/holdout_report_v1_0_1.json,d69f75628687341d13976898e873b2cc849c1613c4ca131c766b59937ff88325,metric_rows[3],holdout,final temporal model-performance holdout 2023-2024,temporal_holdout_with_mandatory_prior_exposure_disclosure,temporal holdout; prior aggregate and label exposure disclosed; not fully unseen
PROT-0404,tables/02_protected_period_metrics.csv,holdout|2023|model_stage_v1__coarse__pytorch_mlp__epochs_200__003,positive_n,300,Number of positive target labels.,aligned available-label observations,source precision; recommended display 4 decimals for metrics,reports/protected_period_extension_v1/holdout_report_v1_0_1.json,d69f75628687341d13976898e873b2cc849c1613c4ca131c766b59937ff88325,metric_rows[3],holdout,final temporal model-performance holdout 2023-2024,temporal_holdout_with_mandatory_prior_exposure_disclosure,temporal holdout; prior aggregate and label exposure disclosed; not fully unseen
PROT-0405,tables/02_protected_period_metrics.csv,holdout|2023|model_stage_v1__coarse__pytorch_mlp__epochs_200__003,average_precision,0.39455055180134674,"Average precision, historically labelled PR-AUC.",aligned available-label observations,source precision; recommended display 4 decimals for metrics,reports/protected_period_extension_v1/holdout_report_v1_0_1.json,d69f75628687341d13976898e873b2cc849c1613c4ca131c766b59937ff88325,metric_rows[3],holdout,final temporal model-performance holdout 2023-2024,temporal_holdout_with_mandatory_prior_exposure_disclosure,temporal holdout; prior aggregate and label exposure disclosed; not fully unseen
PROT-0406,tables/02_protected_period_metrics.csv,holdout|2023|model_stage_v1__coarse__pytorch_mlp__epochs_200__003,roc_auc,0.7279450980392157,ROC-AUC.,aligned available-label observations,source precision; recommended display 4 decimals for metrics,reports/protected_period_extension_v1/holdout_report_v1_0_1.json,d69f75628687341d13976898e873b2cc849c1613c4ca131c766b59937ff88325,metric_rows[3],holdout,final temporal model-performance holdout 2023-2024,temporal_holdout_with_mandatory_prior_exposure_disclosure,temporal holdout; prior aggregate and label exposure disclosed; not fully unseen
PROT-0407,tables/02_protected_period_metrics.csv,holdout|2023|model_stage_v1__coarse__pytorch_mlp__epochs_200__003,brier_score,0.13776178303406936,Mean squared probabilistic forecast error.,aligned available-label observations,source precision; recommended display 4 decimals for metrics,reports/protected_period_extension_v1/holdout_report_v1_0_1.json,d69f75628687341d13976898e873b2cc849c1613c4ca131c766b59937ff88325,metric_rows[3],holdout,final temporal model-performance holdout 2023-2024,temporal_holdout_with_mandatory_prior_exposure_disclosure,temporal holdout; prior aggregate and label exposure disclosed; not fully unseen
PROT-0408,tables/02_protected_period_metrics.csv,holdout|2023|model_stage_v1__coarse__pytorch_mlp__epochs_200__003,f1_frozen_threshold,0.43023255813953487,F1 at the frozen development threshold.,aligned available-label observations,source precision; recommended display 4 decimals for metrics,reports/protected_period_extension_v1/holdout_report_v1_0_1.json,d69f75628687341d13976898e873b2cc849c1613c4ca131c766b59937ff88325,metric_rows[3],holdout,final temporal model-performance holdout 2023-2024,temporal_holdout_with_mandatory_prior_exposure_disclosure,temporal holdout; prior aggregate and label exposure disclosed; not fully unseen
PROT-0409,tables/02_protected_period_metrics.csv,holdout|2023|model_stage_v1__coarse__pytorch_mlp__epochs_200__003,precision_frozen_threshold,0.38144329896907214,Precision at the frozen development threshold.,predicted positives,source precision; recommended display 4 decimals for metrics,reports/protected_period_extension_v1/holdout_report_v1_0_1.json,d69f75628687341d13976898e873b2cc849c1613c4ca131c766b59937ff88325,metric_rows[3],holdout,final temporal model-performance holdout 2023-2024,temporal_holdout_with_mandatory_prior_exposure_disclosure,temporal holdout; prior aggregate and label exposure disclosed; not fully unseen
PROT-0410,tables/02_protected_period_metrics.csv,holdout|2023|model_stage_v1__coarse__pytorch_mlp__epochs_200__003,recall_frozen_threshold,0.49333333333333335,Recall at the frozen development threshold.,positive labels,source precision; recommended display 4 decimals for metrics,reports/protected_period_extension_v1/holdout_report_v1_0_1.json,d69f75628687341d13976898e873b2cc849c1613c4ca131c766b59937ff88325,metric_rows[3],holdout,final temporal model-performance holdout 2023-2024,temporal_holdout_with_mandatory_prior_exposure_disclosure,temporal holdout; prior aggregate and label exposure disclosed; not fully unseen
PROT-0411,tables/02_protected_period_metrics.csv,holdout|2023|model_stage_v1__coarse__pytorch_mlp__epochs_200__003,average_precision_ci_lower,0.3457289039477281,Lower 2.5th percentile clustered-bootstrap AP bound.,economic_group_id clustered bootstrap,source precision; recommended display 4 decimals for metrics,reports/protected_period_extension_v1/holdout_report_v1_0_1.json,d69f75628687341d13976898e873b2cc849c1613c4ca131c766b59937ff88325,metric_rows[3],holdout,final temporal model-performance holdout 2023-2024,temporal_holdout_with_mandatory_prior_exposure_disclosure,temporal holdout; prior aggregate and label exposure disclosed; not fully unseen
PROT-0412,tables/02_protected_period_metrics.csv,holdout|2023|model_stage_v1__coarse__pytorch_mlp__epochs_200__003,average_precision_ci_upper,0.4519570837872619,Upper 97.5th percentile clustered-bootstrap AP bound.,economic_group_id clustered bootstrap,source precision; recommended display 4 decimals for metrics,reports/protected_period_extension_v1/holdout_report_v1_0_1.json,d69f75628687341d13976898e873b2cc849c1613c4ca131c766b59937ff88325,metric_rows[3],holdout,final temporal model-performance holdout 2023-2024,temporal_holdout_with_mandatory_prior_exposure_disclosure,temporal holdout; prior aggregate and label exposure disclosed; not fully unseen
PROT-0413,tables/02_protected_period_metrics.csv,holdout|2023|model_stage_v1__coarse__pytorch_mlp__epochs_200__003,roc_auc_ci_lower,0.6946386019042912,Lower 2.5th percentile clustered-bootstrap ROC-AUC bound.,economic_group_id clustered bootstrap,source precision; recommended display 4 decimals for metrics,reports/protected_period_extension_v1/holdout_report_v1_0_1.json,d69f75628687341d13976898e873b2cc849c1613c4ca131c766b59937ff88325,metric_rows[3],holdout,final temporal model-performance holdout 2023-2024,temporal_holdout_with_mandatory_prior_exposure_disclosure,temporal holdout; prior aggregate and label exposure disclosed; not fully unseen
PROT-0414,tables/02_protected_period_metrics.csv,holdout|2023|model_stage_v1__coarse__pytorch_mlp__epochs_200__003,roc_auc_ci_upper,0.7606730797630539,Upper 97.5th percentile clustered-bootstrap ROC-AUC bound.,economic_group_id clustered bootstrap,source precision; recommended display 4 decimals for metrics,reports/protected_period_extension_v1/holdout_report_v1_0_1.json,d69f75628687341d13976898e873b2cc849c1613c4ca131c766b59937ff88325,metric_rows[3],holdout,final temporal model-performance holdout 2023-2024,temporal_holdout_with_mandatory_prior_exposure_disclosure,temporal holdout; prior aggregate and label exposure disclosed; not fully unseen
PROT-0415,tables/02_protected_period_metrics.csv,holdout|2023|model_stage_v1__coarse__pytorch_mlp__epochs_200__003,f1_ci_lower,0.38484848484848483,Lower 2.5th percentile clustered-bootstrap F1 bound.,economic_group_id clustered bootstrap,source precision; recommended display 4 decimals for metrics,reports/protected_period_extension_v1/holdout_report_v1_0_1.json,d69f75628687341d13976898e873b2cc849c1613c4ca131c766b59937ff88325,metric_rows[3],holdout,final temporal model-performance holdout 2023-2024,temporal_holdout_with_mandatory_prior_exposure_disclosure,temporal holdout; prior aggregate and label exposure disclosed; not fully unseen
PROT-0416,tables/02_protected_period_metrics.csv,holdout|2023|model_stage_v1__coarse__pytorch_mlp__epochs_200__003,f1_ci_upper,0.4774898062281239,Upper 97.5th percentile clustered-bootstrap F1 bound.,economic_group_id clustered bootstrap,source precision; recommended display 4 decimals for metrics,reports/protected_period_extension_v1/holdout_report_v1_0_1.json,d69f75628687341d13976898e873b2cc849c1613c4ca131c766b59937ff88325,metric_rows[3],holdout,final temporal model-performance holdout 2023-2024,temporal_holdout_with_mandatory_prior_exposure_disclosure,temporal holdout; prior aggregate and label exposure disclosed; not fully unseen
PROT-0417,tables/02_protected_period_metrics.csv,holdout|2023|model_stage_v1__coarse__pytorch_mlp__epochs_200__003,bootstrap_replicates,2000,Requested clustered-bootstrap replicates.,economic_group_id clusters,source precision; recommended display 4 decimals for metrics,reports/protected_period_extension_v1/holdout_report_v1_0_1.json,d69f75628687341d13976898e873b2cc849c1613c4ca131c766b59937ff88325,metric_rows[3],holdout,final temporal model-performance holdout 2023-2024,temporal_holdout_with_mandatory_prior_exposure_disclosure,temporal holdout; prior aggregate and label exposure disclosed; not fully unseen
PROT-0418,tables/02_protected_period_metrics.csv,holdout|2023|model_stage_v1__coarse__pytorch_mlp__epochs_200__003,bootstrap_valid_replicates,2000,Valid non-degenerate clustered-bootstrap replicates.,requested bootstrap replicates,source precision; recommended display 4 decimals for metrics,reports/protected_period_extension_v1/holdout_report_v1_0_1.json,d69f75628687341d13976898e873b2cc849c1613c4ca131c766b59937ff88325,metric_rows[3],holdout,final temporal model-performance holdout 2023-2024,temporal_holdout_with_mandatory_prior_exposure_disclosure,temporal holdout; prior aggregate and label exposure disclosed; not fully unseen
PROT-0419,tables/02_protected_period_metrics.csv,holdout|2023|model_stage_v1__coarse__random_forest__003,year,2023,Feature/prediction year.,not applicable,source precision; recommended display 4 decimals for metrics,reports/protected_period_extension_v1/holdout_report_v1_0_1.json,d69f75628687341d13976898e873b2cc849c1613c4ca131c766b59937ff88325,metric_rows[2],holdout,final temporal model-performance holdout 2023-2024,temporal_holdout_with_mandatory_prior_exposure_disclosure,temporal holdout; prior aggregate and label exposure disclosed; not fully unseen
PROT-0420,tables/02_protected_period_metrics.csv,holdout|2023|model_stage_v1__coarse__random_forest__003,n,1575,Number of evaluable company-year observations.,aligned available-label observations,source precision; recommended display 4 decimals for metrics,reports/protected_period_extension_v1/holdout_report_v1_0_1.json,d69f75628687341d13976898e873b2cc849c1613c4ca131c766b59937ff88325,metric_rows[2],holdout,final temporal model-performance holdout 2023-2024,temporal_holdout_with_mandatory_prior_exposure_disclosure,temporal holdout; prior aggregate and label exposure disclosed; not fully unseen
PROT-0421,tables/02_protected_period_metrics.csv,holdout|2023|model_stage_v1__coarse__random_forest__003,positive_n,300,Number of positive target labels.,aligned available-label observations,source precision; recommended display 4 decimals for metrics,reports/protected_period_extension_v1/holdout_report_v1_0_1.json,d69f75628687341d13976898e873b2cc849c1613c4ca131c766b59937ff88325,metric_rows[2],holdout,final temporal model-performance holdout 2023-2024,temporal_holdout_with_mandatory_prior_exposure_disclosure,temporal holdout; prior aggregate and label exposure disclosed; not fully unseen
PROT-0422,tables/02_protected_period_metrics.csv,holdout|2023|model_stage_v1__coarse__random_forest__003,average_precision,0.41380894364907556,"Average precision, historically labelled PR-AUC.",aligned available-label observations,source precision; recommended display 4 decimals for metrics,reports/protected_period_extension_v1/holdout_report_v1_0_1.json,d69f75628687341d13976898e873b2cc849c1613c4ca131c766b59937ff88325,metric_rows[2],holdout,final temporal model-performance holdout 2023-2024,temporal_holdout_with_mandatory_prior_exposure_disclosure,temporal holdout; prior aggregate and label exposure disclosed; not fully unseen
PROT-0423,tables/02_protected_period_metrics.csv,holdout|2023|model_stage_v1__coarse__random_forest__003,roc_auc,0.7401098039215687,ROC-AUC.,aligned available-label observations,source precision; recommended display 4 decimals for metrics,reports/protected_period_extension_v1/holdout_report_v1_0_1.json,d69f75628687341d13976898e873b2cc849c1613c4ca131c766b59937ff88325,metric_rows[2],holdout,final temporal model-performance holdout 2023-2024,temporal_holdout_with_mandatory_prior_exposure_disclosure,temporal holdout; prior aggregate and label exposure disclosed; not fully unseen
PROT-0424,tables/02_protected_period_metrics.csv,holdout|2023|model_stage_v1__coarse__random_forest__003,brier_score,0.13549473679992316,Mean squared probabilistic forecast error.,aligned available-label observations,source precision; recommended display 4 decimals for metrics,reports/protected_period_extension_v1/holdout_report_v1_0_1.json,d69f75628687341d13976898e873b2cc849c1613c4ca131c766b59937ff88325,metric_rows[2],holdout,final temporal model-performance holdout 2023-2024,temporal_holdout_with_mandatory_prior_exposure_disclosure,temporal holdout; prior aggregate and label exposure disclosed; not fully unseen
PROT-0425,tables/02_protected_period_metrics.csv,holdout|2023|model_stage_v1__coarse__random_forest__003,f1_frozen_threshold,0.4658536585365854,F1 at the frozen development threshold.,aligned available-label observations,source precision; recommended display 4 decimals for metrics,reports/protected_period_extension_v1/holdout_report_v1_0_1.json,d69f75628687341d13976898e873b2cc849c1613c4ca131c766b59937ff88325,metric_rows[2],holdout,final temporal model-performance holdout 2023-2024,temporal_holdout_with_mandatory_prior_exposure_disclosure,temporal holdout; prior aggregate and label exposure disclosed; not fully unseen
PROT-0426,tables/02_protected_period_metrics.csv,holdout|2023|model_stage_v1__coarse__random_forest__003,precision_frozen_threshold,0.36730769230769234,Precision at the frozen development threshold.,predicted positives,source precision; recommended display 4 decimals for metrics,reports/protected_period_extension_v1/holdout_report_v1_0_1.json,d69f75628687341d13976898e873b2cc849c1613c4ca131c766b59937ff88325,metric_rows[2],holdout,final temporal model-performance holdout 2023-2024,temporal_holdout_with_mandatory_prior_exposure_disclosure,temporal holdout; prior aggregate and label exposure disclosed; not fully unseen
PROT-0427,tables/02_protected_period_metrics.csv,holdout|2023|model_stage_v1__coarse__random_forest__003,recall_frozen_threshold,0.6366666666666667,Recall at the frozen development threshold.,positive labels,source precision; recommended display 4 decimals for metrics,reports/protected_period_extension_v1/holdout_report_v1_0_1.json,d69f75628687341d13976898e873b2cc849c1613c4ca131c766b59937ff88325,metric_rows[2],holdout,final temporal model-performance holdout 2023-2024,temporal_holdout_with_mandatory_prior_exposure_disclosure,temporal holdout; prior aggregate and label exposure disclosed; not fully unseen
PROT-0428,tables/02_protected_period_metrics.csv,holdout|2023|model_stage_v1__coarse__random_forest__003,average_precision_ci_lower,0.3617784228902864,Lower 2.5th percentile clustered-bootstrap AP bound.,economic_group_id clustered bootstrap,source precision; recommended display 4 decimals for metrics,reports/protected_period_extension_v1/holdout_report_v1_0_1.json,d69f75628687341d13976898e873b2cc849c1613c4ca131c766b59937ff88325,metric_rows[2],holdout,final temporal model-performance holdout 2023-2024,temporal_holdout_with_mandatory_prior_exposure_disclosure,temporal holdout; prior aggregate and label exposure disclosed; not fully unseen
PROT-0429,tables/02_protected_period_metrics.csv,holdout|2023|model_stage_v1__coarse__random_forest__003,average_precision_ci_upper,0.4734307883166989,Upper 97.5th percentile clustered-bootstrap AP bound.,economic_group_id clustered bootstrap,source precision; recommended display 4 decimals for metrics,reports/protected_period_extension_v1/holdout_report_v1_0_1.json,d69f75628687341d13976898e873b2cc849c1613c4ca131c766b59937ff88325,metric_rows[2],holdout,final temporal model-performance holdout 2023-2024,temporal_holdout_with_mandatory_prior_exposure_disclosure,temporal holdout; prior aggregate and label exposure disclosed; not fully unseen
PROT-0430,tables/02_protected_period_metrics.csv,holdout|2023|model_stage_v1__coarse__random_forest__003,roc_auc_ci_lower,0.7075387966404513,Lower 2.5th percentile clustered-bootstrap ROC-AUC bound.,economic_group_id clustered bootstrap,source precision; recommended display 4 decimals for metrics,reports/protected_period_extension_v1/holdout_report_v1_0_1.json,d69f75628687341d13976898e873b2cc849c1613c4ca131c766b59937ff88325,metric_rows[2],holdout,final temporal model-performance holdout 2023-2024,temporal_holdout_with_mandatory_prior_exposure_disclosure,temporal holdout; prior aggregate and label exposure disclosed; not fully unseen
PROT-0431,tables/02_protected_period_metrics.csv,holdout|2023|model_stage_v1__coarse__random_forest__003,roc_auc_ci_upper,0.7700306876090286,Upper 97.5th percentile clustered-bootstrap ROC-AUC bound.,economic_group_id clustered bootstrap,source precision; recommended display 4 decimals for metrics,reports/protected_period_extension_v1/holdout_report_v1_0_1.json,d69f75628687341d13976898e873b2cc849c1613c4ca131c766b59937ff88325,metric_rows[2],holdout,final temporal model-performance holdout 2023-2024,temporal_holdout_with_mandatory_prior_exposure_disclosure,temporal holdout; prior aggregate and label exposure disclosed; not fully unseen
PROT-0432,tables/02_protected_period_metrics.csv,holdout|2023|model_stage_v1__coarse__random_forest__003,f1_ci_lower,0.42392558749112624,Lower 2.5th percentile clustered-bootstrap F1 bound.,economic_group_id clustered bootstrap,source precision; recommended display 4 decimals for metrics,reports/protected_period_extension_v1/holdout_report_v1_0_1.json,d69f75628687341d13976898e873b2cc849c1613c4ca131c766b59937ff88325,metric_rows[2],holdout,final temporal model-performance holdout 2023-2024,temporal_holdout_with_mandatory_prior_exposure_disclosure,temporal holdout; prior aggregate and label exposure disclosed; not fully unseen
PROT-0433,tables/02_protected_period_metrics.csv,holdout|2023|model_stage_v1__coarse__random_forest__003,f1_ci_upper,0.507610693400167,Upper 97.5th percentile clustered-bootstrap F1 bound.,economic_group_id clustered bootstrap,source precision; recommended display 4 decimals for metrics,reports/protected_period_extension_v1/holdout_report_v1_0_1.json,d69f75628687341d13976898e873b2cc849c1613c4ca131c766b59937ff88325,metric_rows[2],holdout,final temporal model-performance holdout 2023-2024,temporal_holdout_with_mandatory_prior_exposure_disclosure,temporal holdout; prior aggregate and label exposure disclosed; not fully unseen
PROT-0434,tables/02_protected_period_metrics.csv,holdout|2023|model_stage_v1__coarse__random_forest__003,bootstrap_replicates,2000,Requested clustered-bootstrap replicates.,economic_group_id clusters,source precision; recommended display 4 decimals for metrics,reports/protected_period_extension_v1/holdout_report_v1_0_1.json,d69f75628687341d13976898e873b2cc849c1613c4ca131c766b59937ff88325,metric_rows[2],holdout,final temporal model-performance holdout 2023-2024,temporal_holdout_with_mandatory_prior_exposure_disclosure,temporal holdout; prior aggregate and label exposure disclosed; not fully unseen
PROT-0435,tables/02_protected_period_metrics.csv,holdout|2023|model_stage_v1__coarse__random_forest__003,bootstrap_valid_replicates,2000,Valid non-degenerate clustered-bootstrap replicates.,requested bootstrap replicates,source precision; recommended display 4 decimals for metrics,reports/protected_period_extension_v1/holdout_report_v1_0_1.json,d69f75628687341d13976898e873b2cc849c1613c4ca131c766b59937ff88325,metric_rows[2],holdout,final temporal model-performance holdout 2023-2024,temporal_holdout_with_mandatory_prior_exposure_disclosure,temporal holdout; prior aggregate and label exposure disclosed; not fully unseen
PROT-0436,tables/02_protected_period_metrics.csv,holdout|2023|model_stage_v1__coarse__rbf_svm__004,year,2023,Feature/prediction year.,not applicable,source precision; recommended display 4 decimals for metrics,reports/protected_period_extension_v1/holdout_report_v1_0_1.json,d69f75628687341d13976898e873b2cc849c1613c4ca131c766b59937ff88325,metric_rows[4],holdout,final temporal model-performance holdout 2023-2024,temporal_holdout_with_mandatory_prior_exposure_disclosure,temporal holdout; prior aggregate and label exposure disclosed; not fully unseen
PROT-0437,tables/02_protected_period_metrics.csv,holdout|2023|model_stage_v1__coarse__rbf_svm__004,n,1575,Number of evaluable company-year observations.,aligned available-label observations,source precision; recommended display 4 decimals for metrics,reports/protected_period_extension_v1/holdout_report_v1_0_1.json,d69f75628687341d13976898e873b2cc849c1613c4ca131c766b59937ff88325,metric_rows[4],holdout,final temporal model-performance holdout 2023-2024,temporal_holdout_with_mandatory_prior_exposure_disclosure,temporal holdout; prior aggregate and label exposure disclosed; not fully unseen
PROT-0438,tables/02_protected_period_metrics.csv,holdout|2023|model_stage_v1__coarse__rbf_svm__004,positive_n,300,Number of positive target labels.,aligned available-label observations,source precision; recommended display 4 decimals for metrics,reports/protected_period_extension_v1/holdout_report_v1_0_1.json,d69f75628687341d13976898e873b2cc849c1613c4ca131c766b59937ff88325,metric_rows[4],holdout,final temporal model-performance holdout 2023-2024,temporal_holdout_with_mandatory_prior_exposure_disclosure,temporal holdout; prior aggregate and label exposure disclosed; not fully unseen
PROT-0439,tables/02_protected_period_metrics.csv,holdout|2023|model_stage_v1__coarse__rbf_svm__004,average_precision,0.36412756680393626,"Average precision, historically labelled PR-AUC.",aligned available-label observations,source precision; recommended display 4 decimals for metrics,reports/protected_period_extension_v1/holdout_report_v1_0_1.json,d69f75628687341d13976898e873b2cc849c1613c4ca131c766b59937ff88325,metric_rows[4],holdout,final temporal model-performance holdout 2023-2024,temporal_holdout_with_mandatory_prior_exposure_disclosure,temporal holdout; prior aggregate and label exposure disclosed; not fully unseen
PROT-0440,tables/02_protected_period_metrics.csv,holdout|2023|model_stage_v1__coarse__rbf_svm__004,roc_auc,0.6942326797385621,ROC-AUC.,aligned available-label observations,source precision; recommended display 4 decimals for metrics,reports/protected_period_extension_v1/holdout_report_v1_0_1.json,d69f75628687341d13976898e873b2cc849c1613c4ca131c766b59937ff88325,metric_rows[4],holdout,final temporal model-performance holdout 2023-2024,temporal_holdout_with_mandatory_prior_exposure_disclosure,temporal holdout; prior aggregate and label exposure disclosed; not fully unseen
PROT-0441,tables/02_protected_period_metrics.csv,holdout|2023|model_stage_v1__coarse__rbf_svm__004,brier_score,0.1444156161527941,Mean squared probabilistic forecast error.,aligned available-label observations,source precision; recommended display 4 decimals for metrics,reports/protected_period_extension_v1/holdout_report_v1_0_1.json,d69f75628687341d13976898e873b2cc849c1613c4ca131c766b59937ff88325,metric_rows[4],holdout,final temporal model-performance holdout 2023-2024,temporal_holdout_with_mandatory_prior_exposure_disclosure,temporal holdout; prior aggregate and label exposure disclosed; not fully unseen
PROT-0442,tables/02_protected_period_metrics.csv,holdout|2023|model_stage_v1__coarse__rbf_svm__004,f1_frozen_threshold,0.4350132625994695,F1 at the frozen development threshold.,aligned available-label observations,source precision; recommended display 4 decimals for metrics,reports/protected_period_extension_v1/holdout_report_v1_0_1.json,d69f75628687341d13976898e873b2cc849c1613c4ca131c766b59937ff88325,metric_rows[4],holdout,final temporal model-performance holdout 2023-2024,temporal_holdout_with_mandatory_prior_exposure_disclosure,temporal holdout; prior aggregate and label exposure disclosed; not fully unseen
PROT-0443,tables/02_protected_period_metrics.csv,holdout|2023|model_stage_v1__coarse__rbf_svm__004,precision_frozen_threshold,0.36123348017621143,Precision at the frozen development threshold.,predicted positives,source precision; recommended display 4 decimals for metrics,reports/protected_period_extension_v1/holdout_report_v1_0_1.json,d69f75628687341d13976898e873b2cc849c1613c4ca131c766b59937ff88325,metric_rows[4],holdout,final temporal model-performance holdout 2023-2024,temporal_holdout_with_mandatory_prior_exposure_disclosure,temporal holdout; prior aggregate and label exposure disclosed; not fully unseen
PROT-0444,tables/02_protected_period_metrics.csv,holdout|2023|model_stage_v1__coarse__rbf_svm__004,recall_frozen_threshold,0.5466666666666666,Recall at the frozen development threshold.,positive labels,source precision; recommended display 4 decimals for metrics,reports/protected_period_extension_v1/holdout_report_v1_0_1.json,d69f75628687341d13976898e873b2cc849c1613c4ca131c766b59937ff88325,metric_rows[4],holdout,final temporal model-performance holdout 2023-2024,temporal_holdout_with_mandatory_prior_exposure_disclosure,temporal holdout; prior aggregate and label exposure disclosed; not fully unseen
PROT-0445,tables/02_protected_period_metrics.csv,holdout|2023|model_stage_v1__coarse__rbf_svm__004,average_precision_ci_lower,0.31535556760206734,Lower 2.5th percentile clustered-bootstrap AP bound.,economic_group_id clustered bootstrap,source precision; recommended display 4 decimals for metrics,reports/protected_period_extension_v1/holdout_report_v1_0_1.json,d69f75628687341d13976898e873b2cc849c1613c4ca131c766b59937ff88325,metric_rows[4],holdout,final temporal model-performance holdout 2023-2024,temporal_holdout_with_mandatory_prior_exposure_disclosure,temporal holdout; prior aggregate and label exposure disclosed; not fully unseen
PROT-0446,tables/02_protected_period_metrics.csv,holdout|2023|model_stage_v1__coarse__rbf_svm__004,average_precision_ci_upper,0.4186509440456178,Upper 97.5th percentile clustered-bootstrap AP bound.,economic_group_id clustered bootstrap,source precision; recommended display 4 decimals for metrics,reports/protected_period_extension_v1/holdout_report_v1_0_1.json,d69f75628687341d13976898e873b2cc849c1613c4ca131c766b59937ff88325,metric_rows[4],holdout,final temporal model-performance holdout 2023-2024,temporal_holdout_with_mandatory_prior_exposure_disclosure,temporal holdout; prior aggregate and label exposure disclosed; not fully unseen
PROT-0447,tables/02_protected_period_metrics.csv,holdout|2023|model_stage_v1__coarse__rbf_svm__004,roc_auc_ci_lower,0.6580933119242312,Lower 2.5th percentile clustered-bootstrap ROC-AUC bound.,economic_group_id clustered bootstrap,source precision; recommended display 4 decimals for metrics,reports/protected_period_extension_v1/holdout_report_v1_0_1.json,d69f75628687341d13976898e873b2cc849c1613c4ca131c766b59937ff88325,metric_rows[4],holdout,final temporal model-performance holdout 2023-2024,temporal_holdout_with_mandatory_prior_exposure_disclosure,temporal holdout; prior aggregate and label exposure disclosed; not fully unseen
PROT-0448,tables/02_protected_period_metrics.csv,holdout|2023|model_stage_v1__coarse__rbf_svm__004,roc_auc_ci_upper,0.7290247493614916,Upper 97.5th percentile clustered-bootstrap ROC-AUC bound.,economic_group_id clustered bootstrap,source precision; recommended display 4 decimals for metrics,reports/protected_period_extension_v1/holdout_report_v1_0_1.json,d69f75628687341d13976898e873b2cc849c1613c4ca131c766b59937ff88325,metric_rows[4],holdout,final temporal model-performance holdout 2023-2024,temporal_holdout_with_mandatory_prior_exposure_disclosure,temporal holdout; prior aggregate and label exposure disclosed; not fully unseen
PROT-0449,tables/02_protected_period_metrics.csv,holdout|2023|model_stage_v1__coarse__rbf_svm__004,f1_ci_lower,0.3896812555012454,Lower 2.5th percentile clustered-bootstrap F1 bound.,economic_group_id clustered bootstrap,source precision; recommended display 4 decimals for metrics,reports/protected_period_extension_v1/holdout_report_v1_0_1.json,d69f75628687341d13976898e873b2cc849c1613c4ca131c766b59937ff88325,metric_rows[4],holdout,final temporal model-performance holdout 2023-2024,temporal_holdout_with_mandatory_prior_exposure_disclosure,temporal holdout; prior aggregate and label exposure disclosed; not fully unseen
PROT-0450,tables/02_protected_period_metrics.csv,holdout|2023|model_stage_v1__coarse__rbf_svm__004,f1_ci_upper,0.4779262172090857,Upper 97.5th percentile clustered-bootstrap F1 bound.,economic_group_id clustered bootstrap,source precision; recommended display 4 decimals for metrics,reports/protected_period_extension_v1/holdout_report_v1_0_1.json,d69f75628687341d13976898e873b2cc849c1613c4ca131c766b59937ff88325,metric_rows[4],holdout,final temporal model-performance holdout 2023-2024,temporal_holdout_with_mandatory_prior_exposure_disclosure,temporal holdout; prior aggregate and label exposure disclosed; not fully unseen
PROT-0451,tables/02_protected_period_metrics.csv,holdout|2023|model_stage_v1__coarse__rbf_svm__004,bootstrap_replicates,2000,Requested clustered-bootstrap replicates.,economic_group_id clusters,source precision; recommended display 4 decimals for metrics,reports/protected_period_extension_v1/holdout_report_v1_0_1.json,d69f75628687341d13976898e873b2cc849c1613c4ca131c766b59937ff88325,metric_rows[4],holdout,final temporal model-performance holdout 2023-2024,temporal_holdout_with_mandatory_prior_exposure_disclosure,temporal holdout; prior aggregate and label exposure disclosed; not fully unseen
PROT-0452,tables/02_protected_period_metrics.csv,holdout|2023|model_stage_v1__coarse__rbf_svm__004,bootstrap_valid_replicates,2000,Valid non-degenerate clustered-bootstrap replicates.,requested bootstrap replicates,source precision; recommended display 4 decimals for metrics,reports/protected_period_extension_v1/holdout_report_v1_0_1.json,d69f75628687341d13976898e873b2cc849c1613c4ca131c766b59937ff88325,metric_rows[4],holdout,final temporal model-performance holdout 2023-2024,temporal_holdout_with_mandatory_prior_exposure_disclosure,temporal holdout; prior aggregate and label exposure disclosed; not fully unseen
PROT-0453,tables/02_protected_period_metrics.csv,holdout|2023|model_stage_v1__coarse__xgboost__004,year,2023,Feature/prediction year.,not applicable,source precision; recommended display 4 decimals for metrics,reports/protected_period_extension_v1/holdout_report_v1_0_1.json,d69f75628687341d13976898e873b2cc849c1613c4ca131c766b59937ff88325,metric_rows[0],holdout,final temporal model-performance holdout 2023-2024,temporal_holdout_with_mandatory_prior_exposure_disclosure,temporal holdout; prior aggregate and label exposure disclosed; not fully unseen
PROT-0454,tables/02_protected_period_metrics.csv,holdout|2023|model_stage_v1__coarse__xgboost__004,n,1575,Number of evaluable company-year observations.,aligned available-label observations,source precision; recommended display 4 decimals for metrics,reports/protected_period_extension_v1/holdout_report_v1_0_1.json,d69f75628687341d13976898e873b2cc849c1613c4ca131c766b59937ff88325,metric_rows[0],holdout,final temporal model-performance holdout 2023-2024,temporal_holdout_with_mandatory_prior_exposure_disclosure,temporal holdout; prior aggregate and label exposure disclosed; not fully unseen
PROT-0455,tables/02_protected_period_metrics.csv,holdout|2023|model_stage_v1__coarse__xgboost__004,positive_n,300,Number of positive target labels.,aligned available-label observations,source precision; recommended display 4 decimals for metrics,reports/protected_period_extension_v1/holdout_report_v1_0_1.json,d69f75628687341d13976898e873b2cc849c1613c4ca131c766b59937ff88325,metric_rows[0],holdout,final temporal model-performance holdout 2023-2024,temporal_holdout_with_mandatory_prior_exposure_disclosure,temporal holdout; prior aggregate and label exposure disclosed; not fully unseen
PROT-0456,tables/02_protected_period_metrics.csv,holdout|2023|model_stage_v1__coarse__xgboost__004,average_precision,0.39836778537338313,"Average precision, historically labelled PR-AUC.",aligned available-label observations,source precision; recommended display 4 decimals for metrics,reports/protected_period_extension_v1/holdout_report_v1_0_1.json,d69f75628687341d13976898e873b2cc849c1613c4ca131c766b59937ff88325,metric_rows[0],holdout,final temporal model-performance holdout 2023-2024,temporal_holdout_with_mandatory_prior_exposure_disclosure,temporal holdout; prior aggregate and label exposure disclosed; not fully unseen
PROT-0457,tables/02_protected_period_metrics.csv,holdout|2023|model_stage_v1__coarse__xgboost__004,roc_auc,0.7366261437908497,ROC-AUC.,aligned available-label observations,source precision; recommended display 4 decimals for metrics,reports/protected_period_extension_v1/holdout_report_v1_0_1.json,d69f75628687341d13976898e873b2cc849c1613c4ca131c766b59937ff88325,metric_rows[0],holdout,final temporal model-performance holdout 2023-2024,temporal_holdout_with_mandatory_prior_exposure_disclosure,temporal holdout; prior aggregate and label exposure disclosed; not fully unseen
PROT-0458,tables/02_protected_period_metrics.csv,holdout|2023|model_stage_v1__coarse__xgboost__004,brier_score,0.1364540284732319,Mean squared probabilistic forecast error.,aligned available-label observations,source precision; recommended display 4 decimals for metrics,reports/protected_period_extension_v1/holdout_report_v1_0_1.json,d69f75628687341d13976898e873b2cc849c1613c4ca131c766b59937ff88325,metric_rows[0],holdout,final temporal model-performance holdout 2023-2024,temporal_holdout_with_mandatory_prior_exposure_disclosure,temporal holdout; prior aggregate and label exposure disclosed; not fully unseen
PROT-0459,tables/02_protected_period_metrics.csv,holdout|2023|model_stage_v1__coarse__xgboost__004,f1_frozen_threshold,0.4643734643734644,F1 at the frozen development threshold.,aligned available-label observations,source precision; recommended display 4 decimals for metrics,reports/protected_period_extension_v1/holdout_report_v1_0_1.json,d69f75628687341d13976898e873b2cc849c1613c4ca131c766b59937ff88325,metric_rows[0],holdout,final temporal model-performance holdout 2023-2024,temporal_holdout_with_mandatory_prior_exposure_disclosure,temporal holdout; prior aggregate and label exposure disclosed; not fully unseen
PROT-0460,tables/02_protected_period_metrics.csv,holdout|2023|model_stage_v1__coarse__xgboost__004,precision_frozen_threshold,0.36770428015564205,Precision at the frozen development threshold.,predicted positives,source precision; recommended display 4 decimals for metrics,reports/protected_period_extension_v1/holdout_report_v1_0_1.json,d69f75628687341d13976898e873b2cc849c1613c4ca131c766b59937ff88325,metric_rows[0],holdout,final temporal model-performance holdout 2023-2024,temporal_holdout_with_mandatory_prior_exposure_disclosure,temporal holdout; prior aggregate and label exposure disclosed; not fully unseen
PROT-0461,tables/02_protected_period_metrics.csv,holdout|2023|model_stage_v1__coarse__xgboost__004,recall_frozen_threshold,0.63,Recall at the frozen development threshold.,positive labels,source precision; recommended display 4 decimals for metrics,reports/protected_period_extension_v1/holdout_report_v1_0_1.json,d69f75628687341d13976898e873b2cc849c1613c4ca131c766b59937ff88325,metric_rows[0],holdout,final temporal model-performance holdout 2023-2024,temporal_holdout_with_mandatory_prior_exposure_disclosure,temporal holdout; prior aggregate and label exposure disclosed; not fully unseen
PROT-0462,tables/02_protected_period_metrics.csv,holdout|2023|model_stage_v1__coarse__xgboost__004,average_precision_ci_lower,0.3478005492461116,Lower 2.5th percentile clustered-bootstrap AP bound.,economic_group_id clustered bootstrap,source precision; recommended display 4 decimals for metrics,reports/protected_period_extension_v1/holdout_report_v1_0_1.json,d69f75628687341d13976898e873b2cc849c1613c4ca131c766b59937ff88325,metric_rows[0],holdout,final temporal model-performance holdout 2023-2024,temporal_holdout_with_mandatory_prior_exposure_disclosure,temporal holdout; prior aggregate and label exposure disclosed; not fully unseen
PROT-0463,tables/02_protected_period_metrics.csv,holdout|2023|model_stage_v1__coarse__xgboost__004,average_precision_ci_upper,0.45989929729739215,Upper 97.5th percentile clustered-bootstrap AP bound.,economic_group_id clustered bootstrap,source precision; recommended display 4 decimals for metrics,reports/protected_period_extension_v1/holdout_report_v1_0_1.json,d69f75628687341d13976898e873b2cc849c1613c4ca131c766b59937ff88325,metric_rows[0],holdout,final temporal model-performance holdout 2023-2024,temporal_holdout_with_mandatory_prior_exposure_disclosure,temporal holdout; prior aggregate and label exposure disclosed; not fully unseen
PROT-0464,tables/02_protected_period_metrics.csv,holdout|2023|model_stage_v1__coarse__xgboost__004,roc_auc_ci_lower,0.7073801940133443,Lower 2.5th percentile clustered-bootstrap ROC-AUC bound.,economic_group_id clustered bootstrap,source precision; recommended display 4 decimals for metrics,reports/protected_period_extension_v1/holdout_report_v1_0_1.json,d69f75628687341d13976898e873b2cc849c1613c4ca131c766b59937ff88325,metric_rows[0],holdout,final temporal model-performance holdout 2023-2024,temporal_holdout_with_mandatory_prior_exposure_disclosure,temporal holdout; prior aggregate and label exposure disclosed; not fully unseen
PROT-0465,tables/02_protected_period_metrics.csv,holdout|2023|model_stage_v1__coarse__xgboost__004,roc_auc_ci_upper,0.7670706796093307,Upper 97.5th percentile clustered-bootstrap ROC-AUC bound.,economic_group_id clustered bootstrap,source precision; recommended display 4 decimals for metrics,reports/protected_period_extension_v1/holdout_report_v1_0_1.json,d69f75628687341d13976898e873b2cc849c1613c4ca131c766b59937ff88325,metric_rows[0],holdout,final temporal model-performance holdout 2023-2024,temporal_holdout_with_mandatory_prior_exposure_disclosure,temporal holdout; prior aggregate and label exposure disclosed; not fully unseen
PROT-0466,tables/02_protected_period_metrics.csv,holdout|2023|model_stage_v1__coarse__xgboost__004,f1_ci_lower,0.42415349368037336,Lower 2.5th percentile clustered-bootstrap F1 bound.,economic_group_id clustered bootstrap,source precision; recommended display 4 decimals for metrics,reports/protected_period_extension_v1/holdout_report_v1_0_1.json,d69f75628687341d13976898e873b2cc849c1613c4ca131c766b59937ff88325,metric_rows[0],holdout,final temporal model-performance holdout 2023-2024,temporal_holdout_with_mandatory_prior_exposure_disclosure,temporal holdout; prior aggregate and label exposure disclosed; not fully unseen
PROT-0467,tables/02_protected_period_metrics.csv,holdout|2023|model_stage_v1__coarse__xgboost__004,f1_ci_upper,0.5062058899604626,Upper 97.5th percentile clustered-bootstrap F1 bound.,economic_group_id clustered bootstrap,source precision; recommended display 4 decimals for metrics,reports/protected_period_extension_v1/holdout_report_v1_0_1.json,d69f75628687341d13976898e873b2cc849c1613c4ca131c766b59937ff88325,metric_rows[0],holdout,final temporal model-performance holdout 2023-2024,temporal_holdout_with_mandatory_prior_exposure_disclosure,temporal holdout; prior aggregate and label exposure disclosed; not fully unseen
PROT-0468,tables/02_protected_period_metrics.csv,holdout|2023|model_stage_v1__coarse__xgboost__004,bootstrap_replicates,2000,Requested clustered-bootstrap replicates.,economic_group_id clusters,source precision; recommended display 4 decimals for metrics,reports/protected_period_extension_v1/holdout_report_v1_0_1.json,d69f75628687341d13976898e873b2cc849c1613c4ca131c766b59937ff88325,metric_rows[0],holdout,final temporal model-performance holdout 2023-2024,temporal_holdout_with_mandatory_prior_exposure_disclosure,temporal holdout; prior aggregate and label exposure disclosed; not fully unseen
PROT-0469,tables/02_protected_period_metrics.csv,holdout|2023|model_stage_v1__coarse__xgboost__004,bootstrap_valid_replicates,2000,Valid non-degenerate clustered-bootstrap replicates.,requested bootstrap replicates,source precision; recommended display 4 decimals for metrics,reports/protected_period_extension_v1/holdout_report_v1_0_1.json,d69f75628687341d13976898e873b2cc849c1613c4ca131c766b59937ff88325,metric_rows[0],holdout,final temporal model-performance holdout 2023-2024,temporal_holdout_with_mandatory_prior_exposure_disclosure,temporal holdout; prior aggregate and label exposure disclosed; not fully unseen
PROT-0470,tables/02_protected_period_metrics.csv,holdout|2023|model_stage_v1__qnn_q2__t0,year,2023,Feature/prediction year.,not applicable,source precision; recommended display 4 decimals for metrics,reports/protected_period_extension_v1/holdout_report_v1_0_1.json,d69f75628687341d13976898e873b2cc849c1613c4ca131c766b59937ff88325,metric_rows[5],holdout,final temporal model-performance holdout 2023-2024,temporal_holdout_with_mandatory_prior_exposure_disclosure,temporal holdout; prior aggregate and label exposure disclosed; not fully unseen
PROT-0471,tables/02_protected_period_metrics.csv,holdout|2023|model_stage_v1__qnn_q2__t0,n,1575,Number of evaluable company-year observations.,aligned available-label observations,source precision; recommended display 4 decimals for metrics,reports/protected_period_extension_v1/holdout_report_v1_0_1.json,d69f75628687341d13976898e873b2cc849c1613c4ca131c766b59937ff88325,metric_rows[5],holdout,final temporal model-performance holdout 2023-2024,temporal_holdout_with_mandatory_prior_exposure_disclosure,temporal holdout; prior aggregate and label exposure disclosed; not fully unseen
PROT-0472,tables/02_protected_period_metrics.csv,holdout|2023|model_stage_v1__qnn_q2__t0,positive_n,300,Number of positive target labels.,aligned available-label observations,source precision; recommended display 4 decimals for metrics,reports/protected_period_extension_v1/holdout_report_v1_0_1.json,d69f75628687341d13976898e873b2cc849c1613c4ca131c766b59937ff88325,metric_rows[5],holdout,final temporal model-performance holdout 2023-2024,temporal_holdout_with_mandatory_prior_exposure_disclosure,temporal holdout; prior aggregate and label exposure disclosed; not fully unseen
PROT-0473,tables/02_protected_period_metrics.csv,holdout|2023|model_stage_v1__qnn_q2__t0,average_precision,0.3579745967737268,"Average precision, historically labelled PR-AUC.",aligned available-label observations,source precision; recommended display 4 decimals for metrics,reports/protected_period_extension_v1/holdout_report_v1_0_1.json,d69f75628687341d13976898e873b2cc849c1613c4ca131c766b59937ff88325,metric_rows[5],holdout,final temporal model-performance holdout 2023-2024,temporal_holdout_with_mandatory_prior_exposure_disclosure,temporal holdout; prior aggregate and label exposure disclosed; not fully unseen
PROT-0474,tables/02_protected_period_metrics.csv,holdout|2023|model_stage_v1__qnn_q2__t0,roc_auc,0.7182457516339869,ROC-AUC.,aligned available-label observations,source precision; recommended display 4 decimals for metrics,reports/protected_period_extension_v1/holdout_report_v1_0_1.json,d69f75628687341d13976898e873b2cc849c1613c4ca131c766b59937ff88325,metric_rows[5],holdout,final temporal model-performance holdout 2023-2024,temporal_holdout_with_mandatory_prior_exposure_disclosure,temporal holdout; prior aggregate and label exposure disclosed; not fully unseen
PROT-0475,tables/02_protected_period_metrics.csv,holdout|2023|model_stage_v1__qnn_q2__t0,brier_score,0.14051099762380115,Mean squared probabilistic forecast error.,aligned available-label observations,source precision; recommended display 4 decimals for metrics,reports/protected_period_extension_v1/holdout_report_v1_0_1.json,d69f75628687341d13976898e873b2cc849c1613c4ca131c766b59937ff88325,metric_rows[5],holdout,final temporal model-performance holdout 2023-2024,temporal_holdout_with_mandatory_prior_exposure_disclosure,temporal holdout; prior aggregate and label exposure disclosed; not fully unseen
PROT-0476,tables/02_protected_period_metrics.csv,holdout|2023|model_stage_v1__qnn_q2__t0,f1_frozen_threshold,0.4312169312169312,F1 at the frozen development threshold.,aligned available-label observations,source precision; recommended display 4 decimals for metrics,reports/protected_period_extension_v1/holdout_report_v1_0_1.json,d69f75628687341d13976898e873b2cc849c1613c4ca131c766b59937ff88325,metric_rows[5],holdout,final temporal model-performance holdout 2023-2024,temporal_holdout_with_mandatory_prior_exposure_disclosure,temporal holdout; prior aggregate and label exposure disclosed; not fully unseen
PROT-0477,tables/02_protected_period_metrics.csv,holdout|2023|model_stage_v1__qnn_q2__t0,precision_frozen_threshold,0.3574561403508772,Precision at the frozen development threshold.,predicted positives,source precision; recommended display 4 decimals for metrics,reports/protected_period_extension_v1/holdout_report_v1_0_1.json,d69f75628687341d13976898e873b2cc849c1613c4ca131c766b59937ff88325,metric_rows[5],holdout,final temporal model-performance holdout 2023-2024,temporal_holdout_with_mandatory_prior_exposure_disclosure,temporal holdout; prior aggregate and label exposure disclosed; not fully unseen
PROT-0478,tables/02_protected_period_metrics.csv,holdout|2023|model_stage_v1__qnn_q2__t0,recall_frozen_threshold,0.5433333333333333,Recall at the frozen development threshold.,positive labels,source precision; recommended display 4 decimals for metrics,reports/protected_period_extension_v1/holdout_report_v1_0_1.json,d69f75628687341d13976898e873b2cc849c1613c4ca131c766b59937ff88325,metric_rows[5],holdout,final temporal model-performance holdout 2023-2024,temporal_holdout_with_mandatory_prior_exposure_disclosure,temporal holdout; prior aggregate and label exposure disclosed; not fully unseen
PROT-0479,tables/02_protected_period_metrics.csv,holdout|2023|model_stage_v1__qnn_q2__t0,average_precision_ci_lower,0.30986743552389523,Lower 2.5th percentile clustered-bootstrap AP bound.,economic_group_id clustered bootstrap,source precision; recommended display 4 decimals for metrics,reports/protected_period_extension_v1/holdout_report_v1_0_1.json,d69f75628687341d13976898e873b2cc849c1613c4ca131c766b59937ff88325,metric_rows[5],holdout,final temporal model-performance holdout 2023-2024,temporal_holdout_with_mandatory_prior_exposure_disclosure,temporal holdout; prior aggregate and label exposure disclosed; not fully unseen
PROT-0480,tables/02_protected_period_metrics.csv,holdout|2023|model_stage_v1__qnn_q2__t0,average_precision_ci_upper,0.41460827208612694,Upper 97.5th percentile clustered-bootstrap AP bound.,economic_group_id clustered bootstrap,source precision; recommended display 4 decimals for metrics,reports/protected_period_extension_v1/holdout_report_v1_0_1.json,d69f75628687341d13976898e873b2cc849c1613c4ca131c766b59937ff88325,metric_rows[5],holdout,final temporal model-performance holdout 2023-2024,temporal_holdout_with_mandatory_prior_exposure_disclosure,temporal holdout; prior aggregate and label exposure disclosed; not fully unseen
PROT-0481,tables/02_protected_period_metrics.csv,holdout|2023|model_stage_v1__qnn_q2__t0,roc_auc_ci_lower,0.6870374826226583,Lower 2.5th percentile clustered-bootstrap ROC-AUC bound.,economic_group_id clustered bootstrap,source precision; recommended display 4 decimals for metrics,reports/protected_period_extension_v1/holdout_report_v1_0_1.json,d69f75628687341d13976898e873b2cc849c1613c4ca131c766b59937ff88325,metric_rows[5],holdout,final temporal model-performance holdout 2023-2024,temporal_holdout_with_mandatory_prior_exposure_disclosure,temporal holdout; prior aggregate and label exposure disclosed; not fully unseen
PROT-0482,tables/02_protected_period_metrics.csv,holdout|2023|model_stage_v1__qnn_q2__t0,roc_auc_ci_upper,0.7504749143827517,Upper 97.5th percentile clustered-bootstrap ROC-AUC bound.,economic_group_id clustered bootstrap,source precision; recommended display 4 decimals for metrics,reports/protected_period_extension_v1/holdout_report_v1_0_1.json,d69f75628687341d13976898e873b2cc849c1613c4ca131c766b59937ff88325,metric_rows[5],holdout,final temporal model-performance holdout 2023-2024,temporal_holdout_with_mandatory_prior_exposure_disclosure,temporal holdout; prior aggregate and label exposure disclosed; not fully unseen
PROT-0483,tables/02_protected_period_metrics.csv,holdout|2023|model_stage_v1__qnn_q2__t0,f1_ci_lower,0.38472032742155526,Lower 2.5th percentile clustered-bootstrap F1 bound.,economic_group_id clustered bootstrap,source precision; recommended display 4 decimals for metrics,reports/protected_period_extension_v1/holdout_report_v1_0_1.json,d69f75628687341d13976898e873b2cc849c1613c4ca131c766b59937ff88325,metric_rows[5],holdout,final temporal model-performance holdout 2023-2024,temporal_holdout_with_mandatory_prior_exposure_disclosure,temporal holdout; prior aggregate and label exposure disclosed; not fully unseen
PROT-0484,tables/02_protected_period_metrics.csv,holdout|2023|model_stage_v1__qnn_q2__t0,f1_ci_upper,0.47593176613596716,Upper 97.5th percentile clustered-bootstrap F1 bound.,economic_group_id clustered bootstrap,source precision; recommended display 4 decimals for metrics,reports/protected_period_extension_v1/holdout_report_v1_0_1.json,d69f75628687341d13976898e873b2cc849c1613c4ca131c766b59937ff88325,metric_rows[5],holdout,final temporal model-performance holdout 2023-2024,temporal_holdout_with_mandatory_prior_exposure_disclosure,temporal holdout; prior aggregate and label exposure disclosed; not fully unseen
PROT-0485,tables/02_protected_period_metrics.csv,holdout|2023|model_stage_v1__qnn_q2__t0,bootstrap_replicates,2000,Requested clustered-bootstrap replicates.,economic_group_id clusters,source precision; recommended display 4 decimals for metrics,reports/protected_period_extension_v1/holdout_report_v1_0_1.json,d69f75628687341d13976898e873b2cc849c1613c4ca131c766b59937ff88325,metric_rows[5],holdout,final temporal model-performance holdout 2023-2024,temporal_holdout_with_mandatory_prior_exposure_disclosure,temporal holdout; prior aggregate and label exposure disclosed; not fully unseen
PROT-0486,tables/02_protected_period_metrics.csv,holdout|2023|model_stage_v1__qnn_q2__t0,bootstrap_valid_replicates,2000,Valid non-degenerate clustered-bootstrap replicates.,requested bootstrap replicates,source precision; recommended display 4 decimals for metrics,reports/protected_period_extension_v1/holdout_report_v1_0_1.json,d69f75628687341d13976898e873b2cc849c1613c4ca131c766b59937ff88325,metric_rows[5],holdout,final temporal model-performance holdout 2023-2024,temporal_holdout_with_mandatory_prior_exposure_disclosure,temporal holdout; prior aggregate and label exposure disclosed; not fully unseen
PROT-0487,tables/02_protected_period_metrics.csv,holdout|2024|model_stage_v1__coarse__dummy_prior__001,year,2024,Feature/prediction year.,not applicable,source precision; recommended display 4 decimals for metrics,reports/protected_period_extension_v1/holdout_report_v1_0_1.json,d69f75628687341d13976898e873b2cc849c1613c4ca131c766b59937ff88325,metric_rows[17],holdout,final temporal model-performance holdout 2023-2024,temporal_holdout_with_mandatory_prior_exposure_disclosure,temporal holdout; prior aggregate and label exposure disclosed; not fully unseen
PROT-0488,tables/02_protected_period_metrics.csv,holdout|2024|model_stage_v1__coarse__dummy_prior__001,n,1573,Number of evaluable company-year observations.,aligned available-label observations,source precision; recommended display 4 decimals for metrics,reports/protected_period_extension_v1/holdout_report_v1_0_1.json,d69f75628687341d13976898e873b2cc849c1613c4ca131c766b59937ff88325,metric_rows[17],holdout,final temporal model-performance holdout 2023-2024,temporal_holdout_with_mandatory_prior_exposure_disclosure,temporal holdout; prior aggregate and label exposure disclosed; not fully unseen
PROT-0489,tables/02_protected_period_metrics.csv,holdout|2024|model_stage_v1__coarse__dummy_prior__001,positive_n,224,Number of positive target labels.,aligned available-label observations,source precision; recommended display 4 decimals for metrics,reports/protected_period_extension_v1/holdout_report_v1_0_1.json,d69f75628687341d13976898e873b2cc849c1613c4ca131c766b59937ff88325,metric_rows[17],holdout,final temporal model-performance holdout 2023-2024,temporal_holdout_with_mandatory_prior_exposure_disclosure,temporal holdout; prior aggregate and label exposure disclosed; not fully unseen
PROT-0490,tables/02_protected_period_metrics.csv,holdout|2024|model_stage_v1__coarse__dummy_prior__001,average_precision,0.1424030514939606,"Average precision, historically labelled PR-AUC.",aligned available-label observations,source precision; recommended display 4 decimals for metrics,reports/protected_period_extension_v1/holdout_report_v1_0_1.json,d69f75628687341d13976898e873b2cc849c1613c4ca131c766b59937ff88325,metric_rows[17],holdout,final temporal model-performance holdout 2023-2024,temporal_holdout_with_mandatory_prior_exposure_disclosure,temporal holdout; prior aggregate and label exposure disclosed; not fully unseen
PROT-0491,tables/02_protected_period_metrics.csv,holdout|2024|model_stage_v1__coarse__dummy_prior__001,roc_auc,0.5,ROC-AUC.,aligned available-label observations,source precision; recommended display 4 decimals for metrics,reports/protected_period_extension_v1/holdout_report_v1_0_1.json,d69f75628687341d13976898e873b2cc849c1613c4ca131c766b59937ff88325,metric_rows[17],holdout,final temporal model-performance holdout 2023-2024,temporal_holdout_with_mandatory_prior_exposure_disclosure,temporal holdout; prior aggregate and label exposure disclosed; not fully unseen
PROT-0492,tables/02_protected_period_metrics.csv,holdout|2024|model_stage_v1__coarse__dummy_prior__001,brier_score,0.12255914972024143,Mean squared probabilistic forecast error.,aligned available-label observations,source precision; recommended display 4 decimals for metrics,reports/protected_period_extension_v1/holdout_report_v1_0_1.json,d69f75628687341d13976898e873b2cc849c1613c4ca131c766b59937ff88325,metric_rows[17],holdout,final temporal model-performance holdout 2023-2024,temporal_holdout_with_mandatory_prior_exposure_disclosure,temporal holdout; prior aggregate and label exposure disclosed; not fully unseen
PROT-0493,tables/02_protected_period_metrics.csv,holdout|2024|model_stage_v1__coarse__dummy_prior__001,f1_frozen_threshold,0.0,F1 at the frozen development threshold.,aligned available-label observations,source precision; recommended display 4 decimals for metrics,reports/protected_period_extension_v1/holdout_report_v1_0_1.json,d69f75628687341d13976898e873b2cc849c1613c4ca131c766b59937ff88325,metric_rows[17],holdout,final temporal model-performance holdout 2023-2024,temporal_holdout_with_mandatory_prior_exposure_disclosure,temporal holdout; prior aggregate and label exposure disclosed; not fully unseen
PROT-0494,tables/02_protected_period_metrics.csv,holdout|2024|model_stage_v1__coarse__dummy_prior__001,precision_frozen_threshold,0.0,Precision at the frozen development threshold.,predicted positives,source precision; recommended display 4 decimals for metrics,reports/protected_period_extension_v1/holdout_report_v1_0_1.json,d69f75628687341d13976898e873b2cc849c1613c4ca131c766b59937ff88325,metric_rows[17],holdout,final temporal model-performance holdout 2023-2024,temporal_holdout_with_mandatory_prior_exposure_disclosure,temporal holdout; prior aggregate and label exposure disclosed; not fully unseen
PROT-0495,tables/02_protected_period_metrics.csv,holdout|2024|model_stage_v1__coarse__dummy_prior__001,recall_frozen_threshold,0.0,Recall at the frozen development threshold.,positive labels,source precision; recommended display 4 decimals for metrics,reports/protected_period_extension_v1/holdout_report_v1_0_1.json,d69f75628687341d13976898e873b2cc849c1613c4ca131c766b59937ff88325,metric_rows[17],holdout,final temporal model-performance holdout 2023-2024,temporal_holdout_with_mandatory_prior_exposure_disclosure,temporal holdout; prior aggregate and label exposure disclosed; not fully unseen
PROT-0496,tables/02_protected_period_metrics.csv,holdout|2024|model_stage_v1__coarse__dummy_prior__001,average_precision_ci_lower,0.12460267005721551,Lower 2.5th percentile clustered-bootstrap AP bound.,economic_group_id clustered bootstrap,source precision; recommended display 4 decimals for metrics,reports/protected_period_extension_v1/holdout_report_v1_0_1.json,d69f75628687341d13976898e873b2cc849c1613c4ca131c766b59937ff88325,metric_rows[17],holdout,final temporal model-performance holdout 2023-2024,temporal_holdout_with_mandatory_prior_exposure_disclosure,temporal holdout; prior aggregate and label exposure disclosed; not fully unseen
PROT-0497,tables/02_protected_period_metrics.csv,holdout|2024|model_stage_v1__coarse__dummy_prior__001,average_precision_ci_upper,0.15956770502225048,Upper 97.5th percentile clustered-bootstrap AP bound.,economic_group_id clustered bootstrap,source precision; recommended display 4 decimals for metrics,reports/protected_period_extension_v1/holdout_report_v1_0_1.json,d69f75628687341d13976898e873b2cc849c1613c4ca131c766b59937ff88325,metric_rows[17],holdout,final temporal model-performance holdout 2023-2024,temporal_holdout_with_mandatory_prior_exposure_disclosure,temporal holdout; prior aggregate and label exposure disclosed; not fully unseen
PROT-0498,tables/02_protected_period_metrics.csv,holdout|2024|model_stage_v1__coarse__dummy_prior__001,roc_auc_ci_lower,0.5,Lower 2.5th percentile clustered-bootstrap ROC-AUC bound.,economic_group_id clustered bootstrap,source precision; recommended display 4 decimals for metrics,reports/protected_period_extension_v1/holdout_report_v1_0_1.json,d69f75628687341d13976898e873b2cc849c1613c4ca131c766b59937ff88325,metric_rows[17],holdout,final temporal model-performance holdout 2023-2024,temporal_holdout_with_mandatory_prior_exposure_disclosure,temporal holdout; prior aggregate and label exposure disclosed; not fully unseen
PROT-0499,tables/02_protected_period_metrics.csv,holdout|2024|model_stage_v1__coarse__dummy_prior__001,roc_auc_ci_upper,0.5,Upper 97.5th percentile clustered-bootstrap ROC-AUC bound.,economic_group_id clustered bootstrap,source precision; recommended display 4 decimals for metrics,reports/protected_period_extension_v1/holdout_report_v1_0_1.json,d69f75628687341d13976898e873b2cc849c1613c4ca131c766b59937ff88325,metric_rows[17],holdout,final temporal model-performance holdout 2023-2024,temporal_holdout_with_mandatory_prior_exposure_disclosure,temporal holdout; prior aggregate and label exposure disclosed; not fully unseen
PROT-0500,tables/02_protected_period_metrics.csv,holdout|2024|model_stage_v1__coarse__dummy_prior__001,f1_ci_lower,0.0,Lower 2.5th percentile clustered-bootstrap F1 bound.,economic_group_id clustered bootstrap,source precision; recommended display 4 decimals for metrics,reports/protected_period_extension_v1/holdout_report_v1_0_1.json,d69f75628687341d13976898e873b2cc849c1613c4ca131c766b59937ff88325,metric_rows[17],holdout,final temporal model-performance holdout 2023-2024,temporal_holdout_with_mandatory_prior_exposure_disclosure,temporal holdout; prior aggregate and label exposure disclosed; not fully unseen
PROT-0501,tables/02_protected_period_metrics.csv,holdout|2024|model_stage_v1__coarse__dummy_prior__001,f1_ci_upper,0.0,Upper 97.5th percentile clustered-bootstrap F1 bound.,economic_group_id clustered bootstrap,source precision; recommended display 4 decimals for metrics,reports/protected_period_extension_v1/holdout_report_v1_0_1.json,d69f75628687341d13976898e873b2cc849c1613c4ca131c766b59937ff88325,metric_rows[17],holdout,final temporal model-performance holdout 2023-2024,temporal_holdout_with_mandatory_prior_exposure_disclosure,temporal holdout; prior aggregate and label exposure disclosed; not fully unseen
PROT-0502,tables/02_protected_period_metrics.csv,holdout|2024|model_stage_v1__coarse__dummy_prior__001,bootstrap_replicates,2000,Requested clustered-bootstrap replicates.,economic_group_id clusters,source precision; recommended display 4 decimals for metrics,reports/protected_period_extension_v1/holdout_report_v1_0_1.json,d69f75628687341d13976898e873b2cc849c1613c4ca131c766b59937ff88325,metric_rows[17],holdout,final temporal model-performance holdout 2023-2024,temporal_holdout_with_mandatory_prior_exposure_disclosure,temporal holdout; prior aggregate and label exposure disclosed; not fully unseen
PROT-0503,tables/02_protected_period_metrics.csv,holdout|2024|model_stage_v1__coarse__dummy_prior__001,bootstrap_valid_replicates,2000,Valid non-degenerate clustered-bootstrap replicates.,requested bootstrap replicates,source precision; recommended display 4 decimals for metrics,reports/protected_period_extension_v1/holdout_report_v1_0_1.json,d69f75628687341d13976898e873b2cc849c1613c4ca131c766b59937ff88325,metric_rows[17],holdout,final temporal model-performance holdout 2023-2024,temporal_holdout_with_mandatory_prior_exposure_disclosure,temporal holdout; prior aggregate and label exposure disclosed; not fully unseen
PROT-0504,tables/02_protected_period_metrics.csv,holdout|2024|model_stage_v1__coarse__elastic_net_logistic__003,year,2024,Feature/prediction year.,not applicable,source precision; recommended display 4 decimals for metrics,reports/protected_period_extension_v1/holdout_report_v1_0_1.json,d69f75628687341d13976898e873b2cc849c1613c4ca131c766b59937ff88325,metric_rows[15],holdout,final temporal model-performance holdout 2023-2024,temporal_holdout_with_mandatory_prior_exposure_disclosure,temporal holdout; prior aggregate and label exposure disclosed; not fully unseen
PROT-0505,tables/02_protected_period_metrics.csv,holdout|2024|model_stage_v1__coarse__elastic_net_logistic__003,n,1573,Number of evaluable company-year observations.,aligned available-label observations,source precision; recommended display 4 decimals for metrics,reports/protected_period_extension_v1/holdout_report_v1_0_1.json,d69f75628687341d13976898e873b2cc849c1613c4ca131c766b59937ff88325,metric_rows[15],holdout,final temporal model-performance holdout 2023-2024,temporal_holdout_with_mandatory_prior_exposure_disclosure,temporal holdout; prior aggregate and label exposure disclosed; not fully unseen
PROT-0506,tables/02_protected_period_metrics.csv,holdout|2024|model_stage_v1__coarse__elastic_net_logistic__003,positive_n,224,Number of positive target labels.,aligned available-label observations,source precision; recommended display 4 decimals for metrics,reports/protected_period_extension_v1/holdout_report_v1_0_1.json,d69f75628687341d13976898e873b2cc849c1613c4ca131c766b59937ff88325,metric_rows[15],holdout,final temporal model-performance holdout 2023-2024,temporal_holdout_with_mandatory_prior_exposure_disclosure,temporal holdout; prior aggregate and label exposure disclosed; not fully unseen
PROT-0507,tables/02_protected_period_metrics.csv,holdout|2024|model_stage_v1__coarse__elastic_net_logistic__003,average_precision,0.3181785491644791,"Average precision, historically labelled PR-AUC.",aligned available-label observations,source precision; recommended display 4 decimals for metrics,reports/protected_period_extension_v1/holdout_report_v1_0_1.json,d69f75628687341d13976898e873b2cc849c1613c4ca131c766b59937ff88325,metric_rows[15],holdout,final temporal model-performance holdout 2023-2024,temporal_holdout_with_mandatory_prior_exposure_disclosure,temporal holdout; prior aggregate and label exposure disclosed; not fully unseen
PROT-0508,tables/02_protected_period_metrics.csv,holdout|2024|model_stage_v1__coarse__elastic_net_logistic__003,roc_auc,0.7450922641109817,ROC-AUC.,aligned available-label observations,source precision; recommended display 4 decimals for metrics,reports/protected_period_extension_v1/holdout_report_v1_0_1.json,d69f75628687341d13976898e873b2cc849c1613c4ca131c766b59937ff88325,metric_rows[15],holdout,final temporal model-performance holdout 2023-2024,temporal_holdout_with_mandatory_prior_exposure_disclosure,temporal holdout; prior aggregate and label exposure disclosed; not fully unseen
PROT-0509,tables/02_protected_period_metrics.csv,holdout|2024|model_stage_v1__coarse__elastic_net_logistic__003,brier_score,0.11146130950662664,Mean squared probabilistic forecast error.,aligned available-label observations,source precision; recommended display 4 decimals for metrics,reports/protected_period_extension_v1/holdout_report_v1_0_1.json,d69f75628687341d13976898e873b2cc849c1613c4ca131c766b59937ff88325,metric_rows[15],holdout,final temporal model-performance holdout 2023-2024,temporal_holdout_with_mandatory_prior_exposure_disclosure,temporal holdout; prior aggregate and label exposure disclosed; not fully unseen
PROT-0510,tables/02_protected_period_metrics.csv,holdout|2024|model_stage_v1__coarse__elastic_net_logistic__003,f1_frozen_threshold,0.38126009693053314,F1 at the frozen development threshold.,aligned available-label observations,source precision; recommended display 4 decimals for metrics,reports/protected_period_extension_v1/holdout_report_v1_0_1.json,d69f75628687341d13976898e873b2cc849c1613c4ca131c766b59937ff88325,metric_rows[15],holdout,final temporal model-performance holdout 2023-2024,temporal_holdout_with_mandatory_prior_exposure_disclosure,temporal holdout; prior aggregate and label exposure disclosed; not fully unseen
PROT-0511,tables/02_protected_period_metrics.csv,holdout|2024|model_stage_v1__coarse__elastic_net_logistic__003,precision_frozen_threshold,0.29873417721518986,Precision at the frozen development threshold.,predicted positives,source precision; recommended display 4 decimals for metrics,reports/protected_period_extension_v1/holdout_report_v1_0_1.json,d69f75628687341d13976898e873b2cc849c1613c4ca131c766b59937ff88325,metric_rows[15],holdout,final temporal model-performance holdout 2023-2024,temporal_holdout_with_mandatory_prior_exposure_disclosure,temporal holdout; prior aggregate and label exposure disclosed; not fully unseen
PROT-0512,tables/02_protected_period_metrics.csv,holdout|2024|model_stage_v1__coarse__elastic_net_logistic__003,recall_frozen_threshold,0.5267857142857143,Recall at the frozen development threshold.,positive labels,source precision; recommended display 4 decimals for metrics,reports/protected_period_extension_v1/holdout_report_v1_0_1.json,d69f75628687341d13976898e873b2cc849c1613c4ca131c766b59937ff88325,metric_rows[15],holdout,final temporal model-performance holdout 2023-2024,temporal_holdout_with_mandatory_prior_exposure_disclosure,temporal holdout; prior aggregate and label exposure disclosed; not fully unseen
PROT-0513,tables/02_protected_period_metrics.csv,holdout|2024|model_stage_v1__coarse__elastic_net_logistic__003,average_precision_ci_lower,0.26880681865106704,Lower 2.5th percentile clustered-bootstrap AP bound.,economic_group_id clustered bootstrap,source precision; recommended display 4 decimals for metrics,reports/protected_period_extension_v1/holdout_report_v1_0_1.json,d69f75628687341d13976898e873b2cc849c1613c4ca131c766b59937ff88325,metric_rows[15],holdout,final temporal model-performance holdout 2023-2024,temporal_holdout_with_mandatory_prior_exposure_disclosure,temporal holdout; prior aggregate and label exposure disclosed; not fully unseen
PROT-0514,tables/02_protected_period_metrics.csv,holdout|2024|model_stage_v1__coarse__elastic_net_logistic__003,average_precision_ci_upper,0.3796264673410568,Upper 97.5th percentile clustered-bootstrap AP bound.,economic_group_id clustered bootstrap,source precision; recommended display 4 decimals for metrics,reports/protected_period_extension_v1/holdout_report_v1_0_1.json,d69f75628687341d13976898e873b2cc849c1613c4ca131c766b59937ff88325,metric_rows[15],holdout,final temporal model-performance holdout 2023-2024,temporal_holdout_with_mandatory_prior_exposure_disclosure,temporal holdout; prior aggregate and label exposure disclosed; not fully unseen
PROT-0515,tables/02_protected_period_metrics.csv,holdout|2024|model_stage_v1__coarse__elastic_net_logistic__003,roc_auc_ci_lower,0.7092140644816172,Lower 2.5th percentile clustered-bootstrap ROC-AUC bound.,economic_group_id clustered bootstrap,source precision; recommended display 4 decimals for metrics,reports/protected_period_extension_v1/holdout_report_v1_0_1.json,d69f75628687341d13976898e873b2cc849c1613c4ca131c766b59937ff88325,metric_rows[15],holdout,final temporal model-performance holdout 2023-2024,temporal_holdout_with_mandatory_prior_exposure_disclosure,temporal holdout; prior aggregate and label exposure disclosed; not fully unseen
PROT-0516,tables/02_protected_period_metrics.csv,holdout|2024|model_stage_v1__coarse__elastic_net_logistic__003,roc_auc_ci_upper,0.7785216444706322,Upper 97.5th percentile clustered-bootstrap ROC-AUC bound.,economic_group_id clustered bootstrap,source precision; recommended display 4 decimals for metrics,reports/protected_period_extension_v1/holdout_report_v1_0_1.json,d69f75628687341d13976898e873b2cc849c1613c4ca131c766b59937ff88325,metric_rows[15],holdout,final temporal model-performance holdout 2023-2024,temporal_holdout_with_mandatory_prior_exposure_disclosure,temporal holdout; prior aggregate and label exposure disclosed; not fully unseen
PROT-0517,tables/02_protected_period_metrics.csv,holdout|2024|model_stage_v1__coarse__elastic_net_logistic__003,f1_ci_lower,0.3306171135752149,Lower 2.5th percentile clustered-bootstrap F1 bound.,economic_group_id clustered bootstrap,source precision; recommended display 4 decimals for metrics,reports/protected_period_extension_v1/holdout_report_v1_0_1.json,d69f75628687341d13976898e873b2cc849c1613c4ca131c766b59937ff88325,metric_rows[15],holdout,final temporal model-performance holdout 2023-2024,temporal_holdout_with_mandatory_prior_exposure_disclosure,temporal holdout; prior aggregate and label exposure disclosed; not fully unseen
PROT-0518,tables/02_protected_period_metrics.csv,holdout|2024|model_stage_v1__coarse__elastic_net_logistic__003,f1_ci_upper,0.42902260257571495,Upper 97.5th percentile clustered-bootstrap F1 bound.,economic_group_id clustered bootstrap,source precision; recommended display 4 decimals for metrics,reports/protected_period_extension_v1/holdout_report_v1_0_1.json,d69f75628687341d13976898e873b2cc849c1613c4ca131c766b59937ff88325,metric_rows[15],holdout,final temporal model-performance holdout 2023-2024,temporal_holdout_with_mandatory_prior_exposure_disclosure,temporal holdout; prior aggregate and label exposure disclosed; not fully unseen
PROT-0519,tables/02_protected_period_metrics.csv,holdout|2024|model_stage_v1__coarse__elastic_net_logistic__003,bootstrap_replicates,2000,Requested clustered-bootstrap replicates.,economic_group_id clusters,source precision; recommended display 4 decimals for metrics,reports/protected_period_extension_v1/holdout_report_v1_0_1.json,d69f75628687341d13976898e873b2cc849c1613c4ca131c766b59937ff88325,metric_rows[15],holdout,final temporal model-performance holdout 2023-2024,temporal_holdout_with_mandatory_prior_exposure_disclosure,temporal holdout; prior aggregate and label exposure disclosed; not fully unseen
PROT-0520,tables/02_protected_period_metrics.csv,holdout|2024|model_stage_v1__coarse__elastic_net_logistic__003,bootstrap_valid_replicates,2000,Valid non-degenerate clustered-bootstrap replicates.,requested bootstrap replicates,source precision; recommended display 4 decimals for metrics,reports/protected_period_extension_v1/holdout_report_v1_0_1.json,d69f75628687341d13976898e873b2cc849c1613c4ca131c766b59937ff88325,metric_rows[15],holdout,final temporal model-performance holdout 2023-2024,temporal_holdout_with_mandatory_prior_exposure_disclosure,temporal holdout; prior aggregate and label exposure disclosed; not fully unseen
PROT-0521,tables/02_protected_period_metrics.csv,holdout|2024|model_stage_v1__coarse__fixed_l2_logistic__002,year,2024,Feature/prediction year.,not applicable,source precision; recommended display 4 decimals for metrics,reports/protected_period_extension_v1/holdout_report_v1_0_1.json,d69f75628687341d13976898e873b2cc849c1613c4ca131c766b59937ff88325,metric_rows[16],holdout,final temporal model-performance holdout 2023-2024,temporal_holdout_with_mandatory_prior_exposure_disclosure,temporal holdout; prior aggregate and label exposure disclosed; not fully unseen
PROT-0522,tables/02_protected_period_metrics.csv,holdout|2024|model_stage_v1__coarse__fixed_l2_logistic__002,n,1573,Number of evaluable company-year observations.,aligned available-label observations,source precision; recommended display 4 decimals for metrics,reports/protected_period_extension_v1/holdout_report_v1_0_1.json,d69f75628687341d13976898e873b2cc849c1613c4ca131c766b59937ff88325,metric_rows[16],holdout,final temporal model-performance holdout 2023-2024,temporal_holdout_with_mandatory_prior_exposure_disclosure,temporal holdout; prior aggregate and label exposure disclosed; not fully unseen
PROT-0523,tables/02_protected_period_metrics.csv,holdout|2024|model_stage_v1__coarse__fixed_l2_logistic__002,positive_n,224,Number of positive target labels.,aligned available-label observations,source precision; recommended display 4 decimals for metrics,reports/protected_period_extension_v1/holdout_report_v1_0_1.json,d69f75628687341d13976898e873b2cc849c1613c4ca131c766b59937ff88325,metric_rows[16],holdout,final temporal model-performance holdout 2023-2024,temporal_holdout_with_mandatory_prior_exposure_disclosure,temporal holdout; prior aggregate and label exposure disclosed; not fully unseen
PROT-0524,tables/02_protected_period_metrics.csv,holdout|2024|model_stage_v1__coarse__fixed_l2_logistic__002,average_precision,0.31299706282081136,"Average precision, historically labelled PR-AUC.",aligned available-label observations,source precision; recommended display 4 decimals for metrics,reports/protected_period_extension_v1/holdout_report_v1_0_1.json,d69f75628687341d13976898e873b2cc849c1613c4ca131c766b59937ff88325,metric_rows[16],holdout,final temporal model-performance holdout 2023-2024,temporal_holdout_with_mandatory_prior_exposure_disclosure,temporal holdout; prior aggregate and label exposure disclosed; not fully unseen
PROT-0525,tables/02_protected_period_metrics.csv,holdout|2024|model_stage_v1__coarse__fixed_l2_logistic__002,roc_auc,0.7431265222916447,ROC-AUC.,aligned available-label observations,source precision; recommended display 4 decimals for metrics,reports/protected_period_extension_v1/holdout_report_v1_0_1.json,d69f75628687341d13976898e873b2cc849c1613c4ca131c766b59937ff88325,metric_rows[16],holdout,final temporal model-performance holdout 2023-2024,temporal_holdout_with_mandatory_prior_exposure_disclosure,temporal holdout; prior aggregate and label exposure disclosed; not fully unseen
PROT-0526,tables/02_protected_period_metrics.csv,holdout|2024|model_stage_v1__coarse__fixed_l2_logistic__002,brier_score,0.1117464695880913,Mean squared probabilistic forecast error.,aligned available-label observations,source precision; recommended display 4 decimals for metrics,reports/protected_period_extension_v1/holdout_report_v1_0_1.json,d69f75628687341d13976898e873b2cc849c1613c4ca131c766b59937ff88325,metric_rows[16],holdout,final temporal model-performance holdout 2023-2024,temporal_holdout_with_mandatory_prior_exposure_disclosure,temporal holdout; prior aggregate and label exposure disclosed; not fully unseen
PROT-0527,tables/02_protected_period_metrics.csv,holdout|2024|model_stage_v1__coarse__fixed_l2_logistic__002,f1_frozen_threshold,0.3674074074074074,F1 at the frozen development threshold.,aligned available-label observations,source precision; recommended display 4 decimals for metrics,reports/protected_period_extension_v1/holdout_report_v1_0_1.json,d69f75628687341d13976898e873b2cc849c1613c4ca131c766b59937ff88325,metric_rows[16],holdout,final temporal model-performance holdout 2023-2024,temporal_holdout_with_mandatory_prior_exposure_disclosure,temporal holdout; prior aggregate and label exposure disclosed; not fully unseen
PROT-0528,tables/02_protected_period_metrics.csv,holdout|2024|model_stage_v1__coarse__fixed_l2_logistic__002,precision_frozen_threshold,0.2749445676274945,Precision at the frozen development threshold.,predicted positives,source precision; recommended display 4 decimals for metrics,reports/protected_period_extension_v1/holdout_report_v1_0_1.json,d69f75628687341d13976898e873b2cc849c1613c4ca131c766b59937ff88325,metric_rows[16],holdout,final temporal model-performance holdout 2023-2024,temporal_holdout_with_mandatory_prior_exposure_disclosure,temporal holdout; prior aggregate and label exposure disclosed; not fully unseen
PROT-0529,tables/02_protected_period_metrics.csv,holdout|2024|model_stage_v1__coarse__fixed_l2_logistic__002,recall_frozen_threshold,0.5535714285714286,Recall at the frozen development threshold.,positive labels,source precision; recommended display 4 decimals for metrics,reports/protected_period_extension_v1/holdout_report_v1_0_1.json,d69f75628687341d13976898e873b2cc849c1613c4ca131c766b59937ff88325,metric_rows[16],holdout,final temporal model-performance holdout 2023-2024,temporal_holdout_with_mandatory_prior_exposure_disclosure,temporal holdout; prior aggregate and label exposure disclosed; not fully unseen
PROT-0530,tables/02_protected_period_metrics.csv,holdout|2024|model_stage_v1__coarse__fixed_l2_logistic__002,average_precision_ci_lower,0.2648532886105989,Lower 2.5th percentile clustered-bootstrap AP bound.,economic_group_id clustered bootstrap,source precision; recommended display 4 decimals for metrics,reports/protected_period_extension_v1/holdout_report_v1_0_1.json,d69f75628687341d13976898e873b2cc849c1613c4ca131c766b59937ff88325,metric_rows[16],holdout,final temporal model-performance holdout 2023-2024,temporal_holdout_with_mandatory_prior_exposure_disclosure,temporal holdout; prior aggregate and label exposure disclosed; not fully unseen
PROT-0531,tables/02_protected_period_metrics.csv,holdout|2024|model_stage_v1__coarse__fixed_l2_logistic__002,average_precision_ci_upper,0.3775585648180388,Upper 97.5th percentile clustered-bootstrap AP bound.,economic_group_id clustered bootstrap,source precision; recommended display 4 decimals for metrics,reports/protected_period_extension_v1/holdout_report_v1_0_1.json,d69f75628687341d13976898e873b2cc849c1613c4ca131c766b59937ff88325,metric_rows[16],holdout,final temporal model-performance holdout 2023-2024,temporal_holdout_with_mandatory_prior_exposure_disclosure,temporal holdout; prior aggregate and label exposure disclosed; not fully unseen
PROT-0532,tables/02_protected_period_metrics.csv,holdout|2024|model_stage_v1__coarse__fixed_l2_logistic__002,roc_auc_ci_lower,0.7114278089186267,Lower 2.5th percentile clustered-bootstrap ROC-AUC bound.,economic_group_id clustered bootstrap,source precision; recommended display 4 decimals for metrics,reports/protected_period_extension_v1/holdout_report_v1_0_1.json,d69f75628687341d13976898e873b2cc849c1613c4ca131c766b59937ff88325,metric_rows[16],holdout,final temporal model-performance holdout 2023-2024,temporal_holdout_with_mandatory_prior_exposure_disclosure,temporal holdout; prior aggregate and label exposure disclosed; not fully unseen
PROT-0533,tables/02_protected_period_metrics.csv,holdout|2024|model_stage_v1__coarse__fixed_l2_logistic__002,roc_auc_ci_upper,0.7773015097648721,Upper 97.5th percentile clustered-bootstrap ROC-AUC bound.,economic_group_id clustered bootstrap,source precision; recommended display 4 decimals for metrics,reports/protected_period_extension_v1/holdout_report_v1_0_1.json,d69f75628687341d13976898e873b2cc849c1613c4ca131c766b59937ff88325,metric_rows[16],holdout,final temporal model-performance holdout 2023-2024,temporal_holdout_with_mandatory_prior_exposure_disclosure,temporal holdout; prior aggregate and label exposure disclosed; not fully unseen
PROT-0534,tables/02_protected_period_metrics.csv,holdout|2024|model_stage_v1__coarse__fixed_l2_logistic__002,f1_ci_lower,0.32049218452069983,Lower 2.5th percentile clustered-bootstrap F1 bound.,economic_group_id clustered bootstrap,source precision; recommended display 4 decimals for metrics,reports/protected_period_extension_v1/holdout_report_v1_0_1.json,d69f75628687341d13976898e873b2cc849c1613c4ca131c766b59937ff88325,metric_rows[16],holdout,final temporal model-performance holdout 2023-2024,temporal_holdout_with_mandatory_prior_exposure_disclosure,temporal holdout; prior aggregate and label exposure disclosed; not fully unseen
PROT-0535,tables/02_protected_period_metrics.csv,holdout|2024|model_stage_v1__coarse__fixed_l2_logistic__002,f1_ci_upper,0.41654956564853163,Upper 97.5th percentile clustered-bootstrap F1 bound.,economic_group_id clustered bootstrap,source precision; recommended display 4 decimals for metrics,reports/protected_period_extension_v1/holdout_report_v1_0_1.json,d69f75628687341d13976898e873b2cc849c1613c4ca131c766b59937ff88325,metric_rows[16],holdout,final temporal model-performance holdout 2023-2024,temporal_holdout_with_mandatory_prior_exposure_disclosure,temporal holdout; prior aggregate and label exposure disclosed; not fully unseen
PROT-0536,tables/02_protected_period_metrics.csv,holdout|2024|model_stage_v1__coarse__fixed_l2_logistic__002,bootstrap_replicates,2000,Requested clustered-bootstrap replicates.,economic_group_id clusters,source precision; recommended display 4 decimals for metrics,reports/protected_period_extension_v1/holdout_report_v1_0_1.json,d69f75628687341d13976898e873b2cc849c1613c4ca131c766b59937ff88325,metric_rows[16],holdout,final temporal model-performance holdout 2023-2024,temporal_holdout_with_mandatory_prior_exposure_disclosure,temporal holdout; prior aggregate and label exposure disclosed; not fully unseen
PROT-0537,tables/02_protected_period_metrics.csv,holdout|2024|model_stage_v1__coarse__fixed_l2_logistic__002,bootstrap_valid_replicates,2000,Valid non-degenerate clustered-bootstrap replicates.,requested bootstrap replicates,source precision; recommended display 4 decimals for metrics,reports/protected_period_extension_v1/holdout_report_v1_0_1.json,d69f75628687341d13976898e873b2cc849c1613c4ca131c766b59937ff88325,metric_rows[16],holdout,final temporal model-performance holdout 2023-2024,temporal_holdout_with_mandatory_prior_exposure_disclosure,temporal holdout; prior aggregate and label exposure disclosed; not fully unseen
PROT-0538,tables/02_protected_period_metrics.csv,holdout|2024|model_stage_v1__coarse__hist_gradient_boosting__007,year,2024,Feature/prediction year.,not applicable,source precision; recommended display 4 decimals for metrics,reports/protected_period_extension_v1/holdout_report_v1_0_1.json,d69f75628687341d13976898e873b2cc849c1613c4ca131c766b59937ff88325,metric_rows[10],holdout,final temporal model-performance holdout 2023-2024,temporal_holdout_with_mandatory_prior_exposure_disclosure,temporal holdout; prior aggregate and label exposure disclosed; not fully unseen
PROT-0539,tables/02_protected_period_metrics.csv,holdout|2024|model_stage_v1__coarse__hist_gradient_boosting__007,n,1573,Number of evaluable company-year observations.,aligned available-label observations,source precision; recommended display 4 decimals for metrics,reports/protected_period_extension_v1/holdout_report_v1_0_1.json,d69f75628687341d13976898e873b2cc849c1613c4ca131c766b59937ff88325,metric_rows[10],holdout,final temporal model-performance holdout 2023-2024,temporal_holdout_with_mandatory_prior_exposure_disclosure,temporal holdout; prior aggregate and label exposure disclosed; not fully unseen
PROT-0540,tables/02_protected_period_metrics.csv,holdout|2024|model_stage_v1__coarse__hist_gradient_boosting__007,positive_n,224,Number of positive target labels.,aligned available-label observations,source precision; recommended display 4 decimals for metrics,reports/protected_period_extension_v1/holdout_report_v1_0_1.json,d69f75628687341d13976898e873b2cc849c1613c4ca131c766b59937ff88325,metric_rows[10],holdout,final temporal model-performance holdout 2023-2024,temporal_holdout_with_mandatory_prior_exposure_disclosure,temporal holdout; prior aggregate and label exposure disclosed; not fully unseen
PROT-0541,tables/02_protected_period_metrics.csv,holdout|2024|model_stage_v1__coarse__hist_gradient_boosting__007,average_precision,0.3716183951109663,"Average precision, historically labelled PR-AUC.",aligned available-label observations,source precision; recommended display 4 decimals for metrics,reports/protected_period_extension_v1/holdout_report_v1_0_1.json,d69f75628687341d13976898e873b2cc849c1613c4ca131c766b59937ff88325,metric_rows[10],holdout,final temporal model-performance holdout 2023-2024,temporal_holdout_with_mandatory_prior_exposure_disclosure,temporal holdout; prior aggregate and label exposure disclosed; not fully unseen
PROT-0542,tables/02_protected_period_metrics.csv,holdout|2024|model_stage_v1__coarse__hist_gradient_boosting__007,roc_auc,0.773787461611776,ROC-AUC.,aligned available-label observations,source precision; recommended display 4 decimals for metrics,reports/protected_period_extension_v1/holdout_report_v1_0_1.json,d69f75628687341d13976898e873b2cc849c1613c4ca131c766b59937ff88325,metric_rows[10],holdout,final temporal model-performance holdout 2023-2024,temporal_holdout_with_mandatory_prior_exposure_disclosure,temporal holdout; prior aggregate and label exposure disclosed; not fully unseen
PROT-0543,tables/02_protected_period_metrics.csv,holdout|2024|model_stage_v1__coarse__hist_gradient_boosting__007,brier_score,0.10753982622472984,Mean squared probabilistic forecast error.,aligned available-label observations,source precision; recommended display 4 decimals for metrics,reports/protected_period_extension_v1/holdout_report_v1_0_1.json,d69f75628687341d13976898e873b2cc849c1613c4ca131c766b59937ff88325,metric_rows[10],holdout,final temporal model-performance holdout 2023-2024,temporal_holdout_with_mandatory_prior_exposure_disclosure,temporal holdout; prior aggregate and label exposure disclosed; not fully unseen
PROT-0544,tables/02_protected_period_metrics.csv,holdout|2024|model_stage_v1__coarse__hist_gradient_boosting__007,f1_frozen_threshold,0.4050632911392405,F1 at the frozen development threshold.,aligned available-label observations,source precision; recommended display 4 decimals for metrics,reports/protected_period_extension_v1/holdout_report_v1_0_1.json,d69f75628687341d13976898e873b2cc849c1613c4ca131c766b59937ff88325,metric_rows[10],holdout,final temporal model-performance holdout 2023-2024,temporal_holdout_with_mandatory_prior_exposure_disclosure,temporal holdout; prior aggregate and label exposure disclosed; not fully unseen
PROT-0545,tables/02_protected_period_metrics.csv,holdout|2024|model_stage_v1__coarse__hist_gradient_boosting__007,precision_frozen_threshold,0.29568788501026694,Precision at the frozen development threshold.,predicted positives,source precision; recommended display 4 decimals for metrics,reports/protected_period_extension_v1/holdout_report_v1_0_1.json,d69f75628687341d13976898e873b2cc849c1613c4ca131c766b59937ff88325,metric_rows[10],holdout,final temporal model-performance holdout 2023-2024,temporal_holdout_with_mandatory_prior_exposure_disclosure,temporal holdout; prior aggregate and label exposure disclosed; not fully unseen
PROT-0546,tables/02_protected_period_metrics.csv,holdout|2024|model_stage_v1__coarse__hist_gradient_boosting__007,recall_frozen_threshold,0.6428571428571429,Recall at the frozen development threshold.,positive labels,source precision; recommended display 4 decimals for metrics,reports/protected_period_extension_v1/holdout_report_v1_0_1.json,d69f75628687341d13976898e873b2cc849c1613c4ca131c766b59937ff88325,metric_rows[10],holdout,final temporal model-performance holdout 2023-2024,temporal_holdout_with_mandatory_prior_exposure_disclosure,temporal holdout; prior aggregate and label exposure disclosed; not fully unseen
PROT-0547,tables/02_protected_period_metrics.csv,holdout|2024|model_stage_v1__coarse__hist_gradient_boosting__007,average_precision_ci_lower,0.31533319506583407,Lower 2.5th percentile clustered-bootstrap AP bound.,economic_group_id clustered bootstrap,source precision; recommended display 4 decimals for metrics,reports/protected_period_extension_v1/holdout_report_v1_0_1.json,d69f75628687341d13976898e873b2cc849c1613c4ca131c766b59937ff88325,metric_rows[10],holdout,final temporal model-performance holdout 2023-2024,temporal_holdout_with_mandatory_prior_exposure_disclosure,temporal holdout; prior aggregate and label exposure disclosed; not fully unseen
PROT-0548,tables/02_protected_period_metrics.csv,holdout|2024|model_stage_v1__coarse__hist_gradient_boosting__007,average_precision_ci_upper,0.4416339143989746,Upper 97.5th percentile clustered-bootstrap AP bound.,economic_group_id clustered bootstrap,source precision; recommended display 4 decimals for metrics,reports/protected_period_extension_v1/holdout_report_v1_0_1.json,d69f75628687341d13976898e873b2cc849c1613c4ca131c766b59937ff88325,metric_rows[10],holdout,final temporal model-performance holdout 2023-2024,temporal_holdout_with_mandatory_prior_exposure_disclosure,temporal holdout; prior aggregate and label exposure disclosed; not fully unseen
PROT-0549,tables/02_protected_period_metrics.csv,holdout|2024|model_stage_v1__coarse__hist_gradient_boosting__007,roc_auc_ci_lower,0.7439092350634102,Lower 2.5th percentile clustered-bootstrap ROC-AUC bound.,economic_group_id clustered bootstrap,source precision; recommended display 4 decimals for metrics,reports/protected_period_extension_v1/holdout_report_v1_0_1.json,d69f75628687341d13976898e873b2cc849c1613c4ca131c766b59937ff88325,metric_rows[10],holdout,final temporal model-performance holdout 2023-2024,temporal_holdout_with_mandatory_prior_exposure_disclosure,temporal holdout; prior aggregate and label exposure disclosed; not fully unseen
PROT-0550,tables/02_protected_period_metrics.csv,holdout|2024|model_stage_v1__coarse__hist_gradient_boosting__007,roc_auc_ci_upper,0.8041151522694595,Upper 97.5th percentile clustered-bootstrap ROC-AUC bound.,economic_group_id clustered bootstrap,source precision; recommended display 4 decimals for metrics,reports/protected_period_extension_v1/holdout_report_v1_0_1.json,d69f75628687341d13976898e873b2cc849c1613c4ca131c766b59937ff88325,metric_rows[10],holdout,final temporal model-performance holdout 2023-2024,temporal_holdout_with_mandatory_prior_exposure_disclosure,temporal holdout; prior aggregate and label exposure disclosed; not fully unseen
PROT-0551,tables/02_protected_period_metrics.csv,holdout|2024|model_stage_v1__coarse__hist_gradient_boosting__007,f1_ci_lower,0.3587407993306227,Lower 2.5th percentile clustered-bootstrap F1 bound.,economic_group_id clustered bootstrap,source precision; recommended display 4 decimals for metrics,reports/protected_period_extension_v1/holdout_report_v1_0_1.json,d69f75628687341d13976898e873b2cc849c1613c4ca131c766b59937ff88325,metric_rows[10],holdout,final temporal model-performance holdout 2023-2024,temporal_holdout_with_mandatory_prior_exposure_disclosure,temporal holdout; prior aggregate and label exposure disclosed; not fully unseen
PROT-0552,tables/02_protected_period_metrics.csv,holdout|2024|model_stage_v1__coarse__hist_gradient_boosting__007,f1_ci_upper,0.45027761516226994,Upper 97.5th percentile clustered-bootstrap F1 bound.,economic_group_id clustered bootstrap,source precision; recommended display 4 decimals for metrics,reports/protected_period_extension_v1/holdout_report_v1_0_1.json,d69f75628687341d13976898e873b2cc849c1613c4ca131c766b59937ff88325,metric_rows[10],holdout,final temporal model-performance holdout 2023-2024,temporal_holdout_with_mandatory_prior_exposure_disclosure,temporal holdout; prior aggregate and label exposure disclosed; not fully unseen
PROT-0553,tables/02_protected_period_metrics.csv,holdout|2024|model_stage_v1__coarse__hist_gradient_boosting__007,bootstrap_replicates,2000,Requested clustered-bootstrap replicates.,economic_group_id clusters,source precision; recommended display 4 decimals for metrics,reports/protected_period_extension_v1/holdout_report_v1_0_1.json,d69f75628687341d13976898e873b2cc849c1613c4ca131c766b59937ff88325,metric_rows[10],holdout,final temporal model-performance holdout 2023-2024,temporal_holdout_with_mandatory_prior_exposure_disclosure,temporal holdout; prior aggregate and label exposure disclosed; not fully unseen
PROT-0554,tables/02_protected_period_metrics.csv,holdout|2024|model_stage_v1__coarse__hist_gradient_boosting__007,bootstrap_valid_replicates,2000,Valid non-degenerate clustered-bootstrap replicates.,requested bootstrap replicates,source precision; recommended display 4 decimals for metrics,reports/protected_period_extension_v1/holdout_report_v1_0_1.json,d69f75628687341d13976898e873b2cc849c1613c4ca131c766b59937ff88325,metric_rows[10],holdout,final temporal model-performance holdout 2023-2024,temporal_holdout_with_mandatory_prior_exposure_disclosure,temporal holdout; prior aggregate and label exposure disclosed; not fully unseen
PROT-0555,tables/02_protected_period_metrics.csv,holdout|2024|model_stage_v1__coarse__pytorch_mlp__epochs_200__003,year,2024,Feature/prediction year.,not applicable,source precision; recommended display 4 decimals for metrics,reports/protected_period_extension_v1/holdout_report_v1_0_1.json,d69f75628687341d13976898e873b2cc849c1613c4ca131c766b59937ff88325,metric_rows[12],holdout,final temporal model-performance holdout 2023-2024,temporal_holdout_with_mandatory_prior_exposure_disclosure,temporal holdout; prior aggregate and label exposure disclosed; not fully unseen
PROT-0556,tables/02_protected_period_metrics.csv,holdout|2024|model_stage_v1__coarse__pytorch_mlp__epochs_200__003,n,1573,Number of evaluable company-year observations.,aligned available-label observations,source precision; recommended display 4 decimals for metrics,reports/protected_period_extension_v1/holdout_report_v1_0_1.json,d69f75628687341d13976898e873b2cc849c1613c4ca131c766b59937ff88325,metric_rows[12],holdout,final temporal model-performance holdout 2023-2024,temporal_holdout_with_mandatory_prior_exposure_disclosure,temporal holdout; prior aggregate and label exposure disclosed; not fully unseen
PROT-0557,tables/02_protected_period_metrics.csv,holdout|2024|model_stage_v1__coarse__pytorch_mlp__epochs_200__003,positive_n,224,Number of positive target labels.,aligned available-label observations,source precision; recommended display 4 decimals for metrics,reports/protected_period_extension_v1/holdout_report_v1_0_1.json,d69f75628687341d13976898e873b2cc849c1613c4ca131c766b59937ff88325,metric_rows[12],holdout,final temporal model-performance holdout 2023-2024,temporal_holdout_with_mandatory_prior_exposure_disclosure,temporal holdout; prior aggregate and label exposure disclosed; not fully unseen
PROT-0558,tables/02_protected_period_metrics.csv,holdout|2024|model_stage_v1__coarse__pytorch_mlp__epochs_200__003,average_precision,0.33925057788678165,"Average precision, historically labelled PR-AUC.",aligned available-label observations,source precision; recommended display 4 decimals for metrics,reports/protected_period_extension_v1/holdout_report_v1_0_1.json,d69f75628687341d13976898e873b2cc849c1613c4ca131c766b59937ff88325,metric_rows[12],holdout,final temporal model-performance holdout 2023-2024,temporal_holdout_with_mandatory_prior_exposure_disclosure,temporal holdout; prior aggregate and label exposure disclosed; not fully unseen
PROT-0559,tables/02_protected_period_metrics.csv,holdout|2024|model_stage_v1__coarse__pytorch_mlp__epochs_200__003,roc_auc,0.759514322778778,ROC-AUC.,aligned available-label observations,source precision; recommended display 4 decimals for metrics,reports/protected_period_extension_v1/holdout_report_v1_0_1.json,d69f75628687341d13976898e873b2cc849c1613c4ca131c766b59937ff88325,metric_rows[12],holdout,final temporal model-performance holdout 2023-2024,temporal_holdout_with_mandatory_prior_exposure_disclosure,temporal holdout; prior aggregate and label exposure disclosed; not fully unseen
PROT-0560,tables/02_protected_period_metrics.csv,holdout|2024|model_stage_v1__coarse__pytorch_mlp__epochs_200__003,brier_score,0.10996036486238185,Mean squared probabilistic forecast error.,aligned available-label observations,source precision; recommended display 4 decimals for metrics,reports/protected_period_extension_v1/holdout_report_v1_0_1.json,d69f75628687341d13976898e873b2cc849c1613c4ca131c766b59937ff88325,metric_rows[12],holdout,final temporal model-performance holdout 2023-2024,temporal_holdout_with_mandatory_prior_exposure_disclosure,temporal holdout; prior aggregate and label exposure disclosed; not fully unseen
PROT-0561,tables/02_protected_period_metrics.csv,holdout|2024|model_stage_v1__coarse__pytorch_mlp__epochs_200__003,f1_frozen_threshold,0.407108239095315,F1 at the frozen development threshold.,aligned available-label observations,source precision; recommended display 4 decimals for metrics,reports/protected_period_extension_v1/holdout_report_v1_0_1.json,d69f75628687341d13976898e873b2cc849c1613c4ca131c766b59937ff88325,metric_rows[12],holdout,final temporal model-performance holdout 2023-2024,temporal_holdout_with_mandatory_prior_exposure_disclosure,temporal holdout; prior aggregate and label exposure disclosed; not fully unseen
PROT-0562,tables/02_protected_period_metrics.csv,holdout|2024|model_stage_v1__coarse__pytorch_mlp__epochs_200__003,precision_frozen_threshold,0.3189873417721519,Precision at the frozen development threshold.,predicted positives,source precision; recommended display 4 decimals for metrics,reports/protected_period_extension_v1/holdout_report_v1_0_1.json,d69f75628687341d13976898e873b2cc849c1613c4ca131c766b59937ff88325,metric_rows[12],holdout,final temporal model-performance holdout 2023-2024,temporal_holdout_with_mandatory_prior_exposure_disclosure,temporal holdout; prior aggregate and label exposure disclosed; not fully unseen
PROT-0563,tables/02_protected_period_metrics.csv,holdout|2024|model_stage_v1__coarse__pytorch_mlp__epochs_200__003,recall_frozen_threshold,0.5625,Recall at the frozen development threshold.,positive labels,source precision; recommended display 4 decimals for metrics,reports/protected_period_extension_v1/holdout_report_v1_0_1.json,d69f75628687341d13976898e873b2cc849c1613c4ca131c766b59937ff88325,metric_rows[12],holdout,final temporal model-performance holdout 2023-2024,temporal_holdout_with_mandatory_prior_exposure_disclosure,temporal holdout; prior aggregate and label exposure disclosed; not fully unseen
PROT-0564,tables/02_protected_period_metrics.csv,holdout|2024|model_stage_v1__coarse__pytorch_mlp__epochs_200__003,average_precision_ci_lower,0.2867682506968354,Lower 2.5th percentile clustered-bootstrap AP bound.,economic_group_id clustered bootstrap,source precision; recommended display 4 decimals for metrics,reports/protected_period_extension_v1/holdout_report_v1_0_1.json,d69f75628687341d13976898e873b2cc849c1613c4ca131c766b59937ff88325,metric_rows[12],holdout,final temporal model-performance holdout 2023-2024,temporal_holdout_with_mandatory_prior_exposure_disclosure,temporal holdout; prior aggregate and label exposure disclosed; not fully unseen
PROT-0565,tables/02_protected_period_metrics.csv,holdout|2024|model_stage_v1__coarse__pytorch_mlp__epochs_200__003,average_precision_ci_upper,0.40575518151183027,Upper 97.5th percentile clustered-bootstrap AP bound.,economic_group_id clustered bootstrap,source precision; recommended display 4 decimals for metrics,reports/protected_period_extension_v1/holdout_report_v1_0_1.json,d69f75628687341d13976898e873b2cc849c1613c4ca131c766b59937ff88325,metric_rows[12],holdout,final temporal model-performance holdout 2023-2024,temporal_holdout_with_mandatory_prior_exposure_disclosure,temporal holdout; prior aggregate and label exposure disclosed; not fully unseen
PROT-0566,tables/02_protected_period_metrics.csv,holdout|2024|model_stage_v1__coarse__pytorch_mlp__epochs_200__003,roc_auc_ci_lower,0.7280937510946813,Lower 2.5th percentile clustered-bootstrap ROC-AUC bound.,economic_group_id clustered bootstrap,source precision; recommended display 4 decimals for metrics,reports/protected_period_extension_v1/holdout_report_v1_0_1.json,d69f75628687341d13976898e873b2cc849c1613c4ca131c766b59937ff88325,metric_rows[12],holdout,final temporal model-performance holdout 2023-2024,temporal_holdout_with_mandatory_prior_exposure_disclosure,temporal holdout; prior aggregate and label exposure disclosed; not fully unseen
PROT-0567,tables/02_protected_period_metrics.csv,holdout|2024|model_stage_v1__coarse__pytorch_mlp__epochs_200__003,roc_auc_ci_upper,0.7910707726502203,Upper 97.5th percentile clustered-bootstrap ROC-AUC bound.,economic_group_id clustered bootstrap,source precision; recommended display 4 decimals for metrics,reports/protected_period_extension_v1/holdout_report_v1_0_1.json,d69f75628687341d13976898e873b2cc849c1613c4ca131c766b59937ff88325,metric_rows[12],holdout,final temporal model-performance holdout 2023-2024,temporal_holdout_with_mandatory_prior_exposure_disclosure,temporal holdout; prior aggregate and label exposure disclosed; not fully unseen
PROT-0568,tables/02_protected_period_metrics.csv,holdout|2024|model_stage_v1__coarse__pytorch_mlp__epochs_200__003,f1_ci_lower,0.35434313548518115,Lower 2.5th percentile clustered-bootstrap F1 bound.,economic_group_id clustered bootstrap,source precision; recommended display 4 decimals for metrics,reports/protected_period_extension_v1/holdout_report_v1_0_1.json,d69f75628687341d13976898e873b2cc849c1613c4ca131c766b59937ff88325,metric_rows[12],holdout,final temporal model-performance holdout 2023-2024,temporal_holdout_with_mandatory_prior_exposure_disclosure,temporal holdout; prior aggregate and label exposure disclosed; not fully unseen
PROT-0569,tables/02_protected_period_metrics.csv,holdout|2024|model_stage_v1__coarse__pytorch_mlp__epochs_200__003,f1_ci_upper,0.4569062272825509,Upper 97.5th percentile clustered-bootstrap F1 bound.,economic_group_id clustered bootstrap,source precision; recommended display 4 decimals for metrics,reports/protected_period_extension_v1/holdout_report_v1_0_1.json,d69f75628687341d13976898e873b2cc849c1613c4ca131c766b59937ff88325,metric_rows[12],holdout,final temporal model-performance holdout 2023-2024,temporal_holdout_with_mandatory_prior_exposure_disclosure,temporal holdout; prior aggregate and label exposure disclosed; not fully unseen
PROT-0570,tables/02_protected_period_metrics.csv,holdout|2024|model_stage_v1__coarse__pytorch_mlp__epochs_200__003,bootstrap_replicates,2000,Requested clustered-bootstrap replicates.,economic_group_id clusters,source precision; recommended display 4 decimals for metrics,reports/protected_period_extension_v1/holdout_report_v1_0_1.json,d69f75628687341d13976898e873b2cc849c1613c4ca131c766b59937ff88325,metric_rows[12],holdout,final temporal model-performance holdout 2023-2024,temporal_holdout_with_mandatory_prior_exposure_disclosure,temporal holdout; prior aggregate and label exposure disclosed; not fully unseen
PROT-0571,tables/02_protected_period_metrics.csv,holdout|2024|model_stage_v1__coarse__pytorch_mlp__epochs_200__003,bootstrap_valid_replicates,2000,Valid non-degenerate clustered-bootstrap replicates.,requested bootstrap replicates,source precision; recommended display 4 decimals for metrics,reports/protected_period_extension_v1/holdout_report_v1_0_1.json,d69f75628687341d13976898e873b2cc849c1613c4ca131c766b59937ff88325,metric_rows[12],holdout,final temporal model-performance holdout 2023-2024,temporal_holdout_with_mandatory_prior_exposure_disclosure,temporal holdout; prior aggregate and label exposure disclosed; not fully unseen
PROT-0572,tables/02_protected_period_metrics.csv,holdout|2024|model_stage_v1__coarse__random_forest__003,year,2024,Feature/prediction year.,not applicable,source precision; recommended display 4 decimals for metrics,reports/protected_period_extension_v1/holdout_report_v1_0_1.json,d69f75628687341d13976898e873b2cc849c1613c4ca131c766b59937ff88325,metric_rows[11],holdout,final temporal model-performance holdout 2023-2024,temporal_holdout_with_mandatory_prior_exposure_disclosure,temporal holdout; prior aggregate and label exposure disclosed; not fully unseen
PROT-0573,tables/02_protected_period_metrics.csv,holdout|2024|model_stage_v1__coarse__random_forest__003,n,1573,Number of evaluable company-year observations.,aligned available-label observations,source precision; recommended display 4 decimals for metrics,reports/protected_period_extension_v1/holdout_report_v1_0_1.json,d69f75628687341d13976898e873b2cc849c1613c4ca131c766b59937ff88325,metric_rows[11],holdout,final temporal model-performance holdout 2023-2024,temporal_holdout_with_mandatory_prior_exposure_disclosure,temporal holdout; prior aggregate and label exposure disclosed; not fully unseen
PROT-0574,tables/02_protected_period_metrics.csv,holdout|2024|model_stage_v1__coarse__random_forest__003,positive_n,224,Number of positive target labels.,aligned available-label observations,source precision; recommended display 4 decimals for metrics,reports/protected_period_extension_v1/holdout_report_v1_0_1.json,d69f75628687341d13976898e873b2cc849c1613c4ca131c766b59937ff88325,metric_rows[11],holdout,final temporal model-performance holdout 2023-2024,temporal_holdout_with_mandatory_prior_exposure_disclosure,temporal holdout; prior aggregate and label exposure disclosed; not fully unseen
PROT-0575,tables/02_protected_period_metrics.csv,holdout|2024|model_stage_v1__coarse__random_forest__003,average_precision,0.3796087824952107,"Average precision, historically labelled PR-AUC.",aligned available-label observations,source precision; recommended display 4 decimals for metrics,reports/protected_period_extension_v1/holdout_report_v1_0_1.json,d69f75628687341d13976898e873b2cc849c1613c4ca131c766b59937ff88325,metric_rows[11],holdout,final temporal model-performance holdout 2023-2024,temporal_holdout_with_mandatory_prior_exposure_disclosure,temporal holdout; prior aggregate and label exposure disclosed; not fully unseen
PROT-0576,tables/02_protected_period_metrics.csv,holdout|2024|model_stage_v1__coarse__random_forest__003,roc_auc,0.7672780101662607,ROC-AUC.,aligned available-label observations,source precision; recommended display 4 decimals for metrics,reports/protected_period_extension_v1/holdout_report_v1_0_1.json,d69f75628687341d13976898e873b2cc849c1613c4ca131c766b59937ff88325,metric_rows[11],holdout,final temporal model-performance holdout 2023-2024,temporal_holdout_with_mandatory_prior_exposure_disclosure,temporal holdout; prior aggregate and label exposure disclosed; not fully unseen
PROT-0577,tables/02_protected_period_metrics.csv,holdout|2024|model_stage_v1__coarse__random_forest__003,brier_score,0.10796780650954345,Mean squared probabilistic forecast error.,aligned available-label observations,source precision; recommended display 4 decimals for metrics,reports/protected_period_extension_v1/holdout_report_v1_0_1.json,d69f75628687341d13976898e873b2cc849c1613c4ca131c766b59937ff88325,metric_rows[11],holdout,final temporal model-performance holdout 2023-2024,temporal_holdout_with_mandatory_prior_exposure_disclosure,temporal holdout; prior aggregate and label exposure disclosed; not fully unseen
PROT-0578,tables/02_protected_period_metrics.csv,holdout|2024|model_stage_v1__coarse__random_forest__003,f1_frozen_threshold,0.3875338753387534,F1 at the frozen development threshold.,aligned available-label observations,source precision; recommended display 4 decimals for metrics,reports/protected_period_extension_v1/holdout_report_v1_0_1.json,d69f75628687341d13976898e873b2cc849c1613c4ca131c766b59937ff88325,metric_rows[11],holdout,final temporal model-performance holdout 2023-2024,temporal_holdout_with_mandatory_prior_exposure_disclosure,temporal holdout; prior aggregate and label exposure disclosed; not fully unseen
PROT-0579,tables/02_protected_period_metrics.csv,holdout|2024|model_stage_v1__coarse__random_forest__003,precision_frozen_threshold,0.2782101167315175,Precision at the frozen development threshold.,predicted positives,source precision; recommended display 4 decimals for metrics,reports/protected_period_extension_v1/holdout_report_v1_0_1.json,d69f75628687341d13976898e873b2cc849c1613c4ca131c766b59937ff88325,metric_rows[11],holdout,final temporal model-performance holdout 2023-2024,temporal_holdout_with_mandatory_prior_exposure_disclosure,temporal holdout; prior aggregate and label exposure disclosed; not fully unseen
PROT-0580,tables/02_protected_period_metrics.csv,holdout|2024|model_stage_v1__coarse__random_forest__003,recall_frozen_threshold,0.6383928571428571,Recall at the frozen development threshold.,positive labels,source precision; recommended display 4 decimals for metrics,reports/protected_period_extension_v1/holdout_report_v1_0_1.json,d69f75628687341d13976898e873b2cc849c1613c4ca131c766b59937ff88325,metric_rows[11],holdout,final temporal model-performance holdout 2023-2024,temporal_holdout_with_mandatory_prior_exposure_disclosure,temporal holdout; prior aggregate and label exposure disclosed; not fully unseen
PROT-0581,tables/02_protected_period_metrics.csv,holdout|2024|model_stage_v1__coarse__random_forest__003,average_precision_ci_lower,0.31926348456877124,Lower 2.5th percentile clustered-bootstrap AP bound.,economic_group_id clustered bootstrap,source precision; recommended display 4 decimals for metrics,reports/protected_period_extension_v1/holdout_report_v1_0_1.json,d69f75628687341d13976898e873b2cc849c1613c4ca131c766b59937ff88325,metric_rows[11],holdout,final temporal model-performance holdout 2023-2024,temporal_holdout_with_mandatory_prior_exposure_disclosure,temporal holdout; prior aggregate and label exposure disclosed; not fully unseen
PROT-0582,tables/02_protected_period_metrics.csv,holdout|2024|model_stage_v1__coarse__random_forest__003,average_precision_ci_upper,0.4506074069850558,Upper 97.5th percentile clustered-bootstrap AP bound.,economic_group_id clustered bootstrap,source precision; recommended display 4 decimals for metrics,reports/protected_period_extension_v1/holdout_report_v1_0_1.json,d69f75628687341d13976898e873b2cc849c1613c4ca131c766b59937ff88325,metric_rows[11],holdout,final temporal model-performance holdout 2023-2024,temporal_holdout_with_mandatory_prior_exposure_disclosure,temporal holdout; prior aggregate and label exposure disclosed; not fully unseen
PROT-0583,tables/02_protected_period_metrics.csv,holdout|2024|model_stage_v1__coarse__random_forest__003,roc_auc_ci_lower,0.735308786188103,Lower 2.5th percentile clustered-bootstrap ROC-AUC bound.,economic_group_id clustered bootstrap,source precision; recommended display 4 decimals for metrics,reports/protected_period_extension_v1/holdout_report_v1_0_1.json,d69f75628687341d13976898e873b2cc849c1613c4ca131c766b59937ff88325,metric_rows[11],holdout,final temporal model-performance holdout 2023-2024,temporal_holdout_with_mandatory_prior_exposure_disclosure,temporal holdout; prior aggregate and label exposure disclosed; not fully unseen
PROT-0584,tables/02_protected_period_metrics.csv,holdout|2024|model_stage_v1__coarse__random_forest__003,roc_auc_ci_upper,0.7986569469296917,Upper 97.5th percentile clustered-bootstrap ROC-AUC bound.,economic_group_id clustered bootstrap,source precision; recommended display 4 decimals for metrics,reports/protected_period_extension_v1/holdout_report_v1_0_1.json,d69f75628687341d13976898e873b2cc849c1613c4ca131c766b59937ff88325,metric_rows[11],holdout,final temporal model-performance holdout 2023-2024,temporal_holdout_with_mandatory_prior_exposure_disclosure,temporal holdout; prior aggregate and label exposure disclosed; not fully unseen
PROT-0585,tables/02_protected_period_metrics.csv,holdout|2024|model_stage_v1__coarse__random_forest__003,f1_ci_lower,0.34239072288035727,Lower 2.5th percentile clustered-bootstrap F1 bound.,economic_group_id clustered bootstrap,source precision; recommended display 4 decimals for metrics,reports/protected_period_extension_v1/holdout_report_v1_0_1.json,d69f75628687341d13976898e873b2cc849c1613c4ca131c766b59937ff88325,metric_rows[11],holdout,final temporal model-performance holdout 2023-2024,temporal_holdout_with_mandatory_prior_exposure_disclosure,temporal holdout; prior aggregate and label exposure disclosed; not fully unseen
PROT-0586,tables/02_protected_period_metrics.csv,holdout|2024|model_stage_v1__coarse__random_forest__003,f1_ci_upper,0.42953574796161736,Upper 97.5th percentile clustered-bootstrap F1 bound.,economic_group_id clustered bootstrap,source precision; recommended display 4 decimals for metrics,reports/protected_period_extension_v1/holdout_report_v1_0_1.json,d69f75628687341d13976898e873b2cc849c1613c4ca131c766b59937ff88325,metric_rows[11],holdout,final temporal model-performance holdout 2023-2024,temporal_holdout_with_mandatory_prior_exposure_disclosure,temporal holdout; prior aggregate and label exposure disclosed; not fully unseen
PROT-0587,tables/02_protected_period_metrics.csv,holdout|2024|model_stage_v1__coarse__random_forest__003,bootstrap_replicates,2000,Requested clustered-bootstrap replicates.,economic_group_id clusters,source precision; recommended display 4 decimals for metrics,reports/protected_period_extension_v1/holdout_report_v1_0_1.json,d69f75628687341d13976898e873b2cc849c1613c4ca131c766b59937ff88325,metric_rows[11],holdout,final temporal model-performance holdout 2023-2024,temporal_holdout_with_mandatory_prior_exposure_disclosure,temporal holdout; prior aggregate and label exposure disclosed; not fully unseen
PROT-0588,tables/02_protected_period_metrics.csv,holdout|2024|model_stage_v1__coarse__random_forest__003,bootstrap_valid_replicates,2000,Valid non-degenerate clustered-bootstrap replicates.,requested bootstrap replicates,source precision; recommended display 4 decimals for metrics,reports/protected_period_extension_v1/holdout_report_v1_0_1.json,d69f75628687341d13976898e873b2cc849c1613c4ca131c766b59937ff88325,metric_rows[11],holdout,final temporal model-performance holdout 2023-2024,temporal_holdout_with_mandatory_prior_exposure_disclosure,temporal holdout; prior aggregate and label exposure disclosed; not fully unseen
PROT-0589,tables/02_protected_period_metrics.csv,holdout|2024|model_stage_v1__coarse__rbf_svm__004,year,2024,Feature/prediction year.,not applicable,source precision; recommended display 4 decimals for metrics,reports/protected_period_extension_v1/holdout_report_v1_0_1.json,d69f75628687341d13976898e873b2cc849c1613c4ca131c766b59937ff88325,metric_rows[13],holdout,final temporal model-performance holdout 2023-2024,temporal_holdout_with_mandatory_prior_exposure_disclosure,temporal holdout; prior aggregate and label exposure disclosed; not fully unseen
PROT-0590,tables/02_protected_period_metrics.csv,holdout|2024|model_stage_v1__coarse__rbf_svm__004,n,1573,Number of evaluable company-year observations.,aligned available-label observations,source precision; recommended display 4 decimals for metrics,reports/protected_period_extension_v1/holdout_report_v1_0_1.json,d69f75628687341d13976898e873b2cc849c1613c4ca131c766b59937ff88325,metric_rows[13],holdout,final temporal model-performance holdout 2023-2024,temporal_holdout_with_mandatory_prior_exposure_disclosure,temporal holdout; prior aggregate and label exposure disclosed; not fully unseen
PROT-0591,tables/02_protected_period_metrics.csv,holdout|2024|model_stage_v1__coarse__rbf_svm__004,positive_n,224,Number of positive target labels.,aligned available-label observations,source precision; recommended display 4 decimals for metrics,reports/protected_period_extension_v1/holdout_report_v1_0_1.json,d69f75628687341d13976898e873b2cc849c1613c4ca131c766b59937ff88325,metric_rows[13],holdout,final temporal model-performance holdout 2023-2024,temporal_holdout_with_mandatory_prior_exposure_disclosure,temporal holdout; prior aggregate and label exposure disclosed; not fully unseen
PROT-0592,tables/02_protected_period_metrics.csv,holdout|2024|model_stage_v1__coarse__rbf_svm__004,average_precision,0.3483155486103751,"Average precision, historically labelled PR-AUC.",aligned available-label observations,source precision; recommended display 4 decimals for metrics,reports/protected_period_extension_v1/holdout_report_v1_0_1.json,d69f75628687341d13976898e873b2cc849c1613c4ca131c766b59937ff88325,metric_rows[13],holdout,final temporal model-performance holdout 2023-2024,temporal_holdout_with_mandatory_prior_exposure_disclosure,temporal holdout; prior aggregate and label exposure disclosed; not fully unseen
PROT-0593,tables/02_protected_period_metrics.csv,holdout|2024|model_stage_v1__coarse__rbf_svm__004,roc_auc,0.7245347082494968,ROC-AUC.,aligned available-label observations,source precision; recommended display 4 decimals for metrics,reports/protected_period_extension_v1/holdout_report_v1_0_1.json,d69f75628687341d13976898e873b2cc849c1613c4ca131c766b59937ff88325,metric_rows[13],holdout,final temporal model-performance holdout 2023-2024,temporal_holdout_with_mandatory_prior_exposure_disclosure,temporal holdout; prior aggregate and label exposure disclosed; not fully unseen
PROT-0594,tables/02_protected_period_metrics.csv,holdout|2024|model_stage_v1__coarse__rbf_svm__004,brier_score,0.11352671306343584,Mean squared probabilistic forecast error.,aligned available-label observations,source precision; recommended display 4 decimals for metrics,reports/protected_period_extension_v1/holdout_report_v1_0_1.json,d69f75628687341d13976898e873b2cc849c1613c4ca131c766b59937ff88325,metric_rows[13],holdout,final temporal model-performance holdout 2023-2024,temporal_holdout_with_mandatory_prior_exposure_disclosure,temporal holdout; prior aggregate and label exposure disclosed; not fully unseen
PROT-0595,tables/02_protected_period_metrics.csv,holdout|2024|model_stage_v1__coarse__rbf_svm__004,f1_frozen_threshold,0.3869047619047619,F1 at the frozen development threshold.,aligned available-label observations,source precision; recommended display 4 decimals for metrics,reports/protected_period_extension_v1/holdout_report_v1_0_1.json,d69f75628687341d13976898e873b2cc849c1613c4ca131c766b59937ff88325,metric_rows[13],holdout,final temporal model-performance holdout 2023-2024,temporal_holdout_with_mandatory_prior_exposure_disclosure,temporal holdout; prior aggregate and label exposure disclosed; not fully unseen
PROT-0596,tables/02_protected_period_metrics.csv,holdout|2024|model_stage_v1__coarse__rbf_svm__004,precision_frozen_threshold,0.29017857142857145,Precision at the frozen development threshold.,predicted positives,source precision; recommended display 4 decimals for metrics,reports/protected_period_extension_v1/holdout_report_v1_0_1.json,d69f75628687341d13976898e873b2cc849c1613c4ca131c766b59937ff88325,metric_rows[13],holdout,final temporal model-performance holdout 2023-2024,temporal_holdout_with_mandatory_prior_exposure_disclosure,temporal holdout; prior aggregate and label exposure disclosed; not fully unseen
PROT-0597,tables/02_protected_period_metrics.csv,holdout|2024|model_stage_v1__coarse__rbf_svm__004,recall_frozen_threshold,0.5803571428571429,Recall at the frozen development threshold.,positive labels,source precision; recommended display 4 decimals for metrics,reports/protected_period_extension_v1/holdout_report_v1_0_1.json,d69f75628687341d13976898e873b2cc849c1613c4ca131c766b59937ff88325,metric_rows[13],holdout,final temporal model-performance holdout 2023-2024,temporal_holdout_with_mandatory_prior_exposure_disclosure,temporal holdout; prior aggregate and label exposure disclosed; not fully unseen
PROT-0598,tables/02_protected_period_metrics.csv,holdout|2024|model_stage_v1__coarse__rbf_svm__004,average_precision_ci_lower,0.2926702454865394,Lower 2.5th percentile clustered-bootstrap AP bound.,economic_group_id clustered bootstrap,source precision; recommended display 4 decimals for metrics,reports/protected_period_extension_v1/holdout_report_v1_0_1.json,d69f75628687341d13976898e873b2cc849c1613c4ca131c766b59937ff88325,metric_rows[13],holdout,final temporal model-performance holdout 2023-2024,temporal_holdout_with_mandatory_prior_exposure_disclosure,temporal holdout; prior aggregate and label exposure disclosed; not fully unseen
PROT-0599,tables/02_protected_period_metrics.csv,holdout|2024|model_stage_v1__coarse__rbf_svm__004,average_precision_ci_upper,0.41277331702887904,Upper 97.5th percentile clustered-bootstrap AP bound.,economic_group_id clustered bootstrap,source precision; recommended display 4 decimals for metrics,reports/protected_period_extension_v1/holdout_report_v1_0_1.json,d69f75628687341d13976898e873b2cc849c1613c4ca131c766b59937ff88325,metric_rows[13],holdout,final temporal model-performance holdout 2023-2024,temporal_holdout_with_mandatory_prior_exposure_disclosure,temporal holdout; prior aggregate and label exposure disclosed; not fully unseen
PROT-0600,tables/02_protected_period_metrics.csv,holdout|2024|model_stage_v1__coarse__rbf_svm__004,roc_auc_ci_lower,0.6872231578865097,Lower 2.5th percentile clustered-bootstrap ROC-AUC bound.,economic_group_id clustered bootstrap,source precision; recommended display 4 decimals for metrics,reports/protected_period_extension_v1/holdout_report_v1_0_1.json,d69f75628687341d13976898e873b2cc849c1613c4ca131c766b59937ff88325,metric_rows[13],holdout,final temporal model-performance holdout 2023-2024,temporal_holdout_with_mandatory_prior_exposure_disclosure,temporal holdout; prior aggregate and label exposure disclosed; not fully unseen
PROT-0601,tables/02_protected_period_metrics.csv,holdout|2024|model_stage_v1__coarse__rbf_svm__004,roc_auc_ci_upper,0.7605108500626292,Upper 97.5th percentile clustered-bootstrap ROC-AUC bound.,economic_group_id clustered bootstrap,source precision; recommended display 4 decimals for metrics,reports/protected_period_extension_v1/holdout_report_v1_0_1.json,d69f75628687341d13976898e873b2cc849c1613c4ca131c766b59937ff88325,metric_rows[13],holdout,final temporal model-performance holdout 2023-2024,temporal_holdout_with_mandatory_prior_exposure_disclosure,temporal holdout; prior aggregate and label exposure disclosed; not fully unseen
PROT-0602,tables/02_protected_period_metrics.csv,holdout|2024|model_stage_v1__coarse__rbf_svm__004,f1_ci_lower,0.340086409281614,Lower 2.5th percentile clustered-bootstrap F1 bound.,economic_group_id clustered bootstrap,source precision; recommended display 4 decimals for metrics,reports/protected_period_extension_v1/holdout_report_v1_0_1.json,d69f75628687341d13976898e873b2cc849c1613c4ca131c766b59937ff88325,metric_rows[13],holdout,final temporal model-performance holdout 2023-2024,temporal_holdout_with_mandatory_prior_exposure_disclosure,temporal holdout; prior aggregate and label exposure disclosed; not fully unseen
PROT-0603,tables/02_protected_period_metrics.csv,holdout|2024|model_stage_v1__coarse__rbf_svm__004,f1_ci_upper,0.43108805973253467,Upper 97.5th percentile clustered-bootstrap F1 bound.,economic_group_id clustered bootstrap,source precision; recommended display 4 decimals for metrics,reports/protected_period_extension_v1/holdout_report_v1_0_1.json,d69f75628687341d13976898e873b2cc849c1613c4ca131c766b59937ff88325,metric_rows[13],holdout,final temporal model-performance holdout 2023-2024,temporal_holdout_with_mandatory_prior_exposure_disclosure,temporal holdout; prior aggregate and label exposure disclosed; not fully unseen
PROT-0604,tables/02_protected_period_metrics.csv,holdout|2024|model_stage_v1__coarse__rbf_svm__004,bootstrap_replicates,2000,Requested clustered-bootstrap replicates.,economic_group_id clusters,source precision; recommended display 4 decimals for metrics,reports/protected_period_extension_v1/holdout_report_v1_0_1.json,d69f75628687341d13976898e873b2cc849c1613c4ca131c766b59937ff88325,metric_rows[13],holdout,final temporal model-performance holdout 2023-2024,temporal_holdout_with_mandatory_prior_exposure_disclosure,temporal holdout; prior aggregate and label exposure disclosed; not fully unseen
PROT-0605,tables/02_protected_period_metrics.csv,holdout|2024|model_stage_v1__coarse__rbf_svm__004,bootstrap_valid_replicates,2000,Valid non-degenerate clustered-bootstrap replicates.,requested bootstrap replicates,source precision; recommended display 4 decimals for metrics,reports/protected_period_extension_v1/holdout_report_v1_0_1.json,d69f75628687341d13976898e873b2cc849c1613c4ca131c766b59937ff88325,metric_rows[13],holdout,final temporal model-performance holdout 2023-2024,temporal_holdout_with_mandatory_prior_exposure_disclosure,temporal holdout; prior aggregate and label exposure disclosed; not fully unseen
PROT-0606,tables/02_protected_period_metrics.csv,holdout|2024|model_stage_v1__coarse__xgboost__004,year,2024,Feature/prediction year.,not applicable,source precision; recommended display 4 decimals for metrics,reports/protected_period_extension_v1/holdout_report_v1_0_1.json,d69f75628687341d13976898e873b2cc849c1613c4ca131c766b59937ff88325,metric_rows[9],holdout,final temporal model-performance holdout 2023-2024,temporal_holdout_with_mandatory_prior_exposure_disclosure,temporal holdout; prior aggregate and label exposure disclosed; not fully unseen
PROT-0607,tables/02_protected_period_metrics.csv,holdout|2024|model_stage_v1__coarse__xgboost__004,n,1573,Number of evaluable company-year observations.,aligned available-label observations,source precision; recommended display 4 decimals for metrics,reports/protected_period_extension_v1/holdout_report_v1_0_1.json,d69f75628687341d13976898e873b2cc849c1613c4ca131c766b59937ff88325,metric_rows[9],holdout,final temporal model-performance holdout 2023-2024,temporal_holdout_with_mandatory_prior_exposure_disclosure,temporal holdout; prior aggregate and label exposure disclosed; not fully unseen
PROT-0608,tables/02_protected_period_metrics.csv,holdout|2024|model_stage_v1__coarse__xgboost__004,positive_n,224,Number of positive target labels.,aligned available-label observations,source precision; recommended display 4 decimals for metrics,reports/protected_period_extension_v1/holdout_report_v1_0_1.json,d69f75628687341d13976898e873b2cc849c1613c4ca131c766b59937ff88325,metric_rows[9],holdout,final temporal model-performance holdout 2023-2024,temporal_holdout_with_mandatory_prior_exposure_disclosure,temporal holdout; prior aggregate and label exposure disclosed; not fully unseen
PROT-0609,tables/02_protected_period_metrics.csv,holdout|2024|model_stage_v1__coarse__xgboost__004,average_precision,0.3557968936503878,"Average precision, historically labelled PR-AUC.",aligned available-label observations,source precision; recommended display 4 decimals for metrics,reports/protected_period_extension_v1/holdout_report_v1_0_1.json,d69f75628687341d13976898e873b2cc849c1613c4ca131c766b59937ff88325,metric_rows[9],holdout,final temporal model-performance holdout 2023-2024,temporal_holdout_with_mandatory_prior_exposure_disclosure,temporal holdout; prior aggregate and label exposure disclosed; not fully unseen
PROT-0610,tables/02_protected_period_metrics.csv,holdout|2024|model_stage_v1__coarse__xgboost__004,roc_auc,0.7664208937837551,ROC-AUC.,aligned available-label observations,source precision; recommended display 4 decimals for metrics,reports/protected_period_extension_v1/holdout_report_v1_0_1.json,d69f75628687341d13976898e873b2cc849c1613c4ca131c766b59937ff88325,metric_rows[9],holdout,final temporal model-performance holdout 2023-2024,temporal_holdout_with_mandatory_prior_exposure_disclosure,temporal holdout; prior aggregate and label exposure disclosed; not fully unseen
PROT-0611,tables/02_protected_period_metrics.csv,holdout|2024|model_stage_v1__coarse__xgboost__004,brier_score,0.10880209146190575,Mean squared probabilistic forecast error.,aligned available-label observations,source precision; recommended display 4 decimals for metrics,reports/protected_period_extension_v1/holdout_report_v1_0_1.json,d69f75628687341d13976898e873b2cc849c1613c4ca131c766b59937ff88325,metric_rows[9],holdout,final temporal model-performance holdout 2023-2024,temporal_holdout_with_mandatory_prior_exposure_disclosure,temporal holdout; prior aggregate and label exposure disclosed; not fully unseen
PROT-0612,tables/02_protected_period_metrics.csv,holdout|2024|model_stage_v1__coarse__xgboost__004,f1_frozen_threshold,0.3913630229419703,F1 at the frozen development threshold.,aligned available-label observations,source precision; recommended display 4 decimals for metrics,reports/protected_period_extension_v1/holdout_report_v1_0_1.json,d69f75628687341d13976898e873b2cc849c1613c4ca131c766b59937ff88325,metric_rows[9],holdout,final temporal model-performance holdout 2023-2024,temporal_holdout_with_mandatory_prior_exposure_disclosure,temporal holdout; prior aggregate and label exposure disclosed; not fully unseen
PROT-0613,tables/02_protected_period_metrics.csv,holdout|2024|model_stage_v1__coarse__xgboost__004,precision_frozen_threshold,0.2804642166344294,Precision at the frozen development threshold.,predicted positives,source precision; recommended display 4 decimals for metrics,reports/protected_period_extension_v1/holdout_report_v1_0_1.json,d69f75628687341d13976898e873b2cc849c1613c4ca131c766b59937ff88325,metric_rows[9],holdout,final temporal model-performance holdout 2023-2024,temporal_holdout_with_mandatory_prior_exposure_disclosure,temporal holdout; prior aggregate and label exposure disclosed; not fully unseen
PROT-0614,tables/02_protected_period_metrics.csv,holdout|2024|model_stage_v1__coarse__xgboost__004,recall_frozen_threshold,0.6473214285714286,Recall at the frozen development threshold.,positive labels,source precision; recommended display 4 decimals for metrics,reports/protected_period_extension_v1/holdout_report_v1_0_1.json,d69f75628687341d13976898e873b2cc849c1613c4ca131c766b59937ff88325,metric_rows[9],holdout,final temporal model-performance holdout 2023-2024,temporal_holdout_with_mandatory_prior_exposure_disclosure,temporal holdout; prior aggregate and label exposure disclosed; not fully unseen
PROT-0615,tables/02_protected_period_metrics.csv,holdout|2024|model_stage_v1__coarse__xgboost__004,average_precision_ci_lower,0.3001119369671001,Lower 2.5th percentile clustered-bootstrap AP bound.,economic_group_id clustered bootstrap,source precision; recommended display 4 decimals for metrics,reports/protected_period_extension_v1/holdout_report_v1_0_1.json,d69f75628687341d13976898e873b2cc849c1613c4ca131c766b59937ff88325,metric_rows[9],holdout,final temporal model-performance holdout 2023-2024,temporal_holdout_with_mandatory_prior_exposure_disclosure,temporal holdout; prior aggregate and label exposure disclosed; not fully unseen
PROT-0616,tables/02_protected_period_metrics.csv,holdout|2024|model_stage_v1__coarse__xgboost__004,average_precision_ci_upper,0.4235263701384899,Upper 97.5th percentile clustered-bootstrap AP bound.,economic_group_id clustered bootstrap,source precision; recommended display 4 decimals for metrics,reports/protected_period_extension_v1/holdout_report_v1_0_1.json,d69f75628687341d13976898e873b2cc849c1613c4ca131c766b59937ff88325,metric_rows[9],holdout,final temporal model-performance holdout 2023-2024,temporal_holdout_with_mandatory_prior_exposure_disclosure,temporal holdout; prior aggregate and label exposure disclosed; not fully unseen
PROT-0617,tables/02_protected_period_metrics.csv,holdout|2024|model_stage_v1__coarse__xgboost__004,roc_auc_ci_lower,0.7364547826089431,Lower 2.5th percentile clustered-bootstrap ROC-AUC bound.,economic_group_id clustered bootstrap,source precision; recommended display 4 decimals for metrics,reports/protected_period_extension_v1/holdout_report_v1_0_1.json,d69f75628687341d13976898e873b2cc849c1613c4ca131c766b59937ff88325,metric_rows[9],holdout,final temporal model-performance holdout 2023-2024,temporal_holdout_with_mandatory_prior_exposure_disclosure,temporal holdout; prior aggregate and label exposure disclosed; not fully unseen
PROT-0618,tables/02_protected_period_metrics.csv,holdout|2024|model_stage_v1__coarse__xgboost__004,roc_auc_ci_upper,0.7983128717859918,Upper 97.5th percentile clustered-bootstrap ROC-AUC bound.,economic_group_id clustered bootstrap,source precision; recommended display 4 decimals for metrics,reports/protected_period_extension_v1/holdout_report_v1_0_1.json,d69f75628687341d13976898e873b2cc849c1613c4ca131c766b59937ff88325,metric_rows[9],holdout,final temporal model-performance holdout 2023-2024,temporal_holdout_with_mandatory_prior_exposure_disclosure,temporal holdout; prior aggregate and label exposure disclosed; not fully unseen
PROT-0619,tables/02_protected_period_metrics.csv,holdout|2024|model_stage_v1__coarse__xgboost__004,f1_ci_lower,0.34794520547945207,Lower 2.5th percentile clustered-bootstrap F1 bound.,economic_group_id clustered bootstrap,source precision; recommended display 4 decimals for metrics,reports/protected_period_extension_v1/holdout_report_v1_0_1.json,d69f75628687341d13976898e873b2cc849c1613c4ca131c766b59937ff88325,metric_rows[9],holdout,final temporal model-performance holdout 2023-2024,temporal_holdout_with_mandatory_prior_exposure_disclosure,temporal holdout; prior aggregate and label exposure disclosed; not fully unseen
PROT-0620,tables/02_protected_period_metrics.csv,holdout|2024|model_stage_v1__coarse__xgboost__004,f1_ci_upper,0.43636363636363634,Upper 97.5th percentile clustered-bootstrap F1 bound.,economic_group_id clustered bootstrap,source precision; recommended display 4 decimals for metrics,reports/protected_period_extension_v1/holdout_report_v1_0_1.json,d69f75628687341d13976898e873b2cc849c1613c4ca131c766b59937ff88325,metric_rows[9],holdout,final temporal model-performance holdout 2023-2024,temporal_holdout_with_mandatory_prior_exposure_disclosure,temporal holdout; prior aggregate and label exposure disclosed; not fully unseen
PROT-0621,tables/02_protected_period_metrics.csv,holdout|2024|model_stage_v1__coarse__xgboost__004,bootstrap_replicates,2000,Requested clustered-bootstrap replicates.,economic_group_id clusters,source precision; recommended display 4 decimals for metrics,reports/protected_period_extension_v1/holdout_report_v1_0_1.json,d69f75628687341d13976898e873b2cc849c1613c4ca131c766b59937ff88325,metric_rows[9],holdout,final temporal model-performance holdout 2023-2024,temporal_holdout_with_mandatory_prior_exposure_disclosure,temporal holdout; prior aggregate and label exposure disclosed; not fully unseen
PROT-0622,tables/02_protected_period_metrics.csv,holdout|2024|model_stage_v1__coarse__xgboost__004,bootstrap_valid_replicates,2000,Valid non-degenerate clustered-bootstrap replicates.,requested bootstrap replicates,source precision; recommended display 4 decimals for metrics,reports/protected_period_extension_v1/holdout_report_v1_0_1.json,d69f75628687341d13976898e873b2cc849c1613c4ca131c766b59937ff88325,metric_rows[9],holdout,final temporal model-performance holdout 2023-2024,temporal_holdout_with_mandatory_prior_exposure_disclosure,temporal holdout; prior aggregate and label exposure disclosed; not fully unseen
PROT-0623,tables/02_protected_period_metrics.csv,holdout|2024|model_stage_v1__qnn_q2__t0,year,2024,Feature/prediction year.,not applicable,source precision; recommended display 4 decimals for metrics,reports/protected_period_extension_v1/holdout_report_v1_0_1.json,d69f75628687341d13976898e873b2cc849c1613c4ca131c766b59937ff88325,metric_rows[14],holdout,final temporal model-performance holdout 2023-2024,temporal_holdout_with_mandatory_prior_exposure_disclosure,temporal holdout; prior aggregate and label exposure disclosed; not fully unseen
PROT-0624,tables/02_protected_period_metrics.csv,holdout|2024|model_stage_v1__qnn_q2__t0,n,1573,Number of evaluable company-year observations.,aligned available-label observations,source precision; recommended display 4 decimals for metrics,reports/protected_period_extension_v1/holdout_report_v1_0_1.json,d69f75628687341d13976898e873b2cc849c1613c4ca131c766b59937ff88325,metric_rows[14],holdout,final temporal model-performance holdout 2023-2024,temporal_holdout_with_mandatory_prior_exposure_disclosure,temporal holdout; prior aggregate and label exposure disclosed; not fully unseen
PROT-0625,tables/02_protected_period_metrics.csv,holdout|2024|model_stage_v1__qnn_q2__t0,positive_n,224,Number of positive target labels.,aligned available-label observations,source precision; recommended display 4 decimals for metrics,reports/protected_period_extension_v1/holdout_report_v1_0_1.json,d69f75628687341d13976898e873b2cc849c1613c4ca131c766b59937ff88325,metric_rows[14],holdout,final temporal model-performance holdout 2023-2024,temporal_holdout_with_mandatory_prior_exposure_disclosure,temporal holdout; prior aggregate and label exposure disclosed; not fully unseen
PROT-0626,tables/02_protected_period_metrics.csv,holdout|2024|model_stage_v1__qnn_q2__t0,average_precision,0.31293369535378057,"Average precision, historically labelled PR-AUC.",aligned available-label observations,source precision; recommended display 4 decimals for metrics,reports/protected_period_extension_v1/holdout_report_v1_0_1.json,d69f75628687341d13976898e873b2cc849c1613c4ca131c766b59937ff88325,metric_rows[14],holdout,final temporal model-performance holdout 2023-2024,temporal_holdout_with_mandatory_prior_exposure_disclosure,temporal holdout; prior aggregate and label exposure disclosed; not fully unseen
PROT-0627,tables/02_protected_period_metrics.csv,holdout|2024|model_stage_v1__qnn_q2__t0,roc_auc,0.7457706766917291,ROC-AUC.,aligned available-label observations,source precision; recommended display 4 decimals for metrics,reports/protected_period_extension_v1/holdout_report_v1_0_1.json,d69f75628687341d13976898e873b2cc849c1613c4ca131c766b59937ff88325,metric_rows[14],holdout,final temporal model-performance holdout 2023-2024,temporal_holdout_with_mandatory_prior_exposure_disclosure,temporal holdout; prior aggregate and label exposure disclosed; not fully unseen
PROT-0628,tables/02_protected_period_metrics.csv,holdout|2024|model_stage_v1__qnn_q2__t0,brier_score,0.11176143242132663,Mean squared probabilistic forecast error.,aligned available-label observations,source precision; recommended display 4 decimals for metrics,reports/protected_period_extension_v1/holdout_report_v1_0_1.json,d69f75628687341d13976898e873b2cc849c1613c4ca131c766b59937ff88325,metric_rows[14],holdout,final temporal model-performance holdout 2023-2024,temporal_holdout_with_mandatory_prior_exposure_disclosure,temporal holdout; prior aggregate and label exposure disclosed; not fully unseen
PROT-0629,tables/02_protected_period_metrics.csv,holdout|2024|model_stage_v1__qnn_q2__t0,f1_frozen_threshold,0.37518463810930575,F1 at the frozen development threshold.,aligned available-label observations,source precision; recommended display 4 decimals for metrics,reports/protected_period_extension_v1/holdout_report_v1_0_1.json,d69f75628687341d13976898e873b2cc849c1613c4ca131c766b59937ff88325,metric_rows[14],holdout,final temporal model-performance holdout 2023-2024,temporal_holdout_with_mandatory_prior_exposure_disclosure,temporal holdout; prior aggregate and label exposure disclosed; not fully unseen
PROT-0630,tables/02_protected_period_metrics.csv,holdout|2024|model_stage_v1__qnn_q2__t0,precision_frozen_threshold,0.2803532008830022,Precision at the frozen development threshold.,predicted positives,source precision; recommended display 4 decimals for metrics,reports/protected_period_extension_v1/holdout_report_v1_0_1.json,d69f75628687341d13976898e873b2cc849c1613c4ca131c766b59937ff88325,metric_rows[14],holdout,final temporal model-performance holdout 2023-2024,temporal_holdout_with_mandatory_prior_exposure_disclosure,temporal holdout; prior aggregate and label exposure disclosed; not fully unseen
PROT-0631,tables/02_protected_period_metrics.csv,holdout|2024|model_stage_v1__qnn_q2__t0,recall_frozen_threshold,0.5669642857142857,Recall at the frozen development threshold.,positive labels,source precision; recommended display 4 decimals for metrics,reports/protected_period_extension_v1/holdout_report_v1_0_1.json,d69f75628687341d13976898e873b2cc849c1613c4ca131c766b59937ff88325,metric_rows[14],holdout,final temporal model-performance holdout 2023-2024,temporal_holdout_with_mandatory_prior_exposure_disclosure,temporal holdout; prior aggregate and label exposure disclosed; not fully unseen
PROT-0632,tables/02_protected_period_metrics.csv,holdout|2024|model_stage_v1__qnn_q2__t0,average_precision_ci_lower,0.26290212657072426,Lower 2.5th percentile clustered-bootstrap AP bound.,economic_group_id clustered bootstrap,source precision; recommended display 4 decimals for metrics,reports/protected_period_extension_v1/holdout_report_v1_0_1.json,d69f75628687341d13976898e873b2cc849c1613c4ca131c766b59937ff88325,metric_rows[14],holdout,final temporal model-performance holdout 2023-2024,temporal_holdout_with_mandatory_prior_exposure_disclosure,temporal holdout; prior aggregate and label exposure disclosed; not fully unseen
PROT-0633,tables/02_protected_period_metrics.csv,holdout|2024|model_stage_v1__qnn_q2__t0,average_precision_ci_upper,0.37291660282931316,Upper 97.5th percentile clustered-bootstrap AP bound.,economic_group_id clustered bootstrap,source precision; recommended display 4 decimals for metrics,reports/protected_period_extension_v1/holdout_report_v1_0_1.json,d69f75628687341d13976898e873b2cc849c1613c4ca131c766b59937ff88325,metric_rows[14],holdout,final temporal model-performance holdout 2023-2024,temporal_holdout_with_mandatory_prior_exposure_disclosure,temporal holdout; prior aggregate and label exposure disclosed; not fully unseen
PROT-0634,tables/02_protected_period_metrics.csv,holdout|2024|model_stage_v1__qnn_q2__t0,roc_auc_ci_lower,0.7121398916123737,Lower 2.5th percentile clustered-bootstrap ROC-AUC bound.,economic_group_id clustered bootstrap,source precision; recommended display 4 decimals for metrics,reports/protected_period_extension_v1/holdout_report_v1_0_1.json,d69f75628687341d13976898e873b2cc849c1613c4ca131c766b59937ff88325,metric_rows[14],holdout,final temporal model-performance holdout 2023-2024,temporal_holdout_with_mandatory_prior_exposure_disclosure,temporal holdout; prior aggregate and label exposure disclosed; not fully unseen
PROT-0635,tables/02_protected_period_metrics.csv,holdout|2024|model_stage_v1__qnn_q2__t0,roc_auc_ci_upper,0.7768824878928858,Upper 97.5th percentile clustered-bootstrap ROC-AUC bound.,economic_group_id clustered bootstrap,source precision; recommended display 4 decimals for metrics,reports/protected_period_extension_v1/holdout_report_v1_0_1.json,d69f75628687341d13976898e873b2cc849c1613c4ca131c766b59937ff88325,metric_rows[14],holdout,final temporal model-performance holdout 2023-2024,temporal_holdout_with_mandatory_prior_exposure_disclosure,temporal holdout; prior aggregate and label exposure disclosed; not fully unseen
PROT-0636,tables/02_protected_period_metrics.csv,holdout|2024|model_stage_v1__qnn_q2__t0,f1_ci_lower,0.32800427634430346,Lower 2.5th percentile clustered-bootstrap F1 bound.,economic_group_id clustered bootstrap,source precision; recommended display 4 decimals for metrics,reports/protected_period_extension_v1/holdout_report_v1_0_1.json,d69f75628687341d13976898e873b2cc849c1613c4ca131c766b59937ff88325,metric_rows[14],holdout,final temporal model-performance holdout 2023-2024,temporal_holdout_with_mandatory_prior_exposure_disclosure,temporal holdout; prior aggregate and label exposure disclosed; not fully unseen
PROT-0637,tables/02_protected_period_metrics.csv,holdout|2024|model_stage_v1__qnn_q2__t0,f1_ci_upper,0.41968806974436096,Upper 97.5th percentile clustered-bootstrap F1 bound.,economic_group_id clustered bootstrap,source precision; recommended display 4 decimals for metrics,reports/protected_period_extension_v1/holdout_report_v1_0_1.json,d69f75628687341d13976898e873b2cc849c1613c4ca131c766b59937ff88325,metric_rows[14],holdout,final temporal model-performance holdout 2023-2024,temporal_holdout_with_mandatory_prior_exposure_disclosure,temporal holdout; prior aggregate and label exposure disclosed; not fully unseen
PROT-0638,tables/02_protected_period_metrics.csv,holdout|2024|model_stage_v1__qnn_q2__t0,bootstrap_replicates,2000,Requested clustered-bootstrap replicates.,economic_group_id clusters,source precision; recommended display 4 decimals for metrics,reports/protected_period_extension_v1/holdout_report_v1_0_1.json,d69f75628687341d13976898e873b2cc849c1613c4ca131c766b59937ff88325,metric_rows[14],holdout,final temporal model-performance holdout 2023-2024,temporal_holdout_with_mandatory_prior_exposure_disclosure,temporal holdout; prior aggregate and label exposure disclosed; not fully unseen
PROT-0639,tables/02_protected_period_metrics.csv,holdout|2024|model_stage_v1__qnn_q2__t0,bootstrap_valid_replicates,2000,Valid non-degenerate clustered-bootstrap replicates.,requested bootstrap replicates,source precision; recommended display 4 decimals for metrics,reports/protected_period_extension_v1/holdout_report_v1_0_1.json,d69f75628687341d13976898e873b2cc849c1613c4ca131c766b59937ff88325,metric_rows[14],holdout,final temporal model-performance holdout 2023-2024,temporal_holdout_with_mandatory_prior_exposure_disclosure,temporal holdout; prior aggregate and label exposure disclosed; not fully unseen
