accession,feature_year,eligible_observation_count,eligible_ciks,eligible_names,accession_registrant_count,xbrl_expected,statement_entity_ciks,audit_scope_cik_groups,heading_only_statement_ciks,statement_evidence_by_cik,audit_opinion_phrase_count,normalized_name_collision_ciks,xbrl_context_files,xbrl_entity_ciks,xbrl_non_cik_identifiers,xbrl_entity_names,xbrl_entity_count,xbrl_context_count,xbrl_fact_reference_count,unresolved_multi_cik_audit_groups,scope_status,scope_reason,manual_evidence,manual_series_id,non_operating_issuer_ciks,statement_entity_count,joint_scope_structure
0000006201-14-000004,2013,2,0000004515;0000006201,AMERICAN AIRLINES GROUP INC. | AMERICAN AIRLINES INC,2,True,0000004515;0000006201,"[[""0000004515""], [""0000006201""]]",,"{""0000004515"": {""audit_opinion_window_matches"": 2, ""balance_sheet_heading_matches"": 2, ""cash_flow_heading_matches"": 1, ""name"": ""AMERICAN AIRLINES INC"", ""operations_heading_matches"": 4}, ""0000006201"": {""audit_opinion_window_matches"": 2, ""balance_sheet_heading_matches"": 2, ""cash_flow_heading_matches"": 1, ""name"": ""American Airlines Group Inc."", ""operations_heading_matches"": 4}}",5,,aag-20131231.xml,0000006201,,AMERICAN AIRLINES INC;American Airlines Group Inc.,1.0,1092.0,3727.0,[],resolved,primary_10k_distinct_statement_sets_mapped,,,,2,multiple_distinct_statement_scopes
0000006201-18-000009,2017,2,0000004515;0000006201,AMERICAN AIRLINES GROUP INC. | AMERICAN AIRLINES INC,2,True,0000004515;0000006201,"[[""0000004515""], [""0000006201""]]",,"{""0000004515"": {""audit_opinion_window_matches"": 2, ""balance_sheet_heading_matches"": 4, ""cash_flow_heading_matches"": 1, ""name"": ""AMERICAN AIRLINES INC"", ""operations_heading_matches"": 7}, ""0000006201"": {""audit_opinion_window_matches"": 2, ""balance_sheet_heading_matches"": 5, ""cash_flow_heading_matches"": 1, ""name"": ""American Airlines Group Inc."", ""operations_heading_matches"": 7}}",4,,aal-20171231.xml,0000006201,,AMERICAN AIRLINES INC;American Airlines Group Inc.,1.0,982.0,3051.0,[],resolved,primary_10k_distinct_statement_sets_mapped,,,,2,multiple_distinct_statement_scopes
0000006201-19-000009,2018,2,0000004515;0000006201,AMERICAN AIRLINES GROUP INC. | AMERICAN AIRLINES INC,2,True,0000004515;0000006201,"[[""0000004515""], [""0000006201""]]",,"{""0000004515"": {""audit_opinion_window_matches"": 2, ""balance_sheet_heading_matches"": 3, ""cash_flow_heading_matches"": 1, ""name"": ""AMERICAN AIRLINES INC"", ""operations_heading_matches"": 8}, ""0000006201"": {""audit_opinion_window_matches"": 2, ""balance_sheet_heading_matches"": 5, ""cash_flow_heading_matches"": 1, ""name"": ""American Airlines Group Inc."", ""operations_heading_matches"": 8}}",4,,aal-20181231.xml,0000006201,,AMERICAN AIRLINES INC;American Airlines Group Inc.,1.0,1223.0,3387.0,[],resolved,primary_10k_distinct_statement_sets_mapped,,,,2,multiple_distinct_statement_scopes
0000006201-20-000023,2019,2,0000004515;0000006201,"AMERICAN AIRLINES GROUP INC. | AMERICAN AIRLINES, INC.",2,True,0000004515;0000006201,"[[""0000004515""], [""0000006201""]]",,"{""0000004515"": {""audit_opinion_window_matches"": 2, ""balance_sheet_heading_matches"": 5, ""cash_flow_heading_matches"": 1, ""name"": ""AMERICAN AIRLINES, INC."", ""operations_heading_matches"": 5}, ""0000006201"": {""audit_opinion_window_matches"": 2, ""balance_sheet_heading_matches"": 4, ""cash_flow_heading_matches"": 1, ""name"": ""American Airlines Group Inc."", ""operations_heading_matches"": 5}}",4,,a10k123119.htm,0000006201,,"American Airlines Group Inc.;American Airlines, Inc.",1.0,1116.0,3528.0,[],resolved,primary_10k_distinct_statement_sets_mapped,,,,2,multiple_distinct_statement_scopes
0000006201-21-000014,2020,2,0000004515;0000006201,"AMERICAN AIRLINES GROUP INC. | AMERICAN AIRLINES, INC.",2,True,0000004515;0000006201,"[[""0000004515""], [""0000006201""]]",,"{""0000004515"": {""audit_opinion_window_matches"": 2, ""balance_sheet_heading_matches"": 3, ""cash_flow_heading_matches"": 1, ""name"": ""AMERICAN AIRLINES, INC."", ""operations_heading_matches"": 5}, ""0000006201"": {""audit_opinion_window_matches"": 2, ""balance_sheet_heading_matches"": 3, ""cash_flow_heading_matches"": 1, ""name"": ""American Airlines Group Inc."", ""operations_heading_matches"": 5}}",4,,aal-20201231.htm,0000006201,,"American Airlines Group Inc.;American Airlines, Inc.",1.0,1267.0,4142.0,[],resolved,primary_10k_distinct_statement_sets_mapped,,,,2,multiple_distinct_statement_scopes
0000006201-22-000026,2021,2,0000004515;0000006201,"AMERICAN AIRLINES GROUP INC. | AMERICAN AIRLINES, INC.",2,True,0000004515;0000006201,"[[""0000004515""], [""0000006201""]]",,"{""0000004515"": {""audit_opinion_window_matches"": 2, ""balance_sheet_heading_matches"": 3, ""cash_flow_heading_matches"": 1, ""name"": ""AMERICAN AIRLINES, INC."", ""operations_heading_matches"": 7}, ""0000006201"": {""audit_opinion_window_matches"": 2, ""balance_sheet_heading_matches"": 5, ""cash_flow_heading_matches"": 1, ""name"": ""American Airlines Group Inc."", ""operations_heading_matches"": 6}}",4,,aal-20211231.htm,0000006201,,"American Airlines Group Inc.;American Airlines, Inc.",1.0,1287.0,4016.0,[],resolved,primary_10k_distinct_statement_sets_mapped,,,,2,multiple_distinct_statement_scopes
0000006201-23-000018,2022,2,0000004515;0000006201,"AMERICAN AIRLINES GROUP INC. | AMERICAN AIRLINES, INC.",2,True,0000004515;0000006201,"[[""0000004515""], [""0000006201""]]",,"{""0000004515"": {""audit_opinion_window_matches"": 2, ""balance_sheet_heading_matches"": 3, ""cash_flow_heading_matches"": 1, ""name"": ""AMERICAN AIRLINES, INC."", ""operations_heading_matches"": 5}, ""0000006201"": {""audit_opinion_window_matches"": 2, ""balance_sheet_heading_matches"": 4, ""cash_flow_heading_matches"": 1, ""name"": ""American Airlines Group Inc."", ""operations_heading_matches"": 5}}",4,,aal-20221231.htm,0000006201,,"American Airlines Group Inc.;American Airlines, Inc.",1.0,899.0,3367.0,[],resolved,primary_10k_distinct_statement_sets_mapped,,,,2,multiple_distinct_statement_scopes
0000006201-24-000010,2023,2,0000004515;0000006201,"AMERICAN AIRLINES GROUP INC. | AMERICAN AIRLINES, INC.",2,True,0000004515;0000006201,"[[""0000004515""], [""0000006201""]]",,"{""0000004515"": {""audit_opinion_window_matches"": 2, ""balance_sheet_heading_matches"": 4, ""cash_flow_heading_matches"": 1, ""name"": ""AMERICAN AIRLINES, INC."", ""operations_heading_matches"": 7}, ""0000006201"": {""audit_opinion_window_matches"": 2, ""balance_sheet_heading_matches"": 4, ""cash_flow_heading_matches"": 2, ""name"": ""American Airlines Group Inc."", ""operations_heading_matches"": 5}}",4,,aal-20231231.htm,0000006201,,"American Airlines Group Inc.;American Airlines, Inc.",1.0,924.0,3354.0,[],resolved,primary_10k_distinct_statement_sets_mapped,,,,2,multiple_distinct_statement_scopes
0000006201-25-000010,2024,2,0000004515;0000006201,"AMERICAN AIRLINES GROUP INC. | AMERICAN AIRLINES, INC.",2,True,0000004515;0000006201,"[[""0000004515""], [""0000006201""]]",,"{""0000004515"": {""audit_opinion_window_matches"": 2, ""balance_sheet_heading_matches"": 4, ""cash_flow_heading_matches"": 1, ""name"": ""AMERICAN AIRLINES, INC."", ""operations_heading_matches"": 6}, ""0000006201"": {""audit_opinion_window_matches"": 2, ""balance_sheet_heading_matches"": 4, ""cash_flow_heading_matches"": 1, ""name"": ""American Airlines Group Inc."", ""operations_heading_matches"": 7}}",4,,aal-20241231.htm,0000006201,,"American Airlines Group Inc.;American Airlines, Inc.",1.0,927.0,3295.0,[],resolved,primary_10k_distinct_statement_sets_mapped,,,,2,multiple_distinct_statement_scopes
0000030697-12-000007,2011,2,0000030697;0001467974,"WENDY'S CO | Wendy's Restaurants, LLC",2,True,0000030697;0001467974,"[[""0000030697""], [""0000030697"", ""0001467974""], [""0001467974""]]",,"{""0000030697"": {""audit_opinion_window_matches"": 3, ""balance_sheet_heading_matches"": 6, ""cash_flow_heading_matches"": 6, ""name"": ""Wendy's Co"", ""operations_heading_matches"": 9}, ""0001467974"": {""audit_opinion_window_matches"": 2, ""balance_sheet_heading_matches"": 5, ""cash_flow_heading_matches"": 5, ""name"": ""Wendy's Restaurants, LLC"", ""operations_heading_matches"": 6}}",5,,wen-20120101.xml,0000030697,,"WENDY'S CO;WENDY'S RESTAURANTS, LLC",1.0,745.0,4013.0,[],resolved,primary_10k_distinct_statement_sets_mapped,,,,2,multiple_distinct_statement_scopes
0000100517-19-000009,2018,2,0000100517;0000319687,"UNITED AIRLINES, INC. | UNITED CONTINENTAL HOLDINGS, INC.",2,True,0000100517;0000319687,"[[""0000100517""], [""0000319687""]]",,"{""0000100517"": {""audit_opinion_window_matches"": 2, ""balance_sheet_heading_matches"": 3, ""cash_flow_heading_matches"": 0, ""name"": ""United Continental Holdings, Inc."", ""operations_heading_matches"": 0}, ""0000319687"": {""audit_opinion_window_matches"": 2, ""balance_sheet_heading_matches"": 3, ""cash_flow_heading_matches"": 0, ""name"": ""UNITED AIRLINES, INC."", ""operations_heading_matches"": 0}}",4,,ual-20181231.xml,0000100517,,"United Airlines, Inc.;United Continental Holdings, Inc.",1.0,643.0,2350.0,[],resolved,primary_10k_distinct_statement_sets_mapped,,,,2,multiple_distinct_statement_scopes
0000100517-20-000010,2019,2,0000100517;0000319687,"UNITED AIRLINES HOLDINGS, INC. | UNITED AIRLINES, INC.",2,True,0000100517;0000319687,"[[""0000100517""], [""0000319687""]]",,"{""0000100517"": {""audit_opinion_window_matches"": 2, ""balance_sheet_heading_matches"": 3, ""cash_flow_heading_matches"": 0, ""name"": ""United Airlines Holdings, Inc."", ""operations_heading_matches"": 0}, ""0000319687"": {""audit_opinion_window_matches"": 2, ""balance_sheet_heading_matches"": 3, ""cash_flow_heading_matches"": 0, ""name"": ""UNITED AIRLINES, INC."", ""operations_heading_matches"": 0}}",4,,ual201910k.htm,0000100517,,"United Airlines Holdings, Inc.;United Airlines, Inc.",1.0,531.0,2329.0,[],resolved,primary_10k_distinct_statement_sets_mapped,,,,2,multiple_distinct_statement_scopes
0000100517-21-000016,2020,2,0000100517;0000319687,"UNITED AIRLINES HOLDINGS, INC. | UNITED AIRLINES, INC.",2,True,0000100517;0000319687,"[[""0000100517""], [""0000319687""]]",,"{""0000100517"": {""audit_opinion_window_matches"": 2, ""balance_sheet_heading_matches"": 3, ""cash_flow_heading_matches"": 0, ""name"": ""United Airlines Holdings, Inc."", ""operations_heading_matches"": 1}, ""0000319687"": {""audit_opinion_window_matches"": 2, ""balance_sheet_heading_matches"": 3, ""cash_flow_heading_matches"": 0, ""name"": ""UNITED AIRLINES, INC."", ""operations_heading_matches"": 1}}",4,,ual-20201231.htm,0000100517,,"United Airlines Holdings, Inc.;United Airlines, Inc.",1.0,590.0,2387.0,[],resolved,primary_10k_distinct_statement_sets_mapped,,,,2,multiple_distinct_statement_scopes
0000100517-22-000009,2021,2,0000100517;0000319687,"UNITED AIRLINES HOLDINGS, INC. | UNITED AIRLINES, INC.",2,True,0000100517;0000319687,"[[""0000100517""], [""0000319687""]]",,"{""0000100517"": {""audit_opinion_window_matches"": 2, ""balance_sheet_heading_matches"": 3, ""cash_flow_heading_matches"": 0, ""name"": ""United Airlines Holdings, Inc."", ""operations_heading_matches"": 1}, ""0000319687"": {""audit_opinion_window_matches"": 2, ""balance_sheet_heading_matches"": 3, ""cash_flow_heading_matches"": 0, ""name"": ""UNITED AIRLINES, INC."", ""operations_heading_matches"": 1}}",4,,ual-20211231.htm,0000100517,,"United Airlines Holdings, Inc.;United Airlines, Inc.",1.0,539.0,2080.0,[],resolved,primary_10k_distinct_statement_sets_mapped,,,,2,multiple_distinct_statement_scopes
0000100517-23-000048,2022,2,0000100517;0000319687,"UNITED AIRLINES HOLDINGS, INC. | UNITED AIRLINES, INC.",2,True,0000100517;0000319687,"[[""0000100517""], [""0000319687""]]",,"{""0000100517"": {""audit_opinion_window_matches"": 2, ""balance_sheet_heading_matches"": 3, ""cash_flow_heading_matches"": 0, ""name"": ""United Airlines Holdings, Inc."", ""operations_heading_matches"": 1}, ""0000319687"": {""audit_opinion_window_matches"": 2, ""balance_sheet_heading_matches"": 3, ""cash_flow_heading_matches"": 0, ""name"": ""UNITED AIRLINES, INC."", ""operations_heading_matches"": 1}}",4,,ual-20221231.htm,0000100517,,"United Airlines Holdings, Inc.;United Airlines, Inc.",1.0,494.0,2019.0,[],resolved,primary_10k_distinct_statement_sets_mapped,,,,2,multiple_distinct_statement_scopes
0000100517-24-000027,2023,2,0000100517;0000319687,"UNITED AIRLINES HOLDINGS, INC. | UNITED AIRLINES, INC.",2,True,0000100517;0000319687,"[[""0000100517""], [""0000319687""]]",,"{""0000100517"": {""audit_opinion_window_matches"": 2, ""balance_sheet_heading_matches"": 3, ""cash_flow_heading_matches"": 0, ""name"": ""United Airlines Holdings, Inc."", ""operations_heading_matches"": 1}, ""0000319687"": {""audit_opinion_window_matches"": 2, ""balance_sheet_heading_matches"": 3, ""cash_flow_heading_matches"": 0, ""name"": ""UNITED AIRLINES, INC."", ""operations_heading_matches"": 1}}",4,,ual-20231231.htm,0000100517,,"United Airlines Holdings, Inc.;United Airlines, Inc.",1.0,541.0,2065.0,[],resolved,primary_10k_distinct_statement_sets_mapped,,,,2,multiple_distinct_statement_scopes
0000100517-25-000046,2024,2,0000100517;0000319687,"UNITED AIRLINES HOLDINGS, INC. | UNITED AIRLINES, INC.",2,True,0000100517;0000319687,"[[""0000100517""], [""0000319687""]]",,"{""0000100517"": {""audit_opinion_window_matches"": 2, ""balance_sheet_heading_matches"": 3, ""cash_flow_heading_matches"": 0, ""name"": ""United Airlines Holdings, Inc."", ""operations_heading_matches"": 0}, ""0000319687"": {""audit_opinion_window_matches"": 2, ""balance_sheet_heading_matches"": 3, ""cash_flow_heading_matches"": 0, ""name"": ""UNITED AIRLINES, INC."", ""operations_heading_matches"": 0}}",4,,ual-20241231.htm,0000100517,,"United Airlines Holdings, Inc.;United Airlines, Inc.",1.0,462.0,1809.0,[],resolved,primary_10k_distinct_statement_sets_mapped,,,,2,multiple_distinct_statement_scopes
0000109177-18-000052,2018,2,0000109177;0001592706,"SB/RH Holdings, LLC | SPECTRUM BRANDS HOLDINGS, INC.",2,True,0000109177;0001592706,"[[""0000109177""], [""0000109177"", ""0001592706""], [""0001592706""]]",,"{""0000109177"": {""audit_opinion_window_matches"": 2, ""balance_sheet_heading_matches"": 3, ""cash_flow_heading_matches"": 3, ""name"": ""Spectrum Brands Holdings, Inc."", ""operations_heading_matches"": 7}, ""0001592706"": {""audit_opinion_window_matches"": 3, ""balance_sheet_heading_matches"": 4, ""cash_flow_heading_matches"": 3, ""name"": ""SB/RH Holdings, LLC"", ""operations_heading_matches"": 9}}",4,,spb-20180930.xml,0000109177,,"SB/RH Holdings, LLC;Spectrum Brands Holdings, Inc.",1.0,830.0,3705.0,[],resolved,primary_10k_distinct_statement_sets_mapped,,,,2,multiple_distinct_statement_scopes
0000109177-19-000050,2019,2,0000109177;0001592706,"SB/RH Holdings, LLC | SPECTRUM BRANDS HOLDINGS, INC.",2,True,0000109177;0001592706,"[[""0000109177""], [""0000109177"", ""0001592706""], [""0001592706""]]",,"{""0000109177"": {""audit_opinion_window_matches"": 2, ""balance_sheet_heading_matches"": 3, ""cash_flow_heading_matches"": 3, ""name"": ""Spectrum Brands Holdings, Inc."", ""operations_heading_matches"": 6}, ""0001592706"": {""audit_opinion_window_matches"": 3, ""balance_sheet_heading_matches"": 3, ""cash_flow_heading_matches"": 3, ""name"": ""SB/RH Holdings, LLC"", ""operations_heading_matches"": 6}}",4,,spb-20190930x10k.htm,0000109177,,"SB/RH Holdings, LLC;Spectrum Brands Holdings, Inc .",1.0,855.0,4282.0,[],resolved,primary_10k_distinct_statement_sets_mapped,,,,2,multiple_distinct_statement_scopes
0000109177-20-000058,2020,2,0000109177;0001592706,"SB/RH Holdings, LLC | SPECTRUM BRANDS HOLDINGS, INC.",2,True,0000109177;0001592706,"[[""0000109177""], [""0000109177"", ""0001592706""], [""0001592706""]]",,"{""0000109177"": {""audit_opinion_window_matches"": 2, ""balance_sheet_heading_matches"": 3, ""cash_flow_heading_matches"": 1, ""name"": ""Spectrum Brands Holdings, Inc."", ""operations_heading_matches"": 5}, ""0001592706"": {""audit_opinion_window_matches"": 3, ""balance_sheet_heading_matches"": 3, ""cash_flow_heading_matches"": 1, ""name"": ""SB/RH Holdings, LLC"", ""operations_heading_matches"": 5}}",4,,spb-20200930.htm,0000109177,,"SB/RH Holdings, LLC;Spectrum Brands Holdings, Inc.",1.0,875.0,3671.0,[],resolved,primary_10k_distinct_statement_sets_mapped,,,,2,multiple_distinct_statement_scopes
0000109177-21-000058,2021,2,0000109177;0001592706,"SB/RH Holdings, LLC | SPECTRUM BRANDS HOLDINGS, INC.",2,True,0000109177;0001592706,"[[""0000109177""], [""0000109177"", ""0001592706""], [""0001592706""]]",,"{""0000109177"": {""audit_opinion_window_matches"": 2, ""balance_sheet_heading_matches"": 3, ""cash_flow_heading_matches"": 1, ""name"": ""Spectrum Brands Holdings, Inc."", ""operations_heading_matches"": 5}, ""0001592706"": {""audit_opinion_window_matches"": 3, ""balance_sheet_heading_matches"": 3, ""cash_flow_heading_matches"": 1, ""name"": ""SB/RH Holdings, LLC"", ""operations_heading_matches"": 4}}",4,,spb-20210930.htm,0000109177,,"SB/RH Holdings, LLC;Spectrum Brands Holdings, Inc.",1.0,840.0,3553.0,[],resolved,primary_10k_distinct_statement_sets_mapped,,,,2,multiple_distinct_statement_scopes
0000109177-22-000034,2022,2,0000109177;0001592706,"SB/RH Holdings, LLC | SPECTRUM BRANDS HOLDINGS, INC.",2,True,0000109177;0001592706,"[[""0000109177""], [""0000109177"", ""0001592706""], [""0001592706""]]",,"{""0000109177"": {""audit_opinion_window_matches"": 2, ""balance_sheet_heading_matches"": 3, ""cash_flow_heading_matches"": 1, ""name"": ""Spectrum Brands Holdings, Inc."", ""operations_heading_matches"": 6}, ""0001592706"": {""audit_opinion_window_matches"": 3, ""balance_sheet_heading_matches"": 3, ""cash_flow_heading_matches"": 1, ""name"": ""SB/RH Holdings, LLC"", ""operations_heading_matches"": 5}}",4,,spb-20220930.htm,0000109177,,"SB/RH Holdings, LLC;Spectrum Brands Holdings, Inc.",1.0,854.0,3450.0,[],resolved,primary_10k_distinct_statement_sets_mapped,,,,2,multiple_distinct_statement_scopes
0000109177-23-000054,2023,2,0000109177;0001592706,"SB/RH Holdings, LLC | SPECTRUM BRANDS HOLDINGS, INC.",2,True,0000109177;0001592706,"[[""0000109177""], [""0000109177"", ""0001592706""], [""0001592706""]]",,"{""0000109177"": {""audit_opinion_window_matches"": 2, ""balance_sheet_heading_matches"": 3, ""cash_flow_heading_matches"": 2, ""name"": ""Spectrum Brands Holdings, Inc."", ""operations_heading_matches"": 5}, ""0001592706"": {""audit_opinion_window_matches"": 3, ""balance_sheet_heading_matches"": 3, ""cash_flow_heading_matches"": 2, ""name"": ""SB/RH Holdings, LLC"", ""operations_heading_matches"": 4}}",4,,spb-20230930.htm,0000109177,,"SB/RH Holdings, LLC;Spectrum Brands Holdings, Inc.",1.0,848.0,3406.0,[],resolved,primary_10k_distinct_statement_sets_mapped,,,,2,multiple_distinct_statement_scopes
0000277595-12-000007,2011,1,0000277595,ENERGEN CORP,2,True,0000003146;0000277595,"[[""0000003146""], [""0000003146"", ""0000277595""], [""0000277595""]]",,"{""0000003146"": {""audit_opinion_window_matches"": 3, ""balance_sheet_heading_matches"": 1, ""cash_flow_heading_matches"": 0, ""name"": ""ALABAMA GAS CORP"", ""operations_heading_matches"": 2}, ""0000277595"": {""audit_opinion_window_matches"": 2, ""balance_sheet_heading_matches"": 2, ""cash_flow_heading_matches"": 0, ""name"": ""ENERGEN CORP"", ""operations_heading_matches"": 2}}",4,,egn-20111231.xml,0000277595,,ALABAMA GAS CORP;ENERGEN CORP,1.0,703.0,2644.0,[],resolved,primary_10k_distinct_statement_sets_mapped,,,,2,multiple_distinct_statement_scopes
0000277595-13-000012,2012,1,0000277595,ENERGEN CORP,2,True,0000003146;0000277595,"[[""0000003146""], [""0000003146"", ""0000277595""], [""0000277595""]]",,"{""0000003146"": {""audit_opinion_window_matches"": 3, ""balance_sheet_heading_matches"": 1, ""cash_flow_heading_matches"": 0, ""name"": ""ALABAMA GAS CORP"", ""operations_heading_matches"": 2}, ""0000277595"": {""audit_opinion_window_matches"": 2, ""balance_sheet_heading_matches"": 0, ""cash_flow_heading_matches"": 0, ""name"": ""ENERGEN CORP"", ""operations_heading_matches"": 1}}",4,,egn-20121231.xml,0000277595,,ALABAMA GAS CORP;ENERGEN CORP,1.0,723.0,2711.0,[],resolved,primary_10k_distinct_statement_sets_mapped,,,,2,multiple_distinct_statement_scopes
0000277595-14-000012,2013,1,0000277595,ENERGEN CORP,2,True,0000003146;0000277595,"[[""0000003146""], [""0000003146"", ""0000277595""], [""0000277595""]]",,"{""0000003146"": {""audit_opinion_window_matches"": 3, ""balance_sheet_heading_matches"": 1, ""cash_flow_heading_matches"": 0, ""name"": ""ALABAMA GAS CORP"", ""operations_heading_matches"": 2}, ""0000277595"": {""audit_opinion_window_matches"": 2, ""balance_sheet_heading_matches"": 0, ""cash_flow_heading_matches"": 0, ""name"": ""ENERGEN CORP"", ""operations_heading_matches"": 1}}",4,,egn-20131231.xml,0000277595,,ALABAMA GAS CORP;ENERGEN CORP,1.0,735.0,2942.0,[],resolved,primary_10k_distinct_statement_sets_mapped,,,,2,multiple_distinct_statement_scopes
0000813762-13-000018,2012,2,0000813762;0001034563,ICAHN ENTERPRISES HOLDINGS L.P. | ICAHN ENTERPRISES L.P.,2,True,0000813762;0001034563,"[[""0000813762""], [""0001034563""]]",,"{""0000813762"": {""audit_opinion_window_matches"": 3, ""balance_sheet_heading_matches"": 6, ""cash_flow_heading_matches"": 2, ""name"": ""ICAHN ENTERPRISES L.P."", ""operations_heading_matches"": 6}, ""0001034563"": {""audit_opinion_window_matches"": 2, ""balance_sheet_heading_matches"": 7, ""cash_flow_heading_matches"": 2, ""name"": ""ICAHN ENTERPRISES HOLDINGS L.P."", ""operations_heading_matches"": 7}}",8,,iep-20121231.xml,0000813762,,ICAHN ENTERPRISES HOLDINGS L.P.;ICAHN ENTERPRISES L.P.,1.0,1305.0,4580.0,[],resolved,primary_10k_distinct_statement_sets_mapped,,,,2,multiple_distinct_statement_scopes
0000813762-14-000014,2013,2,0000813762;0001034563,ICAHN ENTERPRISES HOLDINGS L.P. | ICAHN ENTERPRISES L.P.,2,True,0000813762;0001034563,"[[""0000813762""], [""0001034563""]]",,"{""0000813762"": {""audit_opinion_window_matches"": 3, ""balance_sheet_heading_matches"": 5, ""cash_flow_heading_matches"": 2, ""name"": ""ICAHN ENTERPRISES L.P."", ""operations_heading_matches"": 6}, ""0001034563"": {""audit_opinion_window_matches"": 2, ""balance_sheet_heading_matches"": 5, ""cash_flow_heading_matches"": 2, ""name"": ""ICAHN ENTERPRISES HOLDINGS L.P."", ""operations_heading_matches"": 7}}",8,,iep-20131231.xml,0000813762,,ICAHN ENTERPRISES HOLDINGS L.P.;ICAHN ENTERPRISES L.P.,1.0,1265.0,4457.0,[],resolved,primary_10k_distinct_statement_sets_mapped,,,,2,multiple_distinct_statement_scopes
0000813762-15-000011,2014,2,0000813762;0001034563,ICAHN ENTERPRISES HOLDINGS L.P. | ICAHN ENTERPRISES L.P.,2,True,0000813762;0001034563,"[[""0000813762""], [""0001034563""]]",,"{""0000813762"": {""audit_opinion_window_matches"": 3, ""balance_sheet_heading_matches"": 4, ""cash_flow_heading_matches"": 2, ""name"": ""ICAHN ENTERPRISES L.P."", ""operations_heading_matches"": 5}, ""0001034563"": {""audit_opinion_window_matches"": 2, ""balance_sheet_heading_matches"": 4, ""cash_flow_heading_matches"": 3, ""name"": ""ICAHN ENTERPRISES HOLDINGS L.P."", ""operations_heading_matches"": 6}}",6,,iep-20141231.xml,0000813762,,ICAHN ENTERPRISES HOLDINGS L.P.;ICAHN ENTERPRISES L.P.,1.0,1204.0,4358.0,[],resolved,primary_10k_distinct_statement_sets_mapped,,,,2,multiple_distinct_statement_scopes
0000813762-16-000057,2015,2,0000813762;0001034563,ICAHN ENTERPRISES HOLDINGS L.P. | ICAHN ENTERPRISES L.P.,2,True,0000813762;0001034563,"[[""0000813762""], [""0000813762"", ""0001034563""], [""0001034563""]]",,"{""0000813762"": {""audit_opinion_window_matches"": 4, ""balance_sheet_heading_matches"": 5, ""cash_flow_heading_matches"": 2, ""name"": ""ICAHN ENTERPRISES L.P."", ""operations_heading_matches"": 6}, ""0001034563"": {""audit_opinion_window_matches"": 3, ""balance_sheet_heading_matches"": 5, ""cash_flow_heading_matches"": 2, ""name"": ""ICAHN ENTERPRISES HOLDINGS L.P."", ""operations_heading_matches"": 7}}",6,,iep-20151231.xml,0000813762,,ICAHN ENTERPRISES HOLDINGS L.P.;ICAHN ENTERPRISES L.P.,1.0,1073.0,4135.0,[],resolved,primary_10k_distinct_statement_sets_mapped,,,,2,multiple_distinct_statement_scopes
0000813762-17-000010,2016,2,0000813762;0001034563,ICAHN ENTERPRISES HOLDINGS L.P. | ICAHN ENTERPRISES L.P.,2,True,0000813762;0001034563,"[[""0000813762""], [""0000813762"", ""0001034563""], [""0001034563""]]",,"{""0000813762"": {""audit_opinion_window_matches"": 4, ""balance_sheet_heading_matches"": 6, ""cash_flow_heading_matches"": 2, ""name"": ""ICAHN ENTERPRISES L.P."", ""operations_heading_matches"": 7}, ""0001034563"": {""audit_opinion_window_matches"": 3, ""balance_sheet_heading_matches"": 7, ""cash_flow_heading_matches"": 2, ""name"": ""ICAHN ENTERPRISES HOLDINGS L.P."", ""operations_heading_matches"": 9}}",6,,iep-20161231.xml,0000813762,,ICAHN ENTERPRISES HOLDINGS L.P.;ICAHN ENTERPRISES L.P.,1.0,890.0,4037.0,[],resolved,primary_10k_distinct_statement_sets_mapped,,,,2,multiple_distinct_statement_scopes
0000813762-18-000029,2017,2,0000813762;0001034563,ICAHN ENTERPRISES HOLDINGS L.P. | ICAHN ENTERPRISES L.P.,2,True,0000813762;0001034563,"[[""0000813762""], [""0001034563""]]",,"{""0000813762"": {""audit_opinion_window_matches"": 1, ""balance_sheet_heading_matches"": 5, ""cash_flow_heading_matches"": 2, ""name"": ""ICAHN ENTERPRISES L.P."", ""operations_heading_matches"": 7}, ""0001034563"": {""audit_opinion_window_matches"": 1, ""balance_sheet_heading_matches"": 6, ""cash_flow_heading_matches"": 2, ""name"": ""ICAHN ENTERPRISES HOLDINGS L.P."", ""operations_heading_matches"": 7}}",2,,iep-20171231.xml,0000813762,,ICAHN ENTERPRISES HOLDINGS L.P.;ICAHN ENTERPRISES L.P.,1.0,725.0,3782.0,[],resolved,primary_10k_distinct_statement_sets_mapped,,,,2,multiple_distinct_statement_scopes
0000813762-19-000006,2018,2,0000813762;0001034563,ICAHN ENTERPRISES HOLDINGS L.P. | ICAHN ENTERPRISES L.P.,2,True,0000813762;0001034563,"[[""0000813762""], [""0001034563""]]",,"{""0000813762"": {""audit_opinion_window_matches"": 1, ""balance_sheet_heading_matches"": 5, ""cash_flow_heading_matches"": 2, ""name"": ""ICAHN ENTERPRISES L.P."", ""operations_heading_matches"": 7}, ""0001034563"": {""audit_opinion_window_matches"": 1, ""balance_sheet_heading_matches"": 5, ""cash_flow_heading_matches"": 2, ""name"": ""ICAHN ENTERPRISES HOLDINGS L.P."", ""operations_heading_matches"": 8}}",2,,a10k-fy2018.htm,0000813762,,ICAHN ENTERPRISES HOLDINGS L.P.;ICAHN ENTERPRISES L.P.,1.0,574.0,3973.0,[],resolved,primary_10k_distinct_statement_sets_mapped,,,,2,multiple_distinct_statement_scopes
0000813762-20-000008,2019,2,0000813762;0001034563,ICAHN ENTERPRISES HOLDINGS L.P. | ICAHN ENTERPRISES L.P.,2,True,0000813762;0001034563,"[[""0000813762""], [""0001034563""]]",,"{""0000813762"": {""audit_opinion_window_matches"": 1, ""balance_sheet_heading_matches"": 4, ""cash_flow_heading_matches"": 2, ""name"": ""ICAHN ENTERPRISES L.P."", ""operations_heading_matches"": 6}, ""0001034563"": {""audit_opinion_window_matches"": 1, ""balance_sheet_heading_matches"": 5, ""cash_flow_heading_matches"": 2, ""name"": ""ICAHN ENTERPRISES HOLDINGS L.P."", ""operations_heading_matches"": 7}}",2,,iep-20191231.htm,0000813762,,ICAHN ENTERPRISES HOLDINGS L.P.;ICAHN ENTERPRISES L.P.,1.0,576.0,3981.0,[],resolved,primary_10k_distinct_statement_sets_mapped,,,,2,multiple_distinct_statement_scopes
0000815097-15-000007,2014,2,0000815097;0001125259,CARNIVAL CORP | CARNIVAL PLC,2,True,0000815097,[],,"{""0000815097"": {""audit_opinion_window_matches"": 0, ""balance_sheet_heading_matches"": 0, ""cash_flow_heading_matches"": 0, ""name"": ""CARNIVAL CORP"", ""operations_heading_matches"": 1}, ""0001125259"": {""audit_opinion_window_matches"": 0, ""balance_sheet_heading_matches"": 0, ""cash_flow_heading_matches"": 0, ""name"": ""CARNIVAL PLC"", ""operations_heading_matches"": 0}}",0,,ccl-20141130.xml,0000815097,,CARNIVAL CORP;CARNIVAL PLC,1.0,387.0,1140.0,[],resolved,manual_dual_listed_company_single_statement_scope,One Carnival Corporation & plc consolidated suite; stable XBRL statement CIK 0000815097.,,,1,one_statement_scope
0000815097-16-000030,2015,2,0000815097;0001125259,CARNIVAL CORP | CARNIVAL PLC,2,True,0000815097,[],,"{""0000815097"": {""audit_opinion_window_matches"": 0, ""balance_sheet_heading_matches"": 0, ""cash_flow_heading_matches"": 0, ""name"": ""CARNIVAL CORP"", ""operations_heading_matches"": 1}, ""0001125259"": {""audit_opinion_window_matches"": 0, ""balance_sheet_heading_matches"": 0, ""cash_flow_heading_matches"": 0, ""name"": ""CARNIVAL PLC"", ""operations_heading_matches"": 0}}",0,,ccl-20151130.xml,0000815097,,CARNIVAL CORP;CARNIVAL PLC,1.0,404.0,1197.0,[],resolved,manual_dual_listed_company_single_statement_scope,One Carnival Corporation & plc consolidated suite; stable XBRL statement CIK 0000815097.,,,1,one_statement_scope
0000815097-17-000001,2016,2,0000815097;0001125259,CARNIVAL CORP | CARNIVAL PLC,2,True,0000815097,[],,"{""0000815097"": {""audit_opinion_window_matches"": 0, ""balance_sheet_heading_matches"": 0, ""cash_flow_heading_matches"": 0, ""name"": ""CARNIVAL CORP"", ""operations_heading_matches"": 1}, ""0001125259"": {""audit_opinion_window_matches"": 0, ""balance_sheet_heading_matches"": 0, ""cash_flow_heading_matches"": 0, ""name"": ""CARNIVAL PLC"", ""operations_heading_matches"": 0}}",0,,ccl-20161130.xml,0000815097,,CARNIVAL CORP;CARNIVAL PLC,1.0,338.0,994.0,[],resolved,manual_dual_listed_company_single_statement_scope,One Carnival Corporation & plc consolidated suite; stable XBRL statement CIK 0000815097.,,,1,one_statement_scope
0000815097-18-000005,2017,2,0000815097;0001125259,CARNIVAL CORP | CARNIVAL PLC,2,True,0000815097,[],,"{""0000815097"": {""audit_opinion_window_matches"": 0, ""balance_sheet_heading_matches"": 0, ""cash_flow_heading_matches"": 0, ""name"": ""CARNIVAL CORP"", ""operations_heading_matches"": 1}, ""0001125259"": {""audit_opinion_window_matches"": 0, ""balance_sheet_heading_matches"": 0, ""cash_flow_heading_matches"": 0, ""name"": ""CARNIVAL PLC"", ""operations_heading_matches"": 0}}",0,,ccl-20171130.xml,0000815097,,CARNIVAL CORP;CARNIVAL PLC,1.0,326.0,951.0,[],resolved,manual_dual_listed_company_single_statement_scope,One Carnival Corporation & plc consolidated suite; stable XBRL statement CIK 0000815097.,,,1,one_statement_scope
0000815097-19-000004,2018,2,0000815097;0001125259,CARNIVAL CORP | CARNIVAL PLC,2,True,0000815097,[],,"{""0000815097"": {""audit_opinion_window_matches"": 0, ""balance_sheet_heading_matches"": 0, ""cash_flow_heading_matches"": 0, ""name"": ""CARNIVAL CORP"", ""operations_heading_matches"": 1}, ""0001125259"": {""audit_opinion_window_matches"": 0, ""balance_sheet_heading_matches"": 0, ""cash_flow_heading_matches"": 0, ""name"": ""CARNIVAL PLC"", ""operations_heading_matches"": 0}}",0,,ccl-20181130.xml,0000815097,,CARNIVAL CORP;CARNIVAL PLC,1.0,316.0,922.0,[],resolved,manual_dual_listed_company_single_statement_scope,One Carnival Corporation & plc consolidated suite; stable XBRL statement CIK 0000815097.,,,1,one_statement_scope
0000815097-20-000003,2019,2,0000815097;0001125259,CARNIVAL CORP | CARNIVAL PLC,2,True,0000815097,[],,"{""0000815097"": {""audit_opinion_window_matches"": 0, ""balance_sheet_heading_matches"": 0, ""cash_flow_heading_matches"": 0, ""name"": ""CARNIVAL CORP"", ""operations_heading_matches"": 1}, ""0001125259"": {""audit_opinion_window_matches"": 0, ""balance_sheet_heading_matches"": 0, ""cash_flow_heading_matches"": 0, ""name"": ""CARNIVAL PLC"", ""operations_heading_matches"": 0}}",0,,a2019form10-kfrontpart.htm,0000815097,,CARNIVAL CORP;CARNIVAL PLC,1.0,343.0,176.0,[],resolved,manual_dual_listed_company_single_statement_scope,One Carnival Corporation & plc consolidated suite; stable XBRL statement CIK 0000815097.,,,1,one_statement_scope
0000815097-21-000027,2020,2,0000815097;0001125259,CARNIVAL CORP | CARNIVAL PLC,2,True,0000815097,"[[""0000815097"", ""0001125259""]]",,"{""0000815097"": {""audit_opinion_window_matches"": 1, ""balance_sheet_heading_matches"": 2, ""cash_flow_heading_matches"": 1, ""name"": ""CARNIVAL CORP"", ""operations_heading_matches"": 3}, ""0001125259"": {""audit_opinion_window_matches"": 1, ""balance_sheet_heading_matches"": 1, ""cash_flow_heading_matches"": 0, ""name"": ""CARNIVAL PLC"", ""operations_heading_matches"": 1}}",2,,ccl-20201130.htm,0000815097,,Carnival Corporation;Carnival plc,1.0,441.0,1687.0,[],resolved,manual_dual_listed_company_single_statement_scope,Filing expressly says separate Carnival Corporation and Carnival plc financial statements have not been presented.,,,1,one_statement_scope
0000815097-22-000009,2021,2,0000815097;0001125259,CARNIVAL CORP | CARNIVAL PLC,2,True,0000815097,[],,"{""0000815097"": {""audit_opinion_window_matches"": 0, ""balance_sheet_heading_matches"": 0, ""cash_flow_heading_matches"": 0, ""name"": ""CARNIVAL CORP"", ""operations_heading_matches"": 1}, ""0001125259"": {""audit_opinion_window_matches"": 0, ""balance_sheet_heading_matches"": 0, ""cash_flow_heading_matches"": 0, ""name"": ""CARNIVAL PLC"", ""operations_heading_matches"": 0}}",0,,ccl-20211130.htm,0000815097,,Carnival Corporation;Carnival plc,1.0,437.0,64.0,[],resolved,manual_dual_listed_company_single_statement_scope,One Carnival Corporation & plc consolidated suite; stable XBRL statement CIK 0000815097.,,,1,one_statement_scope
0000815097-23-000012,2022,2,0000815097;0001125259,CARNIVAL CORP | CARNIVAL PLC,2,True,0000815097,[],,"{""0000815097"": {""audit_opinion_window_matches"": 0, ""balance_sheet_heading_matches"": 0, ""cash_flow_heading_matches"": 0, ""name"": ""CARNIVAL CORP"", ""operations_heading_matches"": 1}, ""0001125259"": {""audit_opinion_window_matches"": 0, ""balance_sheet_heading_matches"": 0, ""cash_flow_heading_matches"": 0, ""name"": ""CARNIVAL PLC"", ""operations_heading_matches"": 0}}",0,,ccl-20221130.htm,0000815097,,Carnival Corporation;Carnival plc,1.0,448.0,61.0,[],resolved,manual_dual_listed_company_single_statement_scope,One Carnival Corporation & plc consolidated suite; stable XBRL statement CIK 0000815097.,,,1,one_statement_scope
0000815097-24-000011,2023,2,0000815097;0001125259,CARNIVAL CORP | CARNIVAL PLC,2,True,0000815097,"[[""0000815097"", ""0001125259""]]",,"{""0000815097"": {""audit_opinion_window_matches"": 1, ""balance_sheet_heading_matches"": 2, ""cash_flow_heading_matches"": 1, ""name"": ""CARNIVAL CORP"", ""operations_heading_matches"": 4}, ""0001125259"": {""audit_opinion_window_matches"": 1, ""balance_sheet_heading_matches"": 1, ""cash_flow_heading_matches"": 0, ""name"": ""CARNIVAL PLC"", ""operations_heading_matches"": 1}}",2,,ccl-20231130.htm,0000815097,,Carnival Corporation;Carnival plc,1.0,397.0,1370.0,[],resolved,manual_dual_listed_company_single_statement_scope,Filing expressly says separate Carnival Corporation and Carnival plc financial statements have not been presented.,,,1,one_statement_scope
0000815097-25-000007,2024,2,0000815097;0001125259,CARNIVAL CORP | CARNIVAL PLC,2,True,0000815097,"[[""0000815097"", ""0001125259""]]",,"{""0000815097"": {""audit_opinion_window_matches"": 3, ""balance_sheet_heading_matches"": 3, ""cash_flow_heading_matches"": 1, ""name"": ""CARNIVAL CORP"", ""operations_heading_matches"": 5}, ""0001125259"": {""audit_opinion_window_matches"": 3, ""balance_sheet_heading_matches"": 2, ""cash_flow_heading_matches"": 0, ""name"": ""CARNIVAL PLC"", ""operations_heading_matches"": 2}}",3,,ccl-20241130.htm,0000815097,,Carnival Corporation;Carnival plc,1.0,355.0,1292.0,[],resolved,manual_dual_listed_company_single_statement_scope,Filing expressly says separate Carnival Corporation and Carnival plc financial statements have not been presented.,,,1,one_statement_scope
0000843762-11-000014,2011,2,0000843762;0001213336,RBS GLOBAL INC | REXNORD LLC,2,False,0001213336,"[[""0001213336""]]",,"{""0000843762"": {""audit_opinion_window_matches"": 0, ""balance_sheet_heading_matches"": 0, ""cash_flow_heading_matches"": 0, ""name"": ""REXNORD LLC"", ""operations_heading_matches"": 0}, ""0001213336"": {""audit_opinion_window_matches"": 2, ""balance_sheet_heading_matches"": 2, ""cash_flow_heading_matches"": 1, ""name"": ""RBS GLOBAL INC"", ""operations_heading_matches"": 2}}",2,,,,,,,,,[],resolved,manual_primary_statement_review,"The only primary audited suite is RBS Global, Inc. and subsidiaries; the filing expressly says separate guarantor-subsidiary statements are not presented. Rexnord LLC is therefore not a second statement scope.",,,1,one_statement_scope
0000887921-22-000004,2021,2,0000887921;0000890547,REVLON CONSUMER PRODUCTS CORP | REVLON INC /DE/,2,True,0000887921;0000890547,"[[""0000887921""], [""0000887921"", ""0000890547""], [""0000890547""]]",,"{""0000887921"": {""audit_opinion_window_matches"": 3, ""balance_sheet_heading_matches"": 4, ""cash_flow_heading_matches"": 2, ""name"": ""REVLON INC /DE/"", ""operations_heading_matches"": 4}, ""0000890547"": {""audit_opinion_window_matches"": 3, ""balance_sheet_heading_matches"": 4, ""cash_flow_heading_matches"": 2, ""name"": ""REVLON CONSUMER PRODUCTS CORP"", ""operations_heading_matches"": 3}}",4,,rev-20211231.htm,0000887921,,"Revlon Consumer Products Corporation;Revlon, Inc.",1.0,861.0,3254.0,[],resolved,manual_two_distinct_audited_statement_scopes,"Separate audit opinions and full consolidated annual statements are presented for Revlon, Inc. and Revlon Consumer Products Corporation.",revlon_two_separate_statement_scopes,,2,multiple_distinct_statement_scopes
0000887921-23-000006,2022,2,0000887921;0000890547,REVLON CONSUMER PRODUCTS CORP | REVLON INC /DE/,2,True,0000887921;0000890547,"[[""0000887921""], [""0000887921"", ""0000890547""]]",,"{""0000887921"": {""audit_opinion_window_matches"": 4, ""balance_sheet_heading_matches"": 5, ""cash_flow_heading_matches"": 3, ""name"": ""REVLON INC /DE/"", ""operations_heading_matches"": 5}, ""0000890547"": {""audit_opinion_window_matches"": 3, ""balance_sheet_heading_matches"": 4, ""cash_flow_heading_matches"": 2, ""name"": ""REVLON CONSUMER PRODUCTS CORP"", ""operations_heading_matches"": 3}}",4,,rev-20221231.htm,0000887921,,"Revlon Consumer Products Corporation;Revlon, Inc.",1.0,900.0,3465.0,[],resolved,manual_two_distinct_audited_statement_scopes,"Separate audit opinions and full consolidated annual statements are presented for Revlon, Inc. and Revlon Consumer Products Corporation.",revlon_two_separate_statement_scopes,,2,multiple_distinct_statement_scopes
0000922358-12-000009,2012,4,0000922358;0000922359;0000922360;0001012493,FERRELLGAS FINANCE CORP | FERRELLGAS L P | FERRELLGAS PARTNERS FINANCE CORP | FERRELLGAS PARTNERS L P,4,True,0000922358;0000922359;0000922360;0001012493,"[[""0000922358""], [""0000922358"", ""0001012493""], [""0000922359""], [""0000922359"", ""0000922360""]]",,"{""0000922358"": {""audit_opinion_window_matches"": 4, ""balance_sheet_heading_matches"": 6, ""cash_flow_heading_matches"": 3, ""name"": ""FERRELLGAS PARTNERS L P"", ""operations_heading_matches"": 8}, ""0000922359"": {""audit_opinion_window_matches"": 4, ""balance_sheet_heading_matches"": 8, ""cash_flow_heading_matches"": 3, ""name"": ""FERRELLGAS L P"", ""operations_heading_matches"": 10}, ""0000922360"": {""audit_opinion_window_matches"": 1, ""balance_sheet_heading_matches"": 3, ""cash_flow_heading_matches"": 1, ""name"": ""FERRELLGAS FINANCE CORP"", ""operations_heading_matches"": 3}, ""0001012493"": {""audit_opinion_window_matches"": 1, ""balance_sheet_heading_matches"": 3, ""cash_flow_heading_matches"": 1, ""name"": ""FERRELLGAS PARTNERS FINANCE CORP"", ""operations_heading_matches"": 3}}",8,,fgp-20120731.xml,0000922358,,FERRELLGAS FINANCE CORP;FERRELLGAS L P;FERRELLGAS PARTNERS FINANCE CORP;FERRELLGAS PARTNERS L P,1.0,530.0,2101.0,"[[""0000922359"", ""0000922360""]]",resolved,manual_four_distinct_audited_statement_scopes,"Item 8 presents a separate auditor opinion and full annual balance-sheet, operations/equity and cash-flow suite for Ferrellgas Partners, L.P., Ferrellgas, L.P., Ferrellgas Partners Finance Corp. and Ferrellgas Finance Corp. The two finance corporations are expressly described as nominal debt co-issuers with no substantive operations and are separately flagged for issuer-substance exclusion.",ferrellgas_four_separate_statement_scopes,0000922360;0001012493,4,multiple_distinct_statement_scopes
0000922358-13-000014,2013,4,0000922358;0000922359;0000922360;0001012493,FERRELLGAS FINANCE CORP | FERRELLGAS L P | FERRELLGAS PARTNERS FINANCE CORP | FERRELLGAS PARTNERS L P,4,True,0000922358;0000922359;0000922360;0001012493,"[[""0000922358""], [""0000922358"", ""0001012493""], [""0000922359""], [""0000922359"", ""0000922360""], [""0001012493""]]",,"{""0000922358"": {""audit_opinion_window_matches"": 7, ""balance_sheet_heading_matches"": 6, ""cash_flow_heading_matches"": 3, ""name"": ""FERRELLGAS PARTNERS L P"", ""operations_heading_matches"": 8}, ""0000922359"": {""audit_opinion_window_matches"": 8, ""balance_sheet_heading_matches"": 8, ""cash_flow_heading_matches"": 3, ""name"": ""FERRELLGAS L P"", ""operations_heading_matches"": 10}, ""0000922360"": {""audit_opinion_window_matches"": 2, ""balance_sheet_heading_matches"": 4, ""cash_flow_heading_matches"": 1, ""name"": ""FERRELLGAS FINANCE CORP"", ""operations_heading_matches"": 3}, ""0001012493"": {""audit_opinion_window_matches"": 2, ""balance_sheet_heading_matches"": 4, ""cash_flow_heading_matches"": 1, ""name"": ""FERRELLGAS PARTNERS FINANCE CORP"", ""operations_heading_matches"": 3}}",16,,fgp-20130731.xml,0000922358,,FERRELLGAS FINANCE CORP;FERRELLGAS L P;FERRELLGAS PARTNERS FINANCE CORP;FERRELLGAS PARTNERS L P,1.0,540.0,2235.0,"[[""0000922359"", ""0000922360""]]",resolved,manual_four_distinct_audited_statement_scopes,"Item 8 presents a separate auditor opinion and full annual balance-sheet, operations/equity and cash-flow suite for Ferrellgas Partners, L.P., Ferrellgas, L.P., Ferrellgas Partners Finance Corp. and Ferrellgas Finance Corp. The two finance corporations are expressly described as nominal debt co-issuers with no substantive operations and are separately flagged for issuer-substance exclusion.",ferrellgas_four_separate_statement_scopes,0000922360;0001012493,4,multiple_distinct_statement_scopes
0000922358-14-000011,2014,4,0000922358;0000922359;0000922360;0001012493,FERRELLGAS FINANCE CORP | FERRELLGAS L P | FERRELLGAS PARTNERS FINANCE CORP | FERRELLGAS PARTNERS L P,4,True,0000922358;0000922359;0000922360;0001012493,"[[""0000922358""], [""0000922359""], [""0000922359"", ""0000922360""], [""0001012493""]]",,"{""0000922358"": {""audit_opinion_window_matches"": 6, ""balance_sheet_heading_matches"": 5, ""cash_flow_heading_matches"": 3, ""name"": ""FERRELLGAS PARTNERS L P"", ""operations_heading_matches"": 7}, ""0000922359"": {""audit_opinion_window_matches"": 7, ""balance_sheet_heading_matches"": 7, ""cash_flow_heading_matches"": 3, ""name"": ""FERRELLGAS L P"", ""operations_heading_matches"": 9}, ""0000922360"": {""audit_opinion_window_matches"": 1, ""balance_sheet_heading_matches"": 3, ""cash_flow_heading_matches"": 1, ""name"": ""FERRELLGAS FINANCE CORP"", ""operations_heading_matches"": 3}, ""0001012493"": {""audit_opinion_window_matches"": 1, ""balance_sheet_heading_matches"": 3, ""cash_flow_heading_matches"": 1, ""name"": ""FERRELLGAS PARTNERS FINANCE CORP"", ""operations_heading_matches"": 3}}",14,,fgp-20140731.xml,0000922358,,FERRELLGAS FINANCE CORP;FERRELLGAS L P;FERRELLGAS PARTNERS FINANCE CORP;FERRELLGAS PARTNERS L P,1.0,702.0,2491.0,"[[""0000922359"", ""0000922360""]]",resolved,manual_four_distinct_audited_statement_scopes,"Item 8 presents a separate auditor opinion and full annual balance-sheet, operations/equity and cash-flow suite for Ferrellgas Partners, L.P., Ferrellgas, L.P., Ferrellgas Partners Finance Corp. and Ferrellgas Finance Corp. The two finance corporations are expressly described as nominal debt co-issuers with no substantive operations and are separately flagged for issuer-substance exclusion.",ferrellgas_four_separate_statement_scopes,0000922360;0001012493,4,multiple_distinct_statement_scopes
0000922358-15-000016,2015,4,0000922358;0000922359;0000922360;0001012493,FERRELLGAS FINANCE CORP | FERRELLGAS L P | FERRELLGAS PARTNERS FINANCE CORP | FERRELLGAS PARTNERS L P,4,True,0000922358;0000922359;0000922360;0001012493,"[[""0000922358""], [""0000922359""], [""0000922359"", ""0000922360""], [""0001012493""]]",,"{""0000922358"": {""audit_opinion_window_matches"": 3, ""balance_sheet_heading_matches"": 6, ""cash_flow_heading_matches"": 3, ""name"": ""FERRELLGAS PARTNERS L P"", ""operations_heading_matches"": 7}, ""0000922359"": {""audit_opinion_window_matches"": 4, ""balance_sheet_heading_matches"": 8, ""cash_flow_heading_matches"": 3, ""name"": ""FERRELLGAS L P"", ""operations_heading_matches"": 13}, ""0000922360"": {""audit_opinion_window_matches"": 1, ""balance_sheet_heading_matches"": 3, ""cash_flow_heading_matches"": 1, ""name"": ""FERRELLGAS FINANCE CORP"", ""operations_heading_matches"": 3}, ""0001012493"": {""audit_opinion_window_matches"": 1, ""balance_sheet_heading_matches"": 3, ""cash_flow_heading_matches"": 1, ""name"": ""FERRELLGAS PARTNERS FINANCE CORP"", ""operations_heading_matches"": 3}}",8,,fgp-20150731.xml,0000922358,,FERRELLGAS FINANCE CORP;FERRELLGAS L P;FERRELLGAS PARTNERS FINANCE CORP;FERRELLGAS PARTNERS L P,1.0,788.0,2738.0,"[[""0000922359"", ""0000922360""]]",resolved,manual_four_distinct_audited_statement_scopes,"Item 8 presents a separate auditor opinion and full annual balance-sheet, operations/equity and cash-flow suite for Ferrellgas Partners, L.P., Ferrellgas, L.P., Ferrellgas Partners Finance Corp. and Ferrellgas Finance Corp. The two finance corporations are expressly described as nominal debt co-issuers with no substantive operations and are separately flagged for issuer-substance exclusion.",ferrellgas_four_separate_statement_scopes,0000922360;0001012493,4,multiple_distinct_statement_scopes
0000922358-16-000032,2016,4,0000922358;0000922359;0000922360;0001012493,FERRELLGAS FINANCE CORP | FERRELLGAS L P | FERRELLGAS PARTNERS FINANCE CORP | FERRELLGAS PARTNERS L P,4,True,0000922358;0000922359;0000922360;0001012493,"[[""0000922358""], [""0000922359""], [""0000922359"", ""0000922360""], [""0001012493""]]",,"{""0000922358"": {""audit_opinion_window_matches"": 3, ""balance_sheet_heading_matches"": 6, ""cash_flow_heading_matches"": 3, ""name"": ""FERRELLGAS PARTNERS L P"", ""operations_heading_matches"": 7}, ""0000922359"": {""audit_opinion_window_matches"": 4, ""balance_sheet_heading_matches"": 12, ""cash_flow_heading_matches"": 6, ""name"": ""FERRELLGAS L P"", ""operations_heading_matches"": 16}, ""0000922360"": {""audit_opinion_window_matches"": 1, ""balance_sheet_heading_matches"": 3, ""cash_flow_heading_matches"": 1, ""name"": ""FERRELLGAS FINANCE CORP"", ""operations_heading_matches"": 3}, ""0001012493"": {""audit_opinion_window_matches"": 1, ""balance_sheet_heading_matches"": 3, ""cash_flow_heading_matches"": 1, ""name"": ""FERRELLGAS PARTNERS FINANCE CORP"", ""operations_heading_matches"": 3}}",8,,fgp-20160731.xml,0000922358,,FERRELLGAS FINANCE CORP;FERRELLGAS L P;FERRELLGAS PARTNERS FINANCE CORP;FERRELLGAS PARTNERS L P,1.0,947.0,4000.0,"[[""0000922359"", ""0000922360""]]",resolved,manual_four_distinct_audited_statement_scopes,"Item 8 presents a separate auditor opinion and full annual balance-sheet, operations/equity and cash-flow suite for Ferrellgas Partners, L.P., Ferrellgas, L.P., Ferrellgas Partners Finance Corp. and Ferrellgas Finance Corp. The two finance corporations are expressly described as nominal debt co-issuers with no substantive operations and are separately flagged for issuer-substance exclusion.",ferrellgas_four_separate_statement_scopes,0000922360;0001012493,4,multiple_distinct_statement_scopes
0000922358-17-000009,2017,4,0000922358;0000922359;0000922360;0001012493,FERRELLGAS FINANCE CORP | FERRELLGAS L P | FERRELLGAS PARTNERS FINANCE CORP | FERRELLGAS PARTNERS L P,4,True,0000922358;0000922359;0000922360;0001012493,"[[""0000922358""], [""0000922359""], [""0000922359"", ""0000922360""], [""0001012493""]]",,"{""0000922358"": {""audit_opinion_window_matches"": 3, ""balance_sheet_heading_matches"": 6, ""cash_flow_heading_matches"": 3, ""name"": ""FERRELLGAS PARTNERS L P"", ""operations_heading_matches"": 7}, ""0000922359"": {""audit_opinion_window_matches"": 4, ""balance_sheet_heading_matches"": 10, ""cash_flow_heading_matches"": 5, ""name"": ""FERRELLGAS L P"", ""operations_heading_matches"": 15}, ""0000922360"": {""audit_opinion_window_matches"": 1, ""balance_sheet_heading_matches"": 3, ""cash_flow_heading_matches"": 1, ""name"": ""FERRELLGAS FINANCE CORP"", ""operations_heading_matches"": 3}, ""0001012493"": {""audit_opinion_window_matches"": 1, ""balance_sheet_heading_matches"": 3, ""cash_flow_heading_matches"": 1, ""name"": ""FERRELLGAS PARTNERS FINANCE CORP"", ""operations_heading_matches"": 3}}",8,,fgp-20170731.xml,0000922358,,FERRELLGAS FINANCE CORP;FERRELLGAS L P;FERRELLGAS PARTNERS FINANCE CORP;FERRELLGAS PARTNERS L P,1.0,946.0,3924.0,"[[""0000922359"", ""0000922360""]]",resolved,manual_four_distinct_audited_statement_scopes,"Item 8 presents a separate auditor opinion and full annual balance-sheet, operations/equity and cash-flow suite for Ferrellgas Partners, L.P., Ferrellgas, L.P., Ferrellgas Partners Finance Corp. and Ferrellgas Finance Corp. The two finance corporations are expressly described as nominal debt co-issuers with no substantive operations and are separately flagged for issuer-substance exclusion.",ferrellgas_four_separate_statement_scopes,0000922360;0001012493,4,multiple_distinct_statement_scopes
0000922358-18-000010,2018,4,0000922358;0000922359;0000922360;0001012493,FERRELLGAS FINANCE CORP | FERRELLGAS L P | FERRELLGAS PARTNERS FINANCE CORP | FERRELLGAS PARTNERS L P,4,True,0000922358;0000922359;0000922360;0001012493,"[[""0000922358""], [""0000922359""], [""0000922359"", ""0000922360""], [""0001012493""]]",,"{""0000922358"": {""audit_opinion_window_matches"": 1, ""balance_sheet_heading_matches"": 6, ""cash_flow_heading_matches"": 3, ""name"": ""FERRELLGAS PARTNERS L P"", ""operations_heading_matches"": 7}, ""0000922359"": {""audit_opinion_window_matches"": 2, ""balance_sheet_heading_matches"": 10, ""cash_flow_heading_matches"": 6, ""name"": ""FERRELLGAS L P"", ""operations_heading_matches"": 15}, ""0000922360"": {""audit_opinion_window_matches"": 1, ""balance_sheet_heading_matches"": 3, ""cash_flow_heading_matches"": 1, ""name"": ""FERRELLGAS FINANCE CORP"", ""operations_heading_matches"": 3}, ""0001012493"": {""audit_opinion_window_matches"": 1, ""balance_sheet_heading_matches"": 3, ""cash_flow_heading_matches"": 1, ""name"": ""FERRELLGAS PARTNERS FINANCE CORP"", ""operations_heading_matches"": 3}}",4,,fgp-20180731.xml,0000922358,,FERRELLGAS FINANCE CORP;FERRELLGAS L P;FERRELLGAS PARTNERS FINANCE CORP;FERRELLGAS PARTNERS L P,1.0,817.0,3589.0,"[[""0000922359"", ""0000922360""]]",resolved,manual_four_distinct_audited_statement_scopes,"Item 8 presents a separate auditor opinion and full annual balance-sheet, operations/equity and cash-flow suite for Ferrellgas Partners, L.P., Ferrellgas, L.P., Ferrellgas Partners Finance Corp. and Ferrellgas Finance Corp. The two finance corporations are expressly described as nominal debt co-issuers with no substantive operations and are separately flagged for issuer-substance exclusion.",ferrellgas_four_separate_statement_scopes,0000922360;0001012493,4,multiple_distinct_statement_scopes
0000950123-12-002888,2011,2,0000701345;0000714560,US AIRWAYS GROUP INC | US AIRWAYS INC,2,True,0000701345;0000714560,"[[""0000701345""], [""0000714560""]]",,"{""0000701345"": {""audit_opinion_window_matches"": 2, ""balance_sheet_heading_matches"": 3, ""cash_flow_heading_matches"": 1, ""name"": ""US AIRWAYS GROUP INC"", ""operations_heading_matches"": 4}, ""0000714560"": {""audit_opinion_window_matches"": 2, ""balance_sheet_heading_matches"": 3, ""cash_flow_heading_matches"": 1, ""name"": ""US AIRWAYS INC"", ""operations_heading_matches"": 4}}",4,,lcc-20111231.xml,0000701345,,US AIRWAYS GROUP INC;US AIRWAYS INC,1.0,435.0,2470.0,[],resolved,primary_10k_distinct_statement_sets_mapped,,,,2,multiple_distinct_statement_scopes
0000950123-12-003293,2011,2,0001169055;0001458891,NOBLE CORP | NOBLE CORP / SWITZERLAND,2,True,0001169055;0001458891,"[[""0001169055"", ""0001458891""]]",,"{""0001169055"": {""audit_opinion_window_matches"": 2, ""balance_sheet_heading_matches"": 9, ""cash_flow_heading_matches"": 7, ""name"": ""NOBLE CORP"", ""operations_heading_matches"": 13}, ""0001458891"": {""audit_opinion_window_matches"": 2, ""balance_sheet_heading_matches"": 9, ""cash_flow_heading_matches"": 7, ""name"": ""Noble Corp / Switzerland"", ""operations_heading_matches"": 13}}",2,0001169055;0001458891,ne-20111231.xml,0001458891,,Noble Corp / Switzerland,1.0,517.0,2907.0,[],resolved,manual_name_collision_two_distinct_statement_scopes,"Two audit opinions and two complete annual suites are presented, one for each Noble CIK.",,,2,multiple_distinct_statement_scopes
0000950123-14-002876,2013,1,0001061937,HOST HOTELS & RESORTS L.P.,2,True,0001061937;0001070750,"[[""0001061937""], [""0001061937"", ""0001070750""], [""0001070750""]]",,"{""0001061937"": {""audit_opinion_window_matches"": 4, ""balance_sheet_heading_matches"": 7, ""cash_flow_heading_matches"": 4, ""name"": ""HOST HOTELS & RESORTS L.P."", ""operations_heading_matches"": 7}, ""0001070750"": {""audit_opinion_window_matches"": 4, ""balance_sheet_heading_matches"": 7, ""cash_flow_heading_matches"": 4, ""name"": ""HOST HOTELS & RESORTS, INC."", ""operations_heading_matches"": 9}}",6,,hst-20131231.xml,0001070750,,"HOST HOTELS & RESORTS L.P.;HOST HOTELS & RESORTS, INC.",1.0,751.0,3323.0,[],resolved,primary_10k_distinct_statement_sets_mapped,,,,2,multiple_distinct_statement_scopes
0000950170-22-001965,2021,1,0001061937,HOST HOTELS & RESORTS L.P.,2,True,0001061937;0001070750,"[[""0001061937""], [""0001061937"", ""0001070750""], [""0001070750""]]",,"{""0001061937"": {""audit_opinion_window_matches"": 3, ""balance_sheet_heading_matches"": 4, ""cash_flow_heading_matches"": 2, ""name"": ""HOST HOTELS & RESORTS L.P."", ""operations_heading_matches"": 4}, ""0001070750"": {""audit_opinion_window_matches"": 3, ""balance_sheet_heading_matches"": 5, ""cash_flow_heading_matches"": 2, ""name"": ""HOST HOTELS & RESORTS, INC."", ""operations_heading_matches"": 4}}",4,,hst-20211231.htm,0001070750,,"HOST HOTELS & RESORTS, INC.;HOST HOTELS & RESORTS, L.P.",1.0,612.0,2452.0,[],resolved,primary_10k_distinct_statement_sets_mapped,,,,2,multiple_distinct_statement_scopes
0000950170-23-003778,2022,1,0001061937,HOST HOTELS & RESORTS L.P.,2,True,0001061937;0001070750,"[[""0001061937""], [""0001061937"", ""0001070750""], [""0001070750""]]",,"{""0001061937"": {""audit_opinion_window_matches"": 3, ""balance_sheet_heading_matches"": 5, ""cash_flow_heading_matches"": 2, ""name"": ""HOST HOTELS & RESORTS L.P."", ""operations_heading_matches"": 4}, ""0001070750"": {""audit_opinion_window_matches"": 3, ""balance_sheet_heading_matches"": 6, ""cash_flow_heading_matches"": 2, ""name"": ""HOST HOTELS & RESORTS, INC."", ""operations_heading_matches"": 4}}",4,,hst-20221231.htm,0001070750,,"HOST HOTELS & RESORTS, INC.;HOST HOTELS & RESORTS, L.P.",1.0,607.0,2456.0,[],resolved,primary_10k_distinct_statement_sets_mapped,,,,2,multiple_distinct_statement_scopes
0000950170-23-004235,2022,2,0000885975;0001385280,"CINEMARK HOLDINGS, INC. | CINEMARK USA INC /TX",2,True,0000885975;0001385280,"[[""0000885975""], [""0000885975"", ""0001385280""]]",,"{""0000885975"": {""audit_opinion_window_matches"": 2, ""balance_sheet_heading_matches"": 5, ""cash_flow_heading_matches"": 3, ""name"": ""CINEMARK USA INC /TX"", ""operations_heading_matches"": 0}, ""0001385280"": {""audit_opinion_window_matches"": 1, ""balance_sheet_heading_matches"": 6, ""cash_flow_heading_matches"": 2, ""name"": ""Cinemark Holdings, Inc."", ""operations_heading_matches"": 0}}",2,,cnk-20221231.htm,0001385280,,"Cinemark Holdings, Inc.;Cinemark USA, Inc.",1.0,751.0,3158.0,[],resolved,primary_10k_distinct_statement_sets_mapped,,,,2,multiple_distinct_statement_scopes
0000950170-23-008980,2022,1,0001313536,SOTHERLY HOTELS LP,2,True,0001301236;0001313536,"[[""0001301236""], [""0001301236"", ""0001313536""], [""0001313536""]]",,"{""0001301236"": {""audit_opinion_window_matches"": 2, ""balance_sheet_heading_matches"": 6, ""cash_flow_heading_matches"": 2, ""name"": ""Sotherly Hotels Inc."", ""operations_heading_matches"": 3}, ""0001313536"": {""audit_opinion_window_matches"": 3, ""balance_sheet_heading_matches"": 4, ""cash_flow_heading_matches"": 2, ""name"": ""SOTHERLY HOTELS LP"", ""operations_heading_matches"": 3}}",4,,soho-20221231.htm,0001301236,,SOTHERLY HOTELS INC.;SOTHERLY HOTELS LP,1.0,520.0,1939.0,[],resolved,primary_10k_distinct_statement_sets_mapped,,,,2,multiple_distinct_statement_scopes
0000950170-24-016143,2023,2,0000885975;0001385280,"CINEMARK HOLDINGS, INC. | CINEMARK USA INC /TX",2,True,0000885975;0001385280,"[[""0000885975""], [""0000885975"", ""0001385280""]]",,"{""0000885975"": {""audit_opinion_window_matches"": 2, ""balance_sheet_heading_matches"": 5, ""cash_flow_heading_matches"": 3, ""name"": ""CINEMARK USA INC /TX"", ""operations_heading_matches"": 7}, ""0001385280"": {""audit_opinion_window_matches"": 1, ""balance_sheet_heading_matches"": 6, ""cash_flow_heading_matches"": 2, ""name"": ""Cinemark Holdings, Inc."", ""operations_heading_matches"": 7}}",2,,cnk-20231231.htm,0001385280,,"Cinemark Holdings, Inc.;Cinemark USA, Inc.",1.0,732.0,3102.0,[],resolved,primary_10k_distinct_statement_sets_mapped,,,,2,multiple_distinct_statement_scopes
0000950170-24-035300,2023,1,0001313536,SOTHERLY HOTELS LP,2,True,0001301236;0001313536,"[[""0001301236""], [""0001301236"", ""0001313536""], [""0001313536""]]",,"{""0001301236"": {""audit_opinion_window_matches"": 2, ""balance_sheet_heading_matches"": 6, ""cash_flow_heading_matches"": 2, ""name"": ""Sotherly Hotels Inc."", ""operations_heading_matches"": 3}, ""0001313536"": {""audit_opinion_window_matches"": 3, ""balance_sheet_heading_matches"": 4, ""cash_flow_heading_matches"": 2, ""name"": ""SOTHERLY HOTELS LP"", ""operations_heading_matches"": 3}}",4,,soho-20231231.htm,0001301236,,SOTHERLY HOTELS INC.;SOTHERLY HOTELS LP,1.0,512.0,1893.0,[],resolved,primary_10k_distinct_statement_sets_mapped,,,,2,multiple_distinct_statement_scopes
0000950170-25-022756,2024,2,0000885975;0001385280,"CINEMARK HOLDINGS, INC. | CINEMARK USA INC /TX",2,True,0000885975;0001385280,"[[""0000885975""], [""0000885975"", ""0001385280""]]",,"{""0000885975"": {""audit_opinion_window_matches"": 2, ""balance_sheet_heading_matches"": 6, ""cash_flow_heading_matches"": 3, ""name"": ""CINEMARK USA INC /TX"", ""operations_heading_matches"": 7}, ""0001385280"": {""audit_opinion_window_matches"": 1, ""balance_sheet_heading_matches"": 6, ""cash_flow_heading_matches"": 2, ""name"": ""Cinemark Holdings, Inc."", ""operations_heading_matches"": 7}}",2,,cnk-20241231.htm,0001385280,,"Cinemark Holdings, Inc.;Cinemark USA, Inc.",1.0,731.0,3147.0,[],resolved,primary_10k_distinct_statement_sets_mapped,,,,2,multiple_distinct_statement_scopes
0000950170-25-047657,2024,1,0001313536,SOTHERLY HOTELS LP,2,True,0001301236;0001313536,"[[""0001301236""], [""0001301236"", ""0001313536""], [""0001313536""]]",,"{""0001301236"": {""audit_opinion_window_matches"": 2, ""balance_sheet_heading_matches"": 6, ""cash_flow_heading_matches"": 2, ""name"": ""Sotherly Hotels Inc."", ""operations_heading_matches"": 3}, ""0001313536"": {""audit_opinion_window_matches"": 3, ""balance_sheet_heading_matches"": 4, ""cash_flow_heading_matches"": 2, ""name"": ""SOTHERLY HOTELS LP"", ""operations_heading_matches"": 3}}",4,,soho-20241231.htm,0001301236,,SOTHERLY HOTELS INC.;SOTHERLY HOTELS LP,1.0,573.0,2130.0,[],resolved,primary_10k_distinct_statement_sets_mapped,,,,2,multiple_distinct_statement_scopes
0001012704-13-000006,2012,2,0001012704;0001493927,DRIVETIME AUTOMOTIVE GROUP INC | DT Acceptance Corp,2,True,0001012704,"[[""0001012704""]]",,"{""0001012704"": {""audit_opinion_window_matches"": 2, ""balance_sheet_heading_matches"": 4, ""cash_flow_heading_matches"": 5, ""name"": ""DRIVETIME AUTOMOTIVE GROUP INC"", ""operations_heading_matches"": 5}, ""0001493927"": {""audit_opinion_window_matches"": 0, ""balance_sheet_heading_matches"": 0, ""cash_flow_heading_matches"": 0, ""name"": ""DT Acceptance Corp"", ""operations_heading_matches"": 0}}",2,,dta-20121231.xml,0001012704,,DRIVETIME AUTOMOTIVE GROUP INC,1.0,412.0,3234.0,[],resolved,primary_10k_distinct_statement_sets_mapped,,,,1,one_statement_scope
0001047469-12-001105,2011,2,0001089748;0001307954,HUNTSMAN CORP | HUNTSMAN INTERNATIONAL LLC,2,True,0001089748;0001307954,"[[""0001089748""], [""0001089748"", ""0001307954""], [""0001307954""]]",,"{""0001089748"": {""audit_opinion_window_matches"": 4, ""balance_sheet_heading_matches"": 5, ""cash_flow_heading_matches"": 5, ""name"": ""HUNTSMAN INTERNATIONAL LLC"", ""operations_heading_matches"": 6}, ""0001307954"": {""audit_opinion_window_matches"": 3, ""balance_sheet_heading_matches"": 4, ""cash_flow_heading_matches"": 3, ""name"": ""Huntsman CORP"", ""operations_heading_matches"": 7}}",6,,hun-20111231.xml,0001307954,,Huntsman CORP,1.0,1009.0,4540.0,[],resolved,primary_10k_distinct_statement_sets_mapped,,,,2,multiple_distinct_statement_scopes
0001047469-12-001130,2011,2,0001441849;0001493144,CLOUD PEAK ENERGY INC. | Cloud Peak Energy Resources LLC,2,True,0001441849;0001493144,"[[""0001441849""], [""0001493144""]]",,"{""0001441849"": {""audit_opinion_window_matches"": 1, ""balance_sheet_heading_matches"": 4, ""cash_flow_heading_matches"": 3, ""name"": ""CLOUD PEAK ENERGY INC."", ""operations_heading_matches"": 4}, ""0001493144"": {""audit_opinion_window_matches"": 1, ""balance_sheet_heading_matches"": 3, ""cash_flow_heading_matches"": 2, ""name"": ""Cloud Peak Energy Resources LLC"", ""operations_heading_matches"": 3}}",2,,cld-20111231.xml,0001441849,,CLOUD PEAK ENERGY INC.,1.0,319.0,2029.0,[],resolved,primary_10k_distinct_statement_sets_mapped,,,,2,multiple_distinct_statement_scopes
0001047469-12-002756,2011,2,0000931058;0001166789,LIN TELEVISION CORP | LIN TV CORP.,2,True,0000931058;0001166789,"[[""0000931058""], [""0001166789""]]",,"{""0000931058"": {""audit_opinion_window_matches"": 1, ""balance_sheet_heading_matches"": 2, ""cash_flow_heading_matches"": 1, ""name"": ""LIN TELEVISION CORP"", ""operations_heading_matches"": 4}, ""0001166789"": {""audit_opinion_window_matches"": 2, ""balance_sheet_heading_matches"": 8, ""cash_flow_heading_matches"": 5, ""name"": ""LIN TV CORP."", ""operations_heading_matches"": 9}}",7,,tvl-20111231.xml,0001166789,,LIN TV CORP.,1.0,127.0,824.0,[],resolved,primary_10k_distinct_statement_sets_mapped,,,,2,multiple_distinct_statement_scopes
0001047469-12-003301,2011,2,0001021113;0001427553,"GUITAR CENTER HOLDINGS, INC. | GUITAR CENTER, INC.",2,True,0001021113;0001427553,"[[""0001021113""], [""0001021113"", ""0001427553""], [""0001427553""]]",,"{""0001021113"": {""audit_opinion_window_matches"": 4, ""balance_sheet_heading_matches"": 7, ""cash_flow_heading_matches"": 2, ""name"": ""GUITAR CENTER, INC."", ""operations_heading_matches"": 5}, ""0001427553"": {""audit_opinion_window_matches"": 3, ""balance_sheet_heading_matches"": 7, ""cash_flow_heading_matches"": 2, ""name"": ""GUITAR CENTER HOLDINGS, INC."", ""operations_heading_matches"": 4}}",6,,gch-20111231.xml,0001427553,,"GUITAR CENTER HOLDINGS, INC.",1.0,71.0,527.0,[],resolved,primary_10k_distinct_statement_sets_mapped,,,,2,multiple_distinct_statement_scopes
0001047469-12-004191,2011,2,0001065023;0001268984,REDDY ICE CORP | REDDY ICE HOLDINGS INC,2,True,0001065023;0001268984,"[[""0001065023""], [""0001065023"", ""0001268984""]]",,"{""0001065023"": {""audit_opinion_window_matches"": 2, ""balance_sheet_heading_matches"": 3, ""cash_flow_heading_matches"": 3, ""name"": ""REDDY ICE CORP"", ""operations_heading_matches"": 2}, ""0001268984"": {""audit_opinion_window_matches"": 1, ""balance_sheet_heading_matches"": 5, ""cash_flow_heading_matches"": 3, ""name"": ""REDDY ICE HOLDINGS INC"", ""operations_heading_matches"": 4}}",2,,frz-20111231.xml,0001268984,,REDDY ICE HOLDINGS INC,1.0,62.0,595.0,[],resolved,primary_10k_distinct_statement_sets_mapped,,,,2,multiple_distinct_statement_scopes
0001047469-13-000888,2012,2,0001089748;0001307954,HUNTSMAN CORP | HUNTSMAN INTERNATIONAL LLC,2,True,0001089748;0001307954,"[[""0001089748""], [""0001089748"", ""0001307954""], [""0001307954""]]",,"{""0001089748"": {""audit_opinion_window_matches"": 4, ""balance_sheet_heading_matches"": 5, ""cash_flow_heading_matches"": 5, ""name"": ""HUNTSMAN INTERNATIONAL LLC"", ""operations_heading_matches"": 7}, ""0001307954"": {""audit_opinion_window_matches"": 3, ""balance_sheet_heading_matches"": 4, ""cash_flow_heading_matches"": 3, ""name"": ""Huntsman CORP"", ""operations_heading_matches"": 9}}",6,,hun-20121231.xml,0001307954,,Huntsman CORP,1.0,1069.0,4619.0,[],resolved,primary_10k_distinct_statement_sets_mapped,,,,2,multiple_distinct_statement_scopes
0001047469-13-001007,2012,2,0001441849;0001493144,CLOUD PEAK ENERGY INC. | Cloud Peak Energy Resources LLC,2,True,0001441849;0001493144,"[[""0001441849""], [""0001493144""]]",,"{""0001441849"": {""audit_opinion_window_matches"": 1, ""balance_sheet_heading_matches"": 4, ""cash_flow_heading_matches"": 2, ""name"": ""CLOUD PEAK ENERGY INC."", ""operations_heading_matches"": 3}, ""0001493144"": {""audit_opinion_window_matches"": 1, ""balance_sheet_heading_matches"": 3, ""cash_flow_heading_matches"": 2, ""name"": ""Cloud Peak Energy Resources LLC"", ""operations_heading_matches"": 2}}",2,,cld-20121231.xml,0001441849,,CLOUD PEAK ENERGY INC.,1.0,309.0,2036.0,[],resolved,primary_10k_distinct_statement_sets_mapped,,,,2,multiple_distinct_statement_scopes
0001047469-13-001696,2012,2,0001035688;0001320414,SELECT MEDICAL CORP | SELECT MEDICAL HOLDINGS CORP,2,True,0001035688;0001320414,"[[""0001035688""], [""0001320414""]]",,"{""0001035688"": {""audit_opinion_window_matches"": 2, ""balance_sheet_heading_matches"": 4, ""cash_flow_heading_matches"": 4, ""name"": ""SELECT MEDICAL CORP"", ""operations_heading_matches"": 7}, ""0001320414"": {""audit_opinion_window_matches"": 2, ""balance_sheet_heading_matches"": 3, ""cash_flow_heading_matches"": 4, ""name"": ""SELECT MEDICAL HOLDINGS CORP"", ""operations_heading_matches"": 8}}",4,,sem-20121231.xml,0001320414,,SELECT MEDICAL HOLDINGS CORP,1.0,397.0,2158.0,[],resolved,primary_10k_distinct_statement_sets_mapped,,,,2,multiple_distinct_statement_scopes
0001047469-13-002872,2012,2,0000931058;0001166789,LIN TELEVISION CORP | LIN TV CORP.,2,True,0000931058;0001166789,"[[""0000931058""], [""0001166789""]]",,"{""0000931058"": {""audit_opinion_window_matches"": 1, ""balance_sheet_heading_matches"": 3, ""cash_flow_heading_matches"": 1, ""name"": ""LIN TELEVISION CORP"", ""operations_heading_matches"": 2}, ""0001166789"": {""audit_opinion_window_matches"": 2, ""balance_sheet_heading_matches"": 7, ""cash_flow_heading_matches"": 5, ""name"": ""LIN TV CORP."", ""operations_heading_matches"": 8}}",7,,tvl-20121231.xml,0001166789,,LIN TV CORP.,1.0,681.0,3196.0,[],resolved,primary_10k_distinct_statement_sets_mapped,,,,2,multiple_distinct_statement_scopes
0001047469-14-000771,2013,2,0001089748;0001307954,HUNTSMAN CORP | HUNTSMAN INTERNATIONAL LLC,2,True,0001089748;0001307954,"[[""0001089748""], [""0001089748"", ""0001307954""], [""0001307954""]]",,"{""0001089748"": {""audit_opinion_window_matches"": 4, ""balance_sheet_heading_matches"": 6, ""cash_flow_heading_matches"": 5, ""name"": ""HUNTSMAN INTERNATIONAL LLC"", ""operations_heading_matches"": 7}, ""0001307954"": {""audit_opinion_window_matches"": 3, ""balance_sheet_heading_matches"": 4, ""cash_flow_heading_matches"": 3, ""name"": ""Huntsman CORP"", ""operations_heading_matches"": 9}}",6,,hun-20131231.xml,0001307954,,Huntsman CORP,1.0,1047.0,4519.0,[],resolved,primary_10k_distinct_statement_sets_mapped,,,,2,multiple_distinct_statement_scopes
0001047469-14-001304,2013,2,0001035688;0001320414,SELECT MEDICAL CORP | SELECT MEDICAL HOLDINGS CORP,2,True,0001035688;0001320414,"[[""0001035688""], [""0001320414""]]",,"{""0001035688"": {""audit_opinion_window_matches"": 2, ""balance_sheet_heading_matches"": 4, ""cash_flow_heading_matches"": 4, ""name"": ""SELECT MEDICAL CORP"", ""operations_heading_matches"": 6}, ""0001320414"": {""audit_opinion_window_matches"": 2, ""balance_sheet_heading_matches"": 3, ""cash_flow_heading_matches"": 4, ""name"": ""SELECT MEDICAL HOLDINGS CORP"", ""operations_heading_matches"": 7}}",4,,sem-20131231.xml,0001320414,,SELECT MEDICAL HOLDINGS CORP,1.0,370.0,2083.0,[],resolved,primary_10k_distinct_statement_sets_mapped,,,,2,multiple_distinct_statement_scopes
0001047469-14-002412,2013,2,0001344154;0001578318,"ENVISION HEALTHCARE HOLDINGS, INC. | Envision Healthcare Corp",2,True,0001344154;0001578318,"[[""0001344154""], [""0001344154"", ""0001578318""], [""0001578318""]]",,"{""0001344154"": {""audit_opinion_window_matches"": 2, ""balance_sheet_heading_matches"": 5, ""cash_flow_heading_matches"": 6, ""name"": ""Envision Healthcare Corp"", ""operations_heading_matches"": 8}, ""0001578318"": {""audit_opinion_window_matches"": 3, ""balance_sheet_heading_matches"": 5, ""cash_flow_heading_matches"": 7, ""name"": ""Envision Healthcare Holdings, Inc."", ""operations_heading_matches"": 9}}",4,,evh-20131231.xml,0001578318,,"Envision Healthcare Holdings, Inc.",1.0,579.0,2790.0,[],resolved,primary_10k_distinct_statement_sets_mapped,,,,2,multiple_distinct_statement_scopes
0001047469-14-002899,2013,2,0001465264;0001573097,"HD SUPPLY HOLDINGS, INC. | HD SUPPLY, INC.",2,True,0001465264;0001573097,"[[""0001465264""], [""0001573097""]]",,"{""0001465264"": {""audit_opinion_window_matches"": 1, ""balance_sheet_heading_matches"": 6, ""cash_flow_heading_matches"": 4, ""name"": ""HD SUPPLY, INC."", ""operations_heading_matches"": 9}, ""0001573097"": {""audit_opinion_window_matches"": 1, ""balance_sheet_heading_matches"": 6, ""cash_flow_heading_matches"": 4, ""name"": ""HD Supply Holdings, Inc."", ""operations_heading_matches"": 7}}",2,,hds-20140202.xml,0001573097,,"HD Supply Holdings, Inc.",1.0,427.0,2102.0,[],resolved,primary_10k_distinct_statement_sets_mapped,,,,2,multiple_distinct_statement_scopes
0001047469-14-003617,2013,2,0001313024;0001588242,"DENVER PARENT Corp | VENOCO, INC.",2,True,0001313024;0001588242,"[[""0001313024"", ""0001588242""], [""0001588242""]]",,"{""0001313024"": {""audit_opinion_window_matches"": 2, ""balance_sheet_heading_matches"": 4, ""cash_flow_heading_matches"": 1, ""name"": ""Venoco, Inc."", ""operations_heading_matches"": 5}, ""0001588242"": {""audit_opinion_window_matches"": 4, ""balance_sheet_heading_matches"": 4, ""cash_flow_heading_matches"": 1, ""name"": ""DENVER PARENT Corp"", ""operations_heading_matches"": 5}}",4,,denparp-20131231.xml,0001588242,,Denver Parent Corporation,1.0,331.0,1740.0,[],resolved,manual_two_distinct_audited_statement_scopes,"The filing states that separate financial statements are included and presents separate audit opinions and complete annual suites for Denver Parent Corporation and Venoco, Inc.",denver_parent_venoco_two_separate_statement_scopes,,2,multiple_distinct_statement_scopes
0001047469-15-000900,2014,2,0001089748;0001307954,HUNTSMAN CORP | HUNTSMAN INTERNATIONAL LLC,2,True,0001089748;0001307954,"[[""0001089748""], [""0001089748"", ""0001307954""], [""0001307954""]]",,"{""0001089748"": {""audit_opinion_window_matches"": 4, ""balance_sheet_heading_matches"": 6, ""cash_flow_heading_matches"": 5, ""name"": ""HUNTSMAN INTERNATIONAL LLC"", ""operations_heading_matches"": 6}, ""0001307954"": {""audit_opinion_window_matches"": 3, ""balance_sheet_heading_matches"": 5, ""cash_flow_heading_matches"": 3, ""name"": ""Huntsman CORP"", ""operations_heading_matches"": 7}}",6,,hun-20141231.xml,0001307954,,Huntsman CORP,1.0,1012.0,4468.0,[],resolved,primary_10k_distinct_statement_sets_mapped,,,,2,multiple_distinct_statement_scopes
0001047469-15-001194,2014,1,0001035688,SELECT MEDICAL CORP,2,True,0001035688;0001320414,"[[""0001035688""], [""0001320414""]]",,"{""0001035688"": {""audit_opinion_window_matches"": 2, ""balance_sheet_heading_matches"": 4, ""cash_flow_heading_matches"": 4, ""name"": ""SELECT MEDICAL CORP"", ""operations_heading_matches"": 6}, ""0001320414"": {""audit_opinion_window_matches"": 2, ""balance_sheet_heading_matches"": 3, ""cash_flow_heading_matches"": 4, ""name"": ""SELECT MEDICAL HOLDINGS CORP"", ""operations_heading_matches"": 7}}",4,,sem-20141231.xml,0001320414,,SELECT MEDICAL HOLDINGS CORP,1.0,393.0,2097.0,[],resolved,primary_10k_distinct_statement_sets_mapped,,,,2,multiple_distinct_statement_scopes
0001047469-15-002613,2014,2,0001465264;0001573097,"HD SUPPLY HOLDINGS, INC. | HD SUPPLY, INC.",2,True,0001465264;0001573097,"[[""0001465264""], [""0001573097""]]",,"{""0001465264"": {""audit_opinion_window_matches"": 1, ""balance_sheet_heading_matches"": 5, ""cash_flow_heading_matches"": 2, ""name"": ""HD SUPPLY, INC."", ""operations_heading_matches"": 8}, ""0001573097"": {""audit_opinion_window_matches"": 1, ""balance_sheet_heading_matches"": 5, ""cash_flow_heading_matches"": 2, ""name"": ""HD Supply Holdings, Inc."", ""operations_heading_matches"": 6}}",2,,hds-20150201.xml,0001573097,,"HD Supply Holdings, Inc.",1.0,433.0,2062.0,[],resolved,primary_10k_distinct_statement_sets_mapped,,,,2,multiple_distinct_statement_scopes
0001047469-15-003553,2014,2,0001313024;0001588242,"DENVER PARENT CORP | Venoco, Inc.",2,True,0001313024;0001588242,"[[""0001313024"", ""0001588242""], [""0001588242""]]",,"{""0001313024"": {""audit_opinion_window_matches"": 2, ""balance_sheet_heading_matches"": 4, ""cash_flow_heading_matches"": 1, ""name"": ""Venoco, Inc."", ""operations_heading_matches"": 5}, ""0001588242"": {""audit_opinion_window_matches"": 4, ""balance_sheet_heading_matches"": 4, ""cash_flow_heading_matches"": 1, ""name"": ""DENVER PARENT Corp"", ""operations_heading_matches"": 5}}",4,,denparp-20141231.xml,0001588242,,Denver Parent Corporation,1.0,287.0,1652.0,[],resolved,manual_two_distinct_audited_statement_scopes,"The filing states that separate financial statements are included and presents separate audit opinions and complete annual suites for Denver Parent Corporation and Venoco, Inc.",denver_parent_venoco_two_separate_statement_scopes,,2,multiple_distinct_statement_scopes
0001047469-16-010161,2015,2,0001089748;0001307954,HUNTSMAN CORP | HUNTSMAN INTERNATIONAL LLC,2,True,0001089748;0001307954,"[[""0001089748""], [""0001089748"", ""0001307954""], [""0001307954""]]",,"{""0001089748"": {""audit_opinion_window_matches"": 4, ""balance_sheet_heading_matches"": 5, ""cash_flow_heading_matches"": 5, ""name"": ""HUNTSMAN INTERNATIONAL LLC"", ""operations_heading_matches"": 6}, ""0001307954"": {""audit_opinion_window_matches"": 3, ""balance_sheet_heading_matches"": 4, ""cash_flow_heading_matches"": 3, ""name"": ""Huntsman CORP"", ""operations_heading_matches"": 7}}",6,,hun-20151231.xml,0001307954,,Huntsman CORP,1.0,1016.0,4469.0,[],resolved,primary_10k_distinct_statement_sets_mapped,,,,2,multiple_distinct_statement_scopes
0001047469-16-010467,2015,2,0001035688;0001320414,SELECT MEDICAL CORP | SELECT MEDICAL HOLDINGS CORP,2,True,0001035688;0001320414,"[[""0001035688""], [""0001320414""]]",,"{""0001035688"": {""audit_opinion_window_matches"": 2, ""balance_sheet_heading_matches"": 4, ""cash_flow_heading_matches"": 5, ""name"": ""SELECT MEDICAL CORP"", ""operations_heading_matches"": 7}, ""0001320414"": {""audit_opinion_window_matches"": 2, ""balance_sheet_heading_matches"": 1, ""cash_flow_heading_matches"": 1, ""name"": ""SELECT MEDICAL HOLDINGS CORP"", ""operations_heading_matches"": 5}}",4,,sem-20151231.xml,0001320414,,SELECT MEDICAL HOLDINGS CORP,1.0,431.0,2288.0,[],resolved,primary_10k_distinct_statement_sets_mapped,,,,2,multiple_distinct_statement_scopes
0001047469-16-011316,2015,2,0001465264;0001573097,"HD SUPPLY HOLDINGS, INC. | HD SUPPLY, INC.",2,True,0001465264;0001573097,"[[""0001465264""], [""0001573097""]]",,"{""0001465264"": {""audit_opinion_window_matches"": 1, ""balance_sheet_heading_matches"": 4, ""cash_flow_heading_matches"": 2, ""name"": ""HD SUPPLY, INC."", ""operations_heading_matches"": 8}, ""0001573097"": {""audit_opinion_window_matches"": 1, ""balance_sheet_heading_matches"": 4, ""cash_flow_heading_matches"": 2, ""name"": ""HD Supply Holdings, Inc."", ""operations_heading_matches"": 6}}",2,,hds-20160131.xml,0001573097,,"HD Supply Holdings, Inc.",1.0,359.0,1986.0,[],resolved,primary_10k_distinct_statement_sets_mapped,,,,2,multiple_distinct_statement_scopes
0001047469-17-000682,2016,2,0001089748;0001307954,HUNTSMAN CORP | HUNTSMAN INTERNATIONAL LLC,2,True,0001089748;0001307954,"[[""0001089748""], [""0001089748"", ""0001307954""], [""0001307954""]]",,"{""0001089748"": {""audit_opinion_window_matches"": 4, ""balance_sheet_heading_matches"": 5, ""cash_flow_heading_matches"": 6, ""name"": ""HUNTSMAN INTERNATIONAL LLC"", ""operations_heading_matches"": 7}, ""0001307954"": {""audit_opinion_window_matches"": 3, ""balance_sheet_heading_matches"": 4, ""cash_flow_heading_matches"": 3, ""name"": ""Huntsman CORP"", ""operations_heading_matches"": 6}}",6,,hun-20161231.xml,0001307954,,Huntsman CORP,1.0,1031.0,4467.0,[],resolved,primary_10k_distinct_statement_sets_mapped,,,,2,multiple_distinct_statement_scopes
0001047469-17-000890,2016,2,0001035688;0001320414,SELECT MEDICAL CORP | SELECT MEDICAL HOLDINGS CORP,2,True,0001035688;0001320414,"[[""0001035688""], [""0001320414""]]",,"{""0001035688"": {""audit_opinion_window_matches"": 2, ""balance_sheet_heading_matches"": 4, ""cash_flow_heading_matches"": 4, ""name"": ""SELECT MEDICAL CORP"", ""operations_heading_matches"": 6}, ""0001320414"": {""audit_opinion_window_matches"": 2, ""balance_sheet_heading_matches"": 1, ""cash_flow_heading_matches"": 1, ""name"": ""SELECT MEDICAL HOLDINGS CORP"", ""operations_heading_matches"": 4}}",4,,sem-20161231.xml,0001320414,,SELECT MEDICAL HOLDINGS CORP,1.0,449.0,2414.0,[],resolved,primary_10k_distinct_statement_sets_mapped,,,,2,multiple_distinct_statement_scopes
0001047469-17-001542,2016,2,0001465264;0001573097,"HD SUPPLY HOLDINGS, INC. | HD SUPPLY, INC.",2,True,0001465264;0001573097,"[[""0001465264""], [""0001573097""]]",,"{""0001465264"": {""audit_opinion_window_matches"": 1, ""balance_sheet_heading_matches"": 5, ""cash_flow_heading_matches"": 2, ""name"": ""HD SUPPLY, INC."", ""operations_heading_matches"": 7}, ""0001573097"": {""audit_opinion_window_matches"": 1, ""balance_sheet_heading_matches"": 5, ""cash_flow_heading_matches"": 2, ""name"": ""HD Supply Holdings, Inc."", ""operations_heading_matches"": 5}}",2,,hds-20170129.xml,0001573097,,"HD Supply Holdings, Inc.",1.0,341.0,1960.0,[],resolved,primary_10k_distinct_statement_sets_mapped,,,,2,multiple_distinct_statement_scopes
0001047469-18-001552,2017,2,0001465264;0001573097,"HD SUPPLY HOLDINGS, INC. | HD SUPPLY, INC.",2,True,0001465264;0001573097,"[[""0001465264""], [""0001573097""]]",,"{""0001465264"": {""audit_opinion_window_matches"": 1, ""balance_sheet_heading_matches"": 6, ""cash_flow_heading_matches"": 4, ""name"": ""HD SUPPLY, INC."", ""operations_heading_matches"": 10}, ""0001573097"": {""audit_opinion_window_matches"": 1, ""balance_sheet_heading_matches"": 6, ""cash_flow_heading_matches"": 4, ""name"": ""HD Supply Holdings, Inc."", ""operations_heading_matches"": 8}}",4,,hds-20180128.xml,0001573097,,"HD Supply Holdings, Inc.",1.0,341.0,1969.0,[],resolved,primary_10k_distinct_statement_sets_mapped,,,,2,multiple_distinct_statement_scopes
0001047469-19-001389,2018,2,0001465264;0001573097,"HD SUPPLY HOLDINGS, INC. | HD SUPPLY, INC.",2,True,0001465264;0001573097,"[[""0001465264""], [""0001573097""]]",,"{""0001465264"": {""audit_opinion_window_matches"": 1, ""balance_sheet_heading_matches"": 5, ""cash_flow_heading_matches"": 2, ""name"": ""HD SUPPLY, INC."", ""operations_heading_matches"": 6}, ""0001573097"": {""audit_opinion_window_matches"": 1, ""balance_sheet_heading_matches"": 5, ""cash_flow_heading_matches"": 1, ""name"": ""HD Supply Holdings, Inc."", ""operations_heading_matches"": 5}}",4,,hds-20190203.xml,0001573097,,"HD Supply Holdings, Inc.",1.0,361.0,1693.0,[],resolved,primary_10k_distinct_statement_sets_mapped,,,,2,multiple_distinct_statement_scopes
0001067701-13-000004,2012,2,0001047166;0001067701,UNITED RENTALS INC /DE | UNITED RENTALS NORTH AMERICA INC,2,True,0001067701,"[[""0001067701""]]",,"{""0001047166"": {""audit_opinion_window_matches"": 0, ""balance_sheet_heading_matches"": 0, ""cash_flow_heading_matches"": 0, ""name"": ""UNITED RENTALS NORTH AMERICA INC"", ""operations_heading_matches"": 0}, ""0001067701"": {""audit_opinion_window_matches"": 2, ""balance_sheet_heading_matches"": 3, ""cash_flow_heading_matches"": 2, ""name"": ""UNITED RENTALS INC /DE"", ""operations_heading_matches"": 5}}",2,,uri-20121231.xml,0001067701,,United Rentals Inc /DE,1.0,488.0,2487.0,[],resolved,primary_10k_distinct_statement_sets_mapped,,,,1,one_statement_scope
0001067701-14-000004,2013,2,0001047166;0001067701,UNITED RENTALS INC /DE | UNITED RENTALS NORTH AMERICA INC,2,True,0001067701,"[[""0001067701""]]",,"{""0001047166"": {""audit_opinion_window_matches"": 0, ""balance_sheet_heading_matches"": 0, ""cash_flow_heading_matches"": 0, ""name"": ""UNITED RENTALS NORTH AMERICA INC"", ""operations_heading_matches"": 0}, ""0001067701"": {""audit_opinion_window_matches"": 2, ""balance_sheet_heading_matches"": 3, ""cash_flow_heading_matches"": 2, ""name"": ""UNITED RENTALS INC /DE"", ""operations_heading_matches"": 6}}",2,,uri-20131231.xml,0001067701,,United Rentals Inc /DE,1.0,501.0,2527.0,[],resolved,primary_10k_distinct_statement_sets_mapped,,,,1,one_statement_scope
0001067701-15-000006,2014,2,0001047166;0001067701,UNITED RENTALS INC /DE | UNITED RENTALS NORTH AMERICA INC,2,True,0001067701,"[[""0001067701""]]",,"{""0001047166"": {""audit_opinion_window_matches"": 0, ""balance_sheet_heading_matches"": 0, ""cash_flow_heading_matches"": 0, ""name"": ""UNITED RENTALS NORTH AMERICA INC"", ""operations_heading_matches"": 0}, ""0001067701"": {""audit_opinion_window_matches"": 2, ""balance_sheet_heading_matches"": 3, ""cash_flow_heading_matches"": 2, ""name"": ""UNITED RENTALS INC /DE"", ""operations_heading_matches"": 5}}",2,,uri-20141231.xml,0001067701,,United Rentals Inc /DE,1.0,510.0,2465.0,[],resolved,primary_10k_distinct_statement_sets_mapped,,,,1,one_statement_scope
0001067701-16-000039,2015,2,0001047166;0001067701,UNITED RENTALS INC /DE | UNITED RENTALS NORTH AMERICA INC,2,True,0001067701,"[[""0001067701""]]",,"{""0001047166"": {""audit_opinion_window_matches"": 0, ""balance_sheet_heading_matches"": 0, ""cash_flow_heading_matches"": 0, ""name"": ""UNITED RENTALS NORTH AMERICA INC"", ""operations_heading_matches"": 0}, ""0001067701"": {""audit_opinion_window_matches"": 2, ""balance_sheet_heading_matches"": 3, ""cash_flow_heading_matches"": 2, ""name"": ""UNITED RENTALS INC /DE"", ""operations_heading_matches"": 6}}",2,,uri-20151231.xml,0001067701,,United Rentals Inc /DE,1.0,516.0,2363.0,[],resolved,primary_10k_distinct_statement_sets_mapped,,,,1,one_statement_scope
0001067701-17-000006,2016,2,0001047166;0001067701,UNITED RENTALS INC /DE | UNITED RENTALS NORTH AMERICA INC,2,True,0001067701,"[[""0001067701""]]",,"{""0001047166"": {""audit_opinion_window_matches"": 0, ""balance_sheet_heading_matches"": 0, ""cash_flow_heading_matches"": 0, ""name"": ""UNITED RENTALS NORTH AMERICA INC"", ""operations_heading_matches"": 0}, ""0001067701"": {""audit_opinion_window_matches"": 2, ""balance_sheet_heading_matches"": 3, ""cash_flow_heading_matches"": 2, ""name"": ""UNITED RENTALS INC /DE"", ""operations_heading_matches"": 6}}",2,,uri-20161231.xml,0001067701,,United Rentals Inc /DE,1.0,438.0,2214.0,[],resolved,primary_10k_distinct_statement_sets_mapped,,,,1,one_statement_scope
0001067701-18-000006,2017,2,0001047166;0001067701,UNITED RENTALS INC /DE | UNITED RENTALS NORTH AMERICA INC,2,True,0001067701,"[[""0001067701""]]",,"{""0001047166"": {""audit_opinion_window_matches"": 0, ""balance_sheet_heading_matches"": 0, ""cash_flow_heading_matches"": 0, ""name"": ""UNITED RENTALS NORTH AMERICA INC"", ""operations_heading_matches"": 0}, ""0001067701"": {""audit_opinion_window_matches"": 2, ""balance_sheet_heading_matches"": 3, ""cash_flow_heading_matches"": 2, ""name"": ""UNITED RENTALS INC /DE"", ""operations_heading_matches"": 5}}",2,,uri-20171231.xml,0001067701,,United Rentals Inc /DE,1.0,584.0,2355.0,[],resolved,primary_10k_distinct_statement_sets_mapped,,,,1,one_statement_scope
0001067701-19-000007,2018,2,0001047166;0001067701,UNITED RENTALS INC /DE | UNITED RENTALS NORTH AMERICA INC,2,True,0001067701,"[[""0001067701""]]",,"{""0001047166"": {""audit_opinion_window_matches"": 0, ""balance_sheet_heading_matches"": 0, ""cash_flow_heading_matches"": 0, ""name"": ""UNITED RENTALS NORTH AMERICA INC"", ""operations_heading_matches"": 0}, ""0001067701"": {""audit_opinion_window_matches"": 2, ""balance_sheet_heading_matches"": 3, ""cash_flow_heading_matches"": 2, ""name"": ""UNITED RENTALS INC /DE"", ""operations_heading_matches"": 5}}",2,,uri-2018123110k.htm,0001067701,,United Rentals Inc /DE,1.0,691.0,2767.0,[],resolved,primary_10k_distinct_statement_sets_mapped,,,,1,one_statement_scope
0001067701-20-000008,2019,2,0001047166;0001067701,"UNITED RENTALS NORTH AMERICA INC | UNITED RENTALS, INC.",2,True,0001067701,"[[""0001067701""]]",,"{""0001047166"": {""audit_opinion_window_matches"": 0, ""balance_sheet_heading_matches"": 0, ""cash_flow_heading_matches"": 0, ""name"": ""UNITED RENTALS NORTH AMERICA INC"", ""operations_heading_matches"": 0}, ""0001067701"": {""audit_opinion_window_matches"": 2, ""balance_sheet_heading_matches"": 3, ""cash_flow_heading_matches"": 2, ""name"": ""UNITED RENTALS, INC."", ""operations_heading_matches"": 5}}",2,,uri-2019123110k.htm,0001067701,,"United Rentals, Inc.",1.0,641.0,2660.0,[],resolved,primary_10k_distinct_statement_sets_mapped,,,,1,one_statement_scope
0001067701-21-000008,2020,2,0001047166;0001067701,"UNITED RENTALS NORTH AMERICA INC | UNITED RENTALS, INC.",2,True,0001067701,"[[""0001067701""]]",,"{""0001047166"": {""audit_opinion_window_matches"": 0, ""balance_sheet_heading_matches"": 0, ""cash_flow_heading_matches"": 0, ""name"": ""UNITED RENTALS NORTH AMERICA INC"", ""operations_heading_matches"": 0}, ""0001067701"": {""audit_opinion_window_matches"": 2, ""balance_sheet_heading_matches"": 3, ""cash_flow_heading_matches"": 2, ""name"": ""UNITED RENTALS, INC."", ""operations_heading_matches"": 5}}",2,,uri-20201231.htm,0001067701,,"United Rentals, Inc.",1.0,447.0,1542.0,[],resolved,primary_10k_distinct_statement_sets_mapped,,,,1,one_statement_scope
0001067701-22-000008,2021,2,0001047166;0001067701,"UNITED RENTALS NORTH AMERICA INC | UNITED RENTALS, INC.",2,True,0001067701,"[[""0001067701""]]",,"{""0001047166"": {""audit_opinion_window_matches"": 0, ""balance_sheet_heading_matches"": 0, ""cash_flow_heading_matches"": 0, ""name"": ""UNITED RENTALS NORTH AMERICA INC"", ""operations_heading_matches"": 0}, ""0001067701"": {""audit_opinion_window_matches"": 2, ""balance_sheet_heading_matches"": 3, ""cash_flow_heading_matches"": 2, ""name"": ""UNITED RENTALS, INC."", ""operations_heading_matches"": 5}}",2,,uri-20211231.htm,0001067701,,"United Rentals, Inc.",1.0,450.0,1601.0,[],resolved,primary_10k_distinct_statement_sets_mapped,,,,1,one_statement_scope
0001067701-23-000010,2022,2,0001047166;0001067701,"UNITED RENTALS NORTH AMERICA INC | UNITED RENTALS, INC.",2,True,0001067701,"[[""0001067701""]]",,"{""0001047166"": {""audit_opinion_window_matches"": 0, ""balance_sheet_heading_matches"": 0, ""cash_flow_heading_matches"": 0, ""name"": ""UNITED RENTALS NORTH AMERICA INC"", ""operations_heading_matches"": 0}, ""0001067701"": {""audit_opinion_window_matches"": 2, ""balance_sheet_heading_matches"": 3, ""cash_flow_heading_matches"": 2, ""name"": ""UNITED RENTALS, INC."", ""operations_heading_matches"": 5}}",2,,uri-20221231.htm,0001067701,,"United Rentals, Inc.",1.0,443.0,1577.0,[],resolved,primary_10k_distinct_statement_sets_mapped,,,,1,one_statement_scope
0001067701-24-000007,2023,2,0001047166;0001067701,"UNITED RENTALS NORTH AMERICA INC | UNITED RENTALS, INC.",2,True,0001067701,"[[""0001067701""]]",,"{""0001047166"": {""audit_opinion_window_matches"": 0, ""balance_sheet_heading_matches"": 0, ""cash_flow_heading_matches"": 0, ""name"": ""UNITED RENTALS NORTH AMERICA INC"", ""operations_heading_matches"": 0}, ""0001067701"": {""audit_opinion_window_matches"": 2, ""balance_sheet_heading_matches"": 3, ""cash_flow_heading_matches"": 2, ""name"": ""UNITED RENTALS, INC."", ""operations_heading_matches"": 5}}",2,,uri-20231231.htm,0001067701,,"United Rentals, Inc.",1.0,424.0,1553.0,[],resolved,primary_10k_distinct_statement_sets_mapped,,,,1,one_statement_scope
0001067701-25-000008,2024,2,0001047166;0001067701,"UNITED RENTALS NORTH AMERICA INC | UNITED RENTALS, INC.",2,True,0001067701,"[[""0001067701""]]",,"{""0001047166"": {""audit_opinion_window_matches"": 0, ""balance_sheet_heading_matches"": 0, ""cash_flow_heading_matches"": 0, ""name"": ""UNITED RENTALS NORTH AMERICA INC"", ""operations_heading_matches"": 0}, ""0001067701"": {""audit_opinion_window_matches"": 2, ""balance_sheet_heading_matches"": 3, ""cash_flow_heading_matches"": 2, ""name"": ""UNITED RENTALS, INC."", ""operations_heading_matches"": 5}}",2,,uri-20241231.htm,0001067701,,"United Rentals, Inc.",1.0,483.0,1652.0,[],resolved,primary_10k_distinct_statement_sets_mapped,,,,1,one_statement_scope
0001070750-24-000081,2023,1,0001061937,HOST HOTELS & RESORTS L.P.,2,True,0001061937;0001070750,"[[""0001061937""], [""0001061937"", ""0001070750""], [""0001070750""]]",,"{""0001061937"": {""audit_opinion_window_matches"": 3, ""balance_sheet_heading_matches"": 5, ""cash_flow_heading_matches"": 3, ""name"": ""HOST HOTELS & RESORTS L.P."", ""operations_heading_matches"": 6}, ""0001070750"": {""audit_opinion_window_matches"": 3, ""balance_sheet_heading_matches"": 6, ""cash_flow_heading_matches"": 3, ""name"": ""HOST HOTELS & RESORTS, INC."", ""operations_heading_matches"": 6}}",4,,hst-20231231.htm,0001070750,,"HOST HOTELS & RESORTS, INC.;HOST HOTELS & RESORTS, L.P.",1.0,520.0,2582.0,[],resolved,primary_10k_distinct_statement_sets_mapped,,,,2,multiple_distinct_statement_scopes
0001070750-25-000071,2024,1,0001061937,HOST HOTELS & RESORTS L.P.,2,True,0001061937;0001070750,"[[""0001061937""], [""0001061937"", ""0001070750""], [""0001070750""]]",,"{""0001061937"": {""audit_opinion_window_matches"": 3, ""balance_sheet_heading_matches"": 5, ""cash_flow_heading_matches"": 3, ""name"": ""HOST HOTELS & RESORTS L.P."", ""operations_heading_matches"": 7}, ""0001070750"": {""audit_opinion_window_matches"": 3, ""balance_sheet_heading_matches"": 6, ""cash_flow_heading_matches"": 3, ""name"": ""HOST HOTELS & RESORTS, INC."", ""operations_heading_matches"": 5}}",4,,hst-20241231.htm,0001070750,,"HOST HOTELS & RESORTS, INC.;HOST HOTELS & RESORTS, L.P.",1.0,546.0,2763.0,[],resolved,primary_10k_distinct_statement_sets_mapped,,,,2,multiple_distinct_statement_scopes
0001104659-11-035633,2011,2,0001489096;0001497822,"Thermon Group Holdings, Inc. | Thermon Holding Corp.",2,False,0001489096;0001497822,"[[""0001489096""], [""0001497822""]]",,"{""0001489096"": {""audit_opinion_window_matches"": 1, ""balance_sheet_heading_matches"": 2, ""cash_flow_heading_matches"": 1, ""name"": ""Thermon Group Holdings, Inc."", ""operations_heading_matches"": 2}, ""0001497822"": {""audit_opinion_window_matches"": 1, ""balance_sheet_heading_matches"": 4, ""cash_flow_heading_matches"": 5, ""name"": ""Thermon Holding Corp."", ""operations_heading_matches"": 6}}",8,,,,,,,,,[],resolved,manual_primary_statement_review,"Item 8 contains separate audited consolidated balance sheets, operations, equity and cash-flow statements for Thermon Group Holdings, Inc. and Thermon Holding Corp.",,,2,multiple_distinct_statement_scopes
0001104659-11-053149,2011,4,0000922358;0000922359;0000922360;0001012493,FERRELLGAS FINANCE CORP | FERRELLGAS L P | FERRELLGAS PARTNERS FINANCE CORP | FERRELLGAS PARTNERS L P,4,True,0000922358;0000922359;0000922360;0001012493,"[[""0000922358""], [""0000922358"", ""0001012493""], [""0000922359""], [""0000922359"", ""0000922360""]]",,"{""0000922358"": {""audit_opinion_window_matches"": 4, ""balance_sheet_heading_matches"": 6, ""cash_flow_heading_matches"": 3, ""name"": ""FERRELLGAS PARTNERS L P"", ""operations_heading_matches"": 7}, ""0000922359"": {""audit_opinion_window_matches"": 4, ""balance_sheet_heading_matches"": 6, ""cash_flow_heading_matches"": 3, ""name"": ""FERRELLGAS L P"", ""operations_heading_matches"": 8}, ""0000922360"": {""audit_opinion_window_matches"": 1, ""balance_sheet_heading_matches"": 3, ""cash_flow_heading_matches"": 1, ""name"": ""FERRELLGAS FINANCE CORP"", ""operations_heading_matches"": 3}, ""0001012493"": {""audit_opinion_window_matches"": 1, ""balance_sheet_heading_matches"": 3, ""cash_flow_heading_matches"": 1, ""name"": ""FERRELLGAS PARTNERS FINANCE CORP"", ""operations_heading_matches"": 3}}",8,,fgp-20110731.xml,0000922358,,FERRELLGAS FINANCE CORP;FERRELLGAS L P;FERRELLGAS PARTNERS FINANCE CORP;FERRELLGAS PARTNERS L P,1.0,584.0,2415.0,"[[""0000922359"", ""0000922360""]]",resolved,manual_four_distinct_audited_statement_scopes,"Item 8 presents a separate auditor opinion and full annual balance-sheet, operations/equity and cash-flow suite for Ferrellgas Partners, L.P., Ferrellgas, L.P., Ferrellgas Partners Finance Corp. and Ferrellgas Finance Corp. The two finance corporations are expressly described as nominal debt co-issuers with no substantive operations and are separately flagged for issuer-substance exclusion.",ferrellgas_four_separate_statement_scopes,0000922360;0001012493,4,multiple_distinct_statement_scopes
0001104659-12-012535,2011,1,0001508677,COLT DEFENSE LLC,2,True,0001508677,"[[""0001508677""]]",,"{""0001508677"": {""audit_opinion_window_matches"": 1, ""balance_sheet_heading_matches"": 3, ""cash_flow_heading_matches"": 0, ""name"": ""Colt Defense LLC"", ""operations_heading_matches"": 2}, ""0001512369"": {""audit_opinion_window_matches"": 0, ""balance_sheet_heading_matches"": 0, ""cash_flow_heading_matches"": 0, ""name"": ""Colt Finance Corp."", ""operations_heading_matches"": 0}}",1,,coltdef-20111231.xml,0001508677,,Colt Defense LLC,1.0,35.0,322.0,[],resolved,primary_10k_distinct_statement_sets_mapped,,,,1,one_statement_scope
0001104659-13-024368,2012,2,0001021113;0001427553,"GUITAR CENTER HOLDINGS, INC. | GUITAR CENTER, INC.",2,True,0001021113;0001427553,"[[""0001021113""], [""0001021113"", ""0001427553""], [""0001427553""]]",,"{""0001021113"": {""audit_opinion_window_matches"": 4, ""balance_sheet_heading_matches"": 5, ""cash_flow_heading_matches"": 3, ""name"": ""GUITAR CENTER, INC."", ""operations_heading_matches"": 4}, ""0001427553"": {""audit_opinion_window_matches"": 4, ""balance_sheet_heading_matches"": 5, ""cash_flow_heading_matches"": 3, ""name"": ""GUITAR CENTER HOLDINGS, INC."", ""operations_heading_matches"": 1}}",6,,gch-20121231.xml,0001427553,,"GUITAR CENTER HOLDINGS, INC.",1.0,368.0,1469.0,[],resolved,primary_10k_distinct_statement_sets_mapped,,,,2,multiple_distinct_statement_scopes
0001104659-13-024404,2012,1,0001508677,COLT DEFENSE LLC,2,True,0001508677,"[[""0001508677""]]",,"{""0001508677"": {""audit_opinion_window_matches"": 1, ""balance_sheet_heading_matches"": 3, ""cash_flow_heading_matches"": 0, ""name"": ""Colt Defense LLC"", ""operations_heading_matches"": 2}, ""0001512369"": {""audit_opinion_window_matches"": 0, ""balance_sheet_heading_matches"": 0, ""cash_flow_heading_matches"": 0, ""name"": ""Colt Finance Corp."", ""operations_heading_matches"": 0}}",1,,coltdef-20121231.xml,0001508677,,Colt Defense LLC,1.0,274.0,1053.0,[],resolved,primary_10k_distinct_statement_sets_mapped,,,,1,one_statement_scope
0001104659-14-009852,2013,2,0001441849;0001493144,CLOUD PEAK ENERGY INC. | CLOUD PEAK ENERGY RESOURCES LLC,2,True,0001441849;0001493144,"[[""0001441849""], [""0001493144""]]",,"{""0001441849"": {""audit_opinion_window_matches"": 1, ""balance_sheet_heading_matches"": 8, ""cash_flow_heading_matches"": 5, ""name"": ""CLOUD PEAK ENERGY INC."", ""operations_heading_matches"": 6}, ""0001493144"": {""audit_opinion_window_matches"": 1, ""balance_sheet_heading_matches"": 7, ""cash_flow_heading_matches"": 4, ""name"": ""Cloud Peak Energy Resources LLC"", ""operations_heading_matches"": 5}}",2,,cld-20131231.xml,0001441849,,CLOUD PEAK ENERGY INC.,1.0,307.0,2094.0,[],resolved,primary_10k_distinct_statement_sets_mapped,,,,2,multiple_distinct_statement_scopes
0001104659-14-021357,2013,1,0001508677,COLT DEFENSE LLC,2,True,0001508677,"[[""0001508677""]]",,"{""0001508677"": {""audit_opinion_window_matches"": 1, ""balance_sheet_heading_matches"": 3, ""cash_flow_heading_matches"": 0, ""name"": ""Colt Defense LLC"", ""operations_heading_matches"": 3}, ""0001512369"": {""audit_opinion_window_matches"": 0, ""balance_sheet_heading_matches"": 0, ""cash_flow_heading_matches"": 0, ""name"": ""Colt Finance Corp."", ""operations_heading_matches"": 0}}",1,,coltdef-20131231.xml,0001508677,,Colt Defense LLC,1.0,333.0,1492.0,[],resolved,primary_10k_distinct_statement_sets_mapped,,,,1,one_statement_scope
0001104659-20-034248,2019,2,0001465264;0001573097,"HD SUPPLY HOLDINGS, INC. | HD SUPPLY, INC.",2,True,0001465264;0001573097,"[[""0001465264""], [""0001573097""]]",,"{""0001465264"": {""audit_opinion_window_matches"": 1, ""balance_sheet_heading_matches"": 5, ""cash_flow_heading_matches"": 2, ""name"": ""HD SUPPLY, INC."", ""operations_heading_matches"": 7}, ""0001573097"": {""audit_opinion_window_matches"": 1, ""balance_sheet_heading_matches"": 6, ""cash_flow_heading_matches"": 2, ""name"": ""HD Supply Holdings, Inc."", ""operations_heading_matches"": 6}}",4,,hds-20200202x10k0adf2a.htm,0001573097,,"HD SUPPLY HOLDINGS, INC.;HD SUPPLY, INC.",1.0,353.0,1687.0,[],resolved,primary_10k_distinct_statement_sets_mapped,,,,2,multiple_distinct_statement_scopes
0001136352-16-000018,2015,1,0001136352,CRESTWOOD EQUITY PARTNERS LP,2,True,0001136352;0001304464,"[[""0001136352""], [""0001136352"", ""0001304464""], [""0001304464""]]",,"{""0001136352"": {""audit_opinion_window_matches"": 3, ""balance_sheet_heading_matches"": 6, ""cash_flow_heading_matches"": 3, ""name"": ""Crestwood Equity Partners LP"", ""operations_heading_matches"": 7}, ""0001304464"": {""audit_opinion_window_matches"": 2, ""balance_sheet_heading_matches"": 4, ""cash_flow_heading_matches"": 5, ""name"": ""Crestwood Midstream Partners LP"", ""operations_heading_matches"": 6}}",4,,ceqp-20151231.xml,0001136352,,Crestwood Equity Partners LP;Crestwood Midstream Partners LP,1.0,653.0,3201.0,[],resolved,primary_10k_distinct_statement_sets_mapped,,,,2,multiple_distinct_statement_scopes
0001136352-17-000003,2016,1,0001136352,CRESTWOOD EQUITY PARTNERS LP,2,True,0001136352;0001304464,"[[""0001136352""], [""0001304464""]]",,"{""0001136352"": {""audit_opinion_window_matches"": 2, ""balance_sheet_heading_matches"": 4, ""cash_flow_heading_matches"": 3, ""name"": ""Crestwood Equity Partners LP"", ""operations_heading_matches"": 8}, ""0001304464"": {""audit_opinion_window_matches"": 2, ""balance_sheet_heading_matches"": 4, ""cash_flow_heading_matches"": 5, ""name"": ""Crestwood Midstream Partners LP"", ""operations_heading_matches"": 6}}",4,,ceqp-20161231.xml,0001136352,,Crestwood Equity Partners LP;Crestwood Midstream Partners LP,1.0,601.0,2952.0,[],resolved,primary_10k_distinct_statement_sets_mapped,,,,2,multiple_distinct_statement_scopes
0001136352-18-000004,2017,1,0001136352,CRESTWOOD EQUITY PARTNERS LP,2,True,0001136352;0001304464,"[[""0001136352""]]",0001304464,"{""0001136352"": {""audit_opinion_window_matches"": 2, ""balance_sheet_heading_matches"": 4, ""cash_flow_heading_matches"": 3, ""name"": ""Crestwood Equity Partners LP"", ""operations_heading_matches"": 7}, ""0001304464"": {""audit_opinion_window_matches"": 0, ""balance_sheet_heading_matches"": 4, ""cash_flow_heading_matches"": 5, ""name"": ""Crestwood Midstream Partners LP"", ""operations_heading_matches"": 5}}",4,,ceqp-20171231.xml,0001136352,,Crestwood Equity Partners LP;Crestwood Midstream Partners LP,1.0,588.0,3036.0,[],resolved,primary_10k_distinct_statement_sets_mapped,,,,2,multiple_distinct_statement_scopes
0001136352-19-000003,2018,1,0001136352,CRESTWOOD EQUITY PARTNERS LP,2,True,0001136352;0001304464,"[[""0001136352""]]",0001304464,"{""0001136352"": {""audit_opinion_window_matches"": 2, ""balance_sheet_heading_matches"": 3, ""cash_flow_heading_matches"": 3, ""name"": ""Crestwood Equity Partners LP"", ""operations_heading_matches"": 7}, ""0001304464"": {""audit_opinion_window_matches"": 0, ""balance_sheet_heading_matches"": 4, ""cash_flow_heading_matches"": 5, ""name"": ""Crestwood Midstream Partners LP"", ""operations_heading_matches"": 5}}",4,,ceqp-20181231.xml,0001136352,,Crestwood Equity Partners LP;Crestwood Midstream Partners LP,1.0,694.0,3109.0,[],resolved,primary_10k_distinct_statement_sets_mapped,,,,2,multiple_distinct_statement_scopes
0001136352-20-000003,2019,1,0001136352,CRESTWOOD EQUITY PARTNERS LP,2,True,0001136352;0001304464,"[[""0001136352""]]",0001304464,"{""0001136352"": {""audit_opinion_window_matches"": 2, ""balance_sheet_heading_matches"": 3, ""cash_flow_heading_matches"": 3, ""name"": ""Crestwood Equity Partners LP"", ""operations_heading_matches"": 7}, ""0001304464"": {""audit_opinion_window_matches"": 0, ""balance_sheet_heading_matches"": 4, ""cash_flow_heading_matches"": 5, ""name"": ""Crestwood Midstream Partners LP"", ""operations_heading_matches"": 5}}",4,,crestwood-10k2019.htm,0001136352,,Crestwood Equity Partners LP;Crestwood Midstream Partners LP,1.0,784.0,3518.0,[],resolved,primary_10k_distinct_statement_sets_mapped,,,,2,multiple_distinct_statement_scopes
0001140361-12-011496,2011,2,0000784681;0001053112,CABLEVISION SYSTEMS CORP /NY | CSC HOLDINGS LLC,2,True,0000784681;0001053112,"[[""0000784681""], [""0000784681"", ""0001053112""], [""0001053112""]]",,"{""0000784681"": {""audit_opinion_window_matches"": 4, ""balance_sheet_heading_matches"": 6, ""cash_flow_heading_matches"": 3, ""name"": ""CSC HOLDINGS LLC"", ""operations_heading_matches"": 8}, ""0001053112"": {""audit_opinion_window_matches"": 4, ""balance_sheet_heading_matches"": 9, ""cash_flow_heading_matches"": 6, ""name"": ""CABLEVISION SYSTEMS CORP /NY"", ""operations_heading_matches"": 13}}",6,,cvc-20111231.xml,0001053112,,CABLEVISION SYSTEMS CORP /NY;CSC HOLDINGS LLC,1.0,686.0,3897.0,[],resolved,primary_10k_distinct_statement_sets_mapped,,,,2,multiple_distinct_statement_scopes
0001140361-12-018364,2011,1,0001390804,YCC HOLDINGS LLC,2,True,0001390804;0001394069,"[[""0001390804""], [""0001390804"", ""0001394069""], [""0001394069""]]",,"{""0001390804"": {""audit_opinion_window_matches"": 3, ""balance_sheet_heading_matches"": 3, ""cash_flow_heading_matches"": 3, ""name"": ""YCC Holdings LLC"", ""operations_heading_matches"": 5}, ""0001394069"": {""audit_opinion_window_matches"": 2, ""balance_sheet_heading_matches"": 4, ""cash_flow_heading_matches"": 4, ""name"": ""Yankee Holding Corp."", ""operations_heading_matches"": 8}}",4,,ycc-20111231.xml,0001390804,,YCC Holdings LLC;Yankee Holding Corp.,1.0,108.0,812.0,[],resolved,primary_10k_distinct_statement_sets_mapped,,,,2,multiple_distinct_statement_scopes
0001140361-13-009832,2012,2,0000784681;0001053112,CABLEVISION SYSTEMS CORP /NY | CSC HOLDINGS LLC,2,True,0000784681;0001053112,"[[""0000784681""], [""0000784681"", ""0001053112""], [""0001053112""]]",,"{""0000784681"": {""audit_opinion_window_matches"": 4, ""balance_sheet_heading_matches"": 6, ""cash_flow_heading_matches"": 3, ""name"": ""CSC HOLDINGS LLC"", ""operations_heading_matches"": 7}, ""0001053112"": {""audit_opinion_window_matches"": 3, ""balance_sheet_heading_matches"": 8, ""cash_flow_heading_matches"": 5, ""name"": ""CABLEVISION SYSTEMS CORP /NY"", ""operations_heading_matches"": 12}}",6,,cvc-20121231.xml,0001053112,,CABLEVISION SYSTEMS CORP /NY;CSC HOLDINGS LLC,1.0,760.0,3810.0,[],resolved,primary_10k_distinct_statement_sets_mapped,,,,2,multiple_distinct_statement_scopes
0001140361-13-014610,2012,2,0001390804;0001394069,YCC HOLDINGS LLC | Yankee Holding Corp.,2,True,0001390804;0001394069,"[[""0001390804""], [""0001390804"", ""0001394069""], [""0001394069""]]",,"{""0001390804"": {""audit_opinion_window_matches"": 3, ""balance_sheet_heading_matches"": 3, ""cash_flow_heading_matches"": 3, ""name"": ""YCC Holdings LLC"", ""operations_heading_matches"": 6}, ""0001394069"": {""audit_opinion_window_matches"": 2, ""balance_sheet_heading_matches"": 5, ""cash_flow_heading_matches"": 4, ""name"": ""Yankee Holding Corp."", ""operations_heading_matches"": 12}}",4,,ycc-20121229.xml,0001390804,,YCC Holdings LLC;Yankee Holding Corp,1.0,372.0,3194.0,[],resolved,primary_10k_distinct_statement_sets_mapped,,,,2,multiple_distinct_statement_scopes
0001140361-14-009776,2013,2,0000784681;0001053112,CABLEVISION SYSTEMS CORP /NY | CSC HOLDINGS LLC,2,True,0000784681;0001053112,"[[""0000784681""], [""0000784681"", ""0001053112""], [""0001053112""]]",,"{""0000784681"": {""audit_opinion_window_matches"": 4, ""balance_sheet_heading_matches"": 4, ""cash_flow_heading_matches"": 2, ""name"": ""CSC HOLDINGS LLC"", ""operations_heading_matches"": 6}, ""0001053112"": {""audit_opinion_window_matches"": 4, ""balance_sheet_heading_matches"": 6, ""cash_flow_heading_matches"": 4, ""name"": ""CABLEVISION SYSTEMS CORP /NY"", ""operations_heading_matches"": 9}}",6,,cvc-20131231.xml,0001053112,,CABLEVISION SYSTEMS CORP /NY;CSC HOLDINGS LLC,1.0,726.0,3237.0,[],resolved,primary_10k_distinct_statement_sets_mapped,,,,2,multiple_distinct_statement_scopes
0001144326-11-000003,2011,2,0001144326;0001166365,APPLETON PAPERS INC/WI | PAPERWEIGHT DEVELOPMENT CORP,2,False,0001166365,"[[""0001166365""]]",,"{""0001144326"": {""audit_opinion_window_matches"": 0, ""balance_sheet_heading_matches"": 0, ""cash_flow_heading_matches"": 0, ""name"": ""APPLETON PAPERS INC/WI"", ""operations_heading_matches"": 0}, ""0001166365"": {""audit_opinion_window_matches"": 1, ""balance_sheet_heading_matches"": 4, ""cash_flow_heading_matches"": 5, ""name"": ""PAPERWEIGHT DEVELOPMENT CORP"", ""operations_heading_matches"": 5}}",1,,,,,,,,,[],resolved,manual_primary_statement_review,The audited annual suite is headed Paperweight Development Corp. and Subsidiaries. No separate Appleton Papers annual suite is presented.,,,1,one_statement_scope
0001144326-13-000002,2012,2,0001144326;0001166365,APPLETON PAPERS INC/WI | PAPERWEIGHT DEVELOPMENT CORP,2,False,0001144326;0001166365,"[[""0001144326""], [""0001166365""]]",,"{""0001144326"": {""audit_opinion_window_matches"": 1, ""balance_sheet_heading_matches"": 6, ""cash_flow_heading_matches"": 6, ""name"": ""APPLETON PAPERS INC/WI"", ""operations_heading_matches"": 1}, ""0001166365"": {""audit_opinion_window_matches"": 1, ""balance_sheet_heading_matches"": 7, ""cash_flow_heading_matches"": 6, ""name"": ""PAPERWEIGHT DEVELOPMENT CORP"", ""operations_heading_matches"": 1}}",2,,,,,,,,,[],resolved,manual_primary_statement_review,"The filing explicitly states that separate financial statements are presented for Paperweight Development Corp. and Appleton Papers, the debt issuer; both complete annual suites are included.",,,2,multiple_distinct_statement_scopes
0001157523-12-001237,2011,2,0001395864;0001421182,VERSO PAPER CORP. | Verso Paper Holdings LLC,2,True,0001395864;0001421182,"[[""0001395864""], [""0001395864"", ""0001421182""], [""0001421182""]]",,"{""0001395864"": {""audit_opinion_window_matches"": 5, ""balance_sheet_heading_matches"": 3, ""cash_flow_heading_matches"": 4, ""name"": ""Verso Paper Holdings LLC"", ""operations_heading_matches"": 4}, ""0001421182"": {""audit_opinion_window_matches"": 4, ""balance_sheet_heading_matches"": 1, ""cash_flow_heading_matches"": 1, ""name"": ""Verso Paper Corp."", ""operations_heading_matches"": 2}}",8,,vrs-20111231.xml,0001421182,,VERSO PAPER HOLDINGS LLC;Verso Paper Corp.,1.0,67.0,566.0,[],resolved,primary_10k_distinct_statement_sets_mapped,,,,2,multiple_distinct_statement_scopes
0001157523-13-001280,2012,2,0001395864;0001421182,VERSO PAPER CORP. | Verso Paper Holdings LLC,2,True,0001395864;0001421182,"[[""0001395864""], [""0001395864"", ""0001421182""], [""0001421182""]]",,"{""0001395864"": {""audit_opinion_window_matches"": 5, ""balance_sheet_heading_matches"": 3, ""cash_flow_heading_matches"": 4, ""name"": ""Verso Paper Holdings LLC"", ""operations_heading_matches"": 4}, ""0001421182"": {""audit_opinion_window_matches"": 3, ""balance_sheet_heading_matches"": 1, ""cash_flow_heading_matches"": 1, ""name"": ""Verso Paper Corp."", ""operations_heading_matches"": 2}}",8,,vrs-20121231.xml,0001421182,,VERSO PAPER CORP.;VERSO PAPER HOLDINGS LLC,1.0,427.0,1993.0,[],resolved,primary_10k_distinct_statement_sets_mapped,,,,2,multiple_distinct_statement_scopes
0001166691-18-000004,2017,2,0000902739;0001166691,"COMCAST CORP | NBCUniversal Media, LLC",2,True,0000902739;0001166691,"[[""0000902739""], [""0000902739"", ""0001166691""], [""0001166691""]]",,"{""0000902739"": {""audit_opinion_window_matches"": 3, ""balance_sheet_heading_matches"": 3, ""cash_flow_heading_matches"": 1, ""name"": ""NBCUniversal Media, LLC"", ""operations_heading_matches"": 4}, ""0001166691"": {""audit_opinion_window_matches"": 3, ""balance_sheet_heading_matches"": 6, ""cash_flow_heading_matches"": 5, ""name"": ""COMCAST CORP"", ""operations_heading_matches"": 8}}",6,,cmcsa-20171231.xml,0001166691,,"COMCAST CORP;NBCUniversal Media, LLC",1.0,673.0,3526.0,[],resolved,primary_10k_distinct_statement_sets_mapped,,,,2,multiple_distinct_statement_scopes
0001166691-19-000005,2018,2,0000902739;0001166691,"COMCAST CORP | NBCUniversal Media, LLC",2,True,0000902739;0001166691,"[[""0000902739""], [""0000902739"", ""0001166691""], [""0001166691""]]",,"{""0000902739"": {""audit_opinion_window_matches"": 3, ""balance_sheet_heading_matches"": 2, ""cash_flow_heading_matches"": 1, ""name"": ""NBCUniversal Media, LLC"", ""operations_heading_matches"": 5}, ""0001166691"": {""audit_opinion_window_matches"": 3, ""balance_sheet_heading_matches"": 6, ""cash_flow_heading_matches"": 5, ""name"": ""COMCAST CORP"", ""operations_heading_matches"": 7}}",6,,cmcsa-20181231.xml,0001166691,,"COMCAST CORP;NBCUniversal Media, LLC",1.0,823.0,3681.0,[],resolved,primary_10k_distinct_statement_sets_mapped,,,,2,multiple_distinct_statement_scopes
0001166691-20-000008,2019,2,0000902739;0001166691,"COMCAST CORP | NBCUniversal Media, LLC",2,True,0000902739;0001166691,"[[""0000902739""], [""0000902739"", ""0001166691""], [""0001166691""]]",,"{""0000902739"": {""audit_opinion_window_matches"": 3, ""balance_sheet_heading_matches"": 4, ""cash_flow_heading_matches"": 1, ""name"": ""NBCUniversal Media, LLC"", ""operations_heading_matches"": 4}, ""0001166691"": {""audit_opinion_window_matches"": 3, ""balance_sheet_heading_matches"": 5, ""cash_flow_heading_matches"": 5, ""name"": ""COMCAST CORP"", ""operations_heading_matches"": 6}}",6,,cmcsa-12312019x10k.htm,0001166691,,"COMCAST CORPORATION;NBCUNIVERSAL MEDIA, LLC",1.0,756.0,4015.0,[],resolved,primary_10k_distinct_statement_sets_mapped,,,,2,multiple_distinct_statement_scopes
0001170154-12-000007,2011,2,0001170154;0001431372,"GASTAR EXPLORATION LTD | Gastar Exploration USA, Inc.",2,True,0001170154;0001431372,"[[""0001170154""], [""0001170154"", ""0001431372""], [""0001431372""]]",,"{""0001170154"": {""audit_opinion_window_matches"": 3, ""balance_sheet_heading_matches"": 5, ""cash_flow_heading_matches"": 2, ""name"": ""GASTAR EXPLORATION LTD"", ""operations_heading_matches"": 4}, ""0001431372"": {""audit_opinion_window_matches"": 3, ""balance_sheet_heading_matches"": 3, ""cash_flow_heading_matches"": 2, ""name"": ""Gastar Exploration USA, Inc."", ""operations_heading_matches"": 3}}",4,,gst-20111231.xml,0001170154,,"Gastar Exploration Ltd;Gastar Exploration USA, Inc.",1.0,73.0,695.0,[],resolved,primary_10k_distinct_statement_sets_mapped,,,,2,multiple_distinct_statement_scopes
0001170154-13-000019,2012,2,0001170154;0001431372,"GASTAR EXPLORATION LTD | Gastar Exploration USA, Inc.",2,True,0001170154;0001431372,"[[""0001170154""], [""0001170154"", ""0001431372""], [""0001431372""]]",,"{""0001170154"": {""audit_opinion_window_matches"": 3, ""balance_sheet_heading_matches"": 4, ""cash_flow_heading_matches"": 2, ""name"": ""GASTAR EXPLORATION LTD"", ""operations_heading_matches"": 4}, ""0001431372"": {""audit_opinion_window_matches"": 3, ""balance_sheet_heading_matches"": 3, ""cash_flow_heading_matches"": 2, ""name"": ""Gastar Exploration USA, Inc."", ""operations_heading_matches"": 3}}",4,,gst-20121231.xml,0001170154,,"GASTAR EXPLORATION LTD;Gastar Exploration USA, Inc.",1.0,374.0,1854.0,[],resolved,primary_10k_distinct_statement_sets_mapped,,,,2,multiple_distinct_statement_scopes
0001193125-11-071241,2011,2,0000017927;0000809248,"CARROLS CORP | CARROLS RESTAURANT GROUP, INC.",2,False,0000017927;0000809248,"[[""0000017927""], [""0000017927"", ""0000809248""], [""0000809248""]]",,"{""0000017927"": {""audit_opinion_window_matches"": 3, ""balance_sheet_heading_matches"": 5, ""cash_flow_heading_matches"": 4, ""name"": ""CARROLS CORP"", ""operations_heading_matches"": 6}, ""0000809248"": {""audit_opinion_window_matches"": 3, ""balance_sheet_heading_matches"": 4, ""cash_flow_heading_matches"": 2, ""name"": ""CARROLS RESTAURANT GROUP, INC."", ""operations_heading_matches"": 5}}",6,,,,,,,,,"[[""0000017927"", ""0000809248""]]",resolved,manual_primary_statement_review,"Separate audit opinions and complete annual consolidated statements are presented for Carrols Corporation and Carrols Restaurant Group, Inc.",,,2,multiple_distinct_statement_scopes
0001193125-11-324609,2011,3,0000101462;0000830253;0001045539,KIANTONE PIPELINE CO | KIANTONE PIPELINE CORP | UNITED REFINING CO,13,False,0000101462,"[[""0000101462"", ""0001040270""]]",,"{""0000101462"": {""audit_opinion_window_matches"": 3, ""balance_sheet_heading_matches"": 5, ""cash_flow_heading_matches"": 4, ""name"": ""UNITED REFINING CO"", ""operations_heading_matches"": 5}, ""0000830253"": {""audit_opinion_window_matches"": 0, ""balance_sheet_heading_matches"": 0, ""cash_flow_heading_matches"": 0, ""name"": ""KIANTONE PIPELINE CORP"", ""operations_heading_matches"": 0}, ""0001040270"": {""audit_opinion_window_matches"": 3, ""balance_sheet_heading_matches"": 5, ""cash_flow_heading_matches"": 4, ""name"": ""UNITED REFINING CO /PA/"", ""operations_heading_matches"": 5}, ""0001045539"": {""audit_opinion_window_matches"": 0, ""balance_sheet_heading_matches"": 0, ""cash_flow_heading_matches"": 0, ""name"": ""KIANTONE PIPELINE CO"", ""operations_heading_matches"": 0}, ""0001045540"": {""audit_opinion_window_matches"": 0, ""balance_sheet_heading_matches"": 0, ""cash_flow_heading_matches"": 0, ""name"": ""KWIK FIL INC"", ""operations_heading_matches"": 0}, ""0001045541"": {""audit_opinion_window_matches"": 0, ""balance_sheet_heading_matches"": 0, ""cash_flow_heading_matches"": 0, ""name"": ""KWIK FILL CORP"", ""operations_heading_matches"": 0}, ""0001045542"": {""audit_opinion_window_matches"": 0, ""balance_sheet_heading_matches"": 0, ""cash_flow_heading_matches"": 0, ""name"": ""UNITED JET CENTER INC"", ""operations_heading_matches"": 0}, ""0001045543"": {""audit_opinion_window_matches"": 0, ""balance_sheet_heading_matches"": 0, ""cash_flow_heading_matches"": 0, ""name"": ""BELL OIL CORP"", ""operations_heading_matches"": 0}, ""0001045544"": {""audit_opinion_window_matches"": 0, ""balance_sheet_heading_matches"": 0, ""cash_flow_heading_matches"": 0, ""name"": ""PPC INC"", ""operations_heading_matches"": 0}, ""0001045545"": {""audit_opinion_window_matches"": 0, ""balance_sheet_heading_matches"": 0, ""cash_flow_heading_matches"": 0, ""name"": ""SUPER TEST PETROLEUM INC"", ""operations_heading_matches"": 0}, ""0001045546"": {""audit_opinion_window_matches"": 0, ""balance_sheet_heading_matches"": 0, ""cash_flow_heading_matches"": 0, ""name"": ""VULCAN ASPHALT REFINING CORP"", ""operations_heading_matches"": 0}, ""0001045547"": {""audit_opinion_window_matches"": 0, ""balance_sheet_heading_matches"": 0, ""cash_flow_heading_matches"": 0, ""name"": ""INDEPENDENT GASOLINE & OIL CO OF ROCHESTER"", ""operations_heading_matches"": 0}, ""0001171162"": {""audit_opinion_window_matches"": 0, ""balance_sheet_heading_matches"": 0, ""cash_flow_heading_matches"": 0, ""name"": ""COUNTRY FAIR INC"", ""operations_heading_matches"": 0}}",3,0000101462;0001040270,,,,,,,,"[[""0000101462"", ""0001040270""]]",resolved,manual_primary_statement_review_with_longitudinal_cik_check,One audited suite is presented for United Refining Company and subsidiaries. CIK 0000101462 is confirmed as that statement entity by the XBRL entity identifier in each 2012-2016 successor accession; the other twelve cover-page CIKs have no distinct annual statement suites.,,,1,one_statement_scope
0001193125-11-345802,2011,1,0001064090,PRETIUM PACKAGING L L C,2,False,0001064090,"[[""0001064090""]]",,"{""0001064090"": {""audit_opinion_window_matches"": 4, ""balance_sheet_heading_matches"": 3, ""cash_flow_heading_matches"": 2, ""name"": ""PRETIUM PACKAGING L L C"", ""operations_heading_matches"": 4}, ""0001523713"": {""audit_opinion_window_matches"": 0, ""balance_sheet_heading_matches"": 0, ""cash_flow_heading_matches"": 0, ""name"": ""PRETIUM FINANCE, INC."", ""operations_heading_matches"": 0}}",4,,,,,,,,,[],resolved,manual_primary_statement_review,"The audited consolidated suite is Pretium Packaging, LLC and subsidiaries. Pretium Finance, Inc. has no separate annual suite.",,,1,one_statement_scope
0001193125-11-346689,2011,1,0001487775,"BWAY PARENT COMPANY, INC.",2,True,0001487775;0001500341,"[[""0001487775""], [""0001500341""]]",,"{""0001487775"": {""audit_opinion_window_matches"": 2, ""balance_sheet_heading_matches"": 1, ""cash_flow_heading_matches"": 0, ""name"": ""BWAY PARENT COMPANY, INC."", ""operations_heading_matches"": 1}, ""0001500341"": {""audit_opinion_window_matches"": 1, ""balance_sheet_heading_matches"": 3, ""cash_flow_heading_matches"": 4, ""name"": ""BWAY INTERMEDIATE COMPANY, INC."", ""operations_heading_matches"": 5}}",6,,cik0001487775-20110930.xml,0001487775,,"BWAY INTERMEDIATE COMPANY, INC.;BWAY PARENT COMPANY, INC.",1.0,104.0,706.0,[],resolved,primary_10k_distinct_statement_sets_mapped,,,,2,multiple_distinct_statement_scopes
0001193125-12-025359,2011,2,0001406578;0001406579,"RSC Equipment Rental, Inc. | RSC HOLDINGS III, LLC",2,True,0001406578,"[[""0001406578""]]",,"{""0001406578"": {""audit_opinion_window_matches"": 2, ""balance_sheet_heading_matches"": 5, ""cash_flow_heading_matches"": 2, ""name"": ""RSC Holdings III, LLC"", ""operations_heading_matches"": 3}, ""0001406579"": {""audit_opinion_window_matches"": 0, ""balance_sheet_heading_matches"": 0, ""cash_flow_heading_matches"": 0, ""name"": ""RSC Equipment Rental, Inc."", ""operations_heading_matches"": 0}}",2,,cik0001406578-20111231.xml,0001406578,,"RSC Equipment Rental, Inc;RSC Holdings III, LLC",1.0,44.0,352.0,[],resolved,primary_10k_distinct_statement_sets_mapped,,,,1,one_statement_scope
0001193125-12-028375,2011,2,0000815097;0001125259,CARNIVAL CORP | CARNIVAL PLC,2,True,0000815097,[],,"{""0000815097"": {""audit_opinion_window_matches"": 0, ""balance_sheet_heading_matches"": 0, ""cash_flow_heading_matches"": 0, ""name"": ""CARNIVAL CORP"", ""operations_heading_matches"": 1}, ""0001125259"": {""audit_opinion_window_matches"": 0, ""balance_sheet_heading_matches"": 0, ""cash_flow_heading_matches"": 0, ""name"": ""CARNIVAL PLC"", ""operations_heading_matches"": 0}}",0,,ccl-20111130.xml,0000815097,,CARNIVAL CORP;CARNIVAL PLC,1.0,373.0,1029.0,[],resolved,manual_dual_listed_company_single_statement_scope,One Carnival Corporation & plc consolidated suite; separate registrant statements are expressly not presented.,,,1,one_statement_scope
0001193125-12-069962,2011,3,0001270400;0001322791;0001481423,VIRGIN MEDIA INC. | VIRGIN MEDIA INVESTMENT HOLDINGS LTD | Virgin Media Investments Ltd,3,True,0001270400;0001322791;0001481423,"[[""0001270400""], [""0001270400"", ""0001322791""], [""0001270400"", ""0001322791"", ""0001481423""], [""0001322791""], [""0001322791"", ""0001481423""]]",,"{""0001270400"": {""audit_opinion_window_matches"": 4, ""balance_sheet_heading_matches"": 6, ""cash_flow_heading_matches"": 5, ""name"": ""VIRGIN MEDIA INC."", ""operations_heading_matches"": 10}, ""0001322791"": {""audit_opinion_window_matches"": 4, ""balance_sheet_heading_matches"": 3, ""cash_flow_heading_matches"": 1, ""name"": ""VIRGIN MEDIA INVESTMENT HOLDINGS LTD"", ""operations_heading_matches"": 2}, ""0001481423"": {""audit_opinion_window_matches"": 2, ""balance_sheet_heading_matches"": 3, ""cash_flow_heading_matches"": 1, ""name"": ""Virgin Media Investments Ltd"", ""operations_heading_matches"": 4}}",6,,vmed-20111231.xml,0001270400,,VIRGIN MEDIA INC.;VIRGIN MEDIA INVESTMENT HOLDINGS LTD;Virgin Media Investments Ltd,1.0,757.0,5048.0,"[[""0001322791"", ""0001481423""]]",resolved,manual_three_distinct_audited_statement_scopes,"The financial-statement index and Item 8 contain separate complete annual statements for Virgin Media Inc., Virgin Media Investment Holdings Ltd and Virgin Media Investments Ltd.",virgin_media_three_separate_statement_scopes,,3,multiple_distinct_statement_scopes
0001193125-12-072499,2011,1,0001061937,HOST HOTELS & RESORTS L.P.,2,True,0001061937;0001070750,"[[""0001061937""], [""0001061937"", ""0001070750""], [""0001070750""]]",,"{""0001061937"": {""audit_opinion_window_matches"": 4, ""balance_sheet_heading_matches"": 6, ""cash_flow_heading_matches"": 5, ""name"": ""HOST HOTELS & RESORTS L.P."", ""operations_heading_matches"": 5}, ""0001070750"": {""audit_opinion_window_matches"": 4, ""balance_sheet_heading_matches"": 7, ""cash_flow_heading_matches"": 4, ""name"": ""HOST HOTELS & RESORTS, INC."", ""operations_heading_matches"": 7}}",6,,hst-20111231.xml,0001070750,,"HOST HOTELS & RESORTS, INC.;Host Hotels & Resorts L.P.",1.0,735.0,3228.0,[],resolved,primary_10k_distinct_statement_sets_mapped,,,,2,multiple_distinct_statement_scopes
0001193125-12-073010,2011,3,0000100517;0000101001;0000319687,"CONTINENTAL AIRLINES INC /DE/ | UNITED AIR LINES INC | UNITED CONTINENTAL HOLDINGS, INC.",3,True,0000100517;0000101001;0000319687,"[[""0000100517""], [""0000101001""], [""0000319687""]]",,"{""0000100517"": {""audit_opinion_window_matches"": 5, ""balance_sheet_heading_matches"": 3, ""cash_flow_heading_matches"": 0, ""name"": ""United Continental Holdings, Inc."", ""operations_heading_matches"": 0}, ""0000101001"": {""audit_opinion_window_matches"": 4, ""balance_sheet_heading_matches"": 3, ""cash_flow_heading_matches"": 0, ""name"": ""UNITED AIR LINES INC"", ""operations_heading_matches"": 0}, ""0000319687"": {""audit_opinion_window_matches"": 1, ""balance_sheet_heading_matches"": 3, ""cash_flow_heading_matches"": 0, ""name"": ""CONTINENTAL AIRLINES INC /DE/"", ""operations_heading_matches"": 0}}",15,,ual-20111231.xml,0000100517,,"Continental Airlines Inc./ DE/;United Air Lines Inc.;United Continental Holdings, Inc.",1.0,516.0,2433.0,[],resolved,primary_10k_distinct_statement_sets_mapped,,,,3,multiple_distinct_statement_scopes
0001193125-12-081940,2011,2,0000899045;0001090425,LAMAR ADVERTISING CO/NEW | LAMAR MEDIA CORP/DE,2,True,0000899045;0001090425,"[[""0000899045""], [""0001090425""]]",,"{""0000899045"": {""audit_opinion_window_matches"": 3, ""balance_sheet_heading_matches"": 3, ""cash_flow_heading_matches"": 1, ""name"": ""LAMAR MEDIA CORP/DE"", ""operations_heading_matches"": 3}, ""0001090425"": {""audit_opinion_window_matches"": 3, ""balance_sheet_heading_matches"": 4, ""cash_flow_heading_matches"": 2, ""name"": ""LAMAR ADVERTISING CO/NEW"", ""operations_heading_matches"": 4}}",6,,lamr-20111231.xml,0001090425,,LAMAR ADVERTISING CO/NEW;LAMAR MEDIA CORP/DE,1.0,257.0,1339.0,[],resolved,primary_10k_distinct_statement_sets_mapped,,,,2,multiple_distinct_statement_scopes
0001193125-12-088634,2011,2,0001039101;0001056239,L 3 COMMUNICATIONS CORP | L 3 COMMUNICATIONS HOLDINGS INC,2,True,0001056239,"[[""0001039101"", ""0001056239""]]",,"{""0001039101"": {""audit_opinion_window_matches"": 1, ""balance_sheet_heading_matches"": 1, ""cash_flow_heading_matches"": 1, ""name"": ""L 3 COMMUNICATIONS CORP"", ""operations_heading_matches"": 1}, ""0001056239"": {""audit_opinion_window_matches"": 1, ""balance_sheet_heading_matches"": 1, ""cash_flow_heading_matches"": 1, ""name"": ""L 3 COMMUNICATIONS HOLDINGS INC"", ""operations_heading_matches"": 1}}",1,,lll-20111231.xml,0001056239,,L 3 COMMUNICATIONS HOLDINGS INC,1.0,575.0,2634.0,[],resolved,primary_10k_distinct_statement_sets_mapped,,,,1,one_statement_scope
0001193125-12-094194,2011,2,0001035688;0001320414,SELECT MEDICAL CORP | SELECT MEDICAL HOLDINGS CORP,2,True,0001035688;0001320414,"[[""0001035688""], [""0001320414""]]",,"{""0001035688"": {""audit_opinion_window_matches"": 2, ""balance_sheet_heading_matches"": 5, ""cash_flow_heading_matches"": 4, ""name"": ""SELECT MEDICAL CORP"", ""operations_heading_matches"": 6}, ""0001320414"": {""audit_opinion_window_matches"": 2, ""balance_sheet_heading_matches"": 3, ""cash_flow_heading_matches"": 4, ""name"": ""SELECT MEDICAL HOLDINGS CORP"", ""operations_heading_matches"": 7}}",4,,sem-20111231.xml,0001320414,,SELECT MEDICAL HOLDINGS CORP,1.0,95.0,698.0,[],resolved,primary_10k_distinct_statement_sets_mapped,,,,2,multiple_distinct_statement_scopes
0001193125-12-101286,2011,2,0001345122;0001345126,COMPASS DIVERSIFIED HOLDINGS | Compass Group Diversified Holdings LLC,2,True,0001345126,"[[""0001345126""]]",,"{""0001345122"": {""audit_opinion_window_matches"": 0, ""balance_sheet_heading_matches"": 0, ""cash_flow_heading_matches"": 0, ""name"": ""Compass Group Diversified Holdings LLC"", ""operations_heading_matches"": 0}, ""0001345126"": {""audit_opinion_window_matches"": 2, ""balance_sheet_heading_matches"": 2, ""cash_flow_heading_matches"": 1, ""name"": ""Compass Diversified Holdings"", ""operations_heading_matches"": 3}}",2,,codi-20111231.xml,0001345126,,Compass Diversified Holdings,1.0,55.0,420.0,[],resolved,primary_10k_distinct_statement_sets_mapped,,,,1,one_statement_scope
0001193125-12-107168,2011,2,0001452217;0001517687,TPC GROUP INC. | TPC Group LLC,2,True,0001452217;0001517687,"[[""0001452217""], [""0001452217"", ""0001517687""]]",,"{""0001452217"": {""audit_opinion_window_matches"": 4, ""balance_sheet_heading_matches"": 4, ""cash_flow_heading_matches"": 3, ""name"": ""TPC Group Inc."", ""operations_heading_matches"": 5}, ""0001517687"": {""audit_opinion_window_matches"": 2, ""balance_sheet_heading_matches"": 4, ""cash_flow_heading_matches"": 3, ""name"": ""TPC Group LLC"", ""operations_heading_matches"": 4}}",4,,tpcg-20111231.xml,0001452217,,TPC Group Inc.;TPC Group LLC,1.0,78.0,777.0,[],resolved,manual_two_distinct_audited_statement_scopes,Separate audit opinions and complete annual consolidated statements are presented for TPC Group Inc. and TPC Group LLC.,tpc_two_separate_statement_scopes,,2,multiple_distinct_statement_scopes
0001193125-12-119924,2011,3,0000789388;0001337272;0001337274,SUNGARD CAPITAL CORP | SUNGARD CAPITAL CORP II | SUNGARD DATA SYSTEMS INC,3,True,0000789388;0001337272;0001337274,"[[""0000789388""], [""0000789388"", ""0001337272""], [""0001337272"", ""0001337274""]]",,"{""0000789388"": {""audit_opinion_window_matches"": 2, ""balance_sheet_heading_matches"": 5, ""cash_flow_heading_matches"": 2, ""name"": ""SUNGARD DATA SYSTEMS INC"", ""operations_heading_matches"": 5}, ""0001337272"": {""audit_opinion_window_matches"": 2, ""balance_sheet_heading_matches"": 7, ""cash_flow_heading_matches"": 4, ""name"": ""SUNGARD CAPITAL CORP"", ""operations_heading_matches"": 7}, ""0001337274"": {""audit_opinion_window_matches"": 1, ""balance_sheet_heading_matches"": 5, ""cash_flow_heading_matches"": 2, ""name"": ""SUNGARD CAPITAL CORP II"", ""operations_heading_matches"": 4}}",3,,ck0001337272-20111231.xml,0001337272,,SUNGARD CAPITAL CORP;SUNGARD CAPITAL CORP II;SUNGARD DATA SYSTEMS INC,1.0,156.0,1096.0,[],resolved,manual_three_distinct_audited_statement_scopes,"Item 8 separately indexes and presents audited annual balance sheets, comprehensive-income, equity and cash-flow statements for SunGard Capital Corp., SunGard Capital Corp. II and SunGard Data Systems Inc.",sungard_three_separate_statement_scopes,,3,multiple_distinct_statement_scopes
0001193125-12-125924,2011,2,0001064116;0001064117,MEDIACOM CAPITAL CORP | MEDIACOM LLC,2,True,0001064116,"[[""0001064116""]]",,"{""0001064116"": {""audit_opinion_window_matches"": 2, ""balance_sheet_heading_matches"": 3, ""cash_flow_heading_matches"": 1, ""name"": ""MEDIACOM LLC"", ""operations_heading_matches"": 2}, ""0001064117"": {""audit_opinion_window_matches"": 0, ""balance_sheet_heading_matches"": 1, ""cash_flow_heading_matches"": 0, ""name"": ""MEDIACOM CAPITAL CORP"", ""operations_heading_matches"": 0}}",2,,mcccl-20111231.xml,0001064116,,MEDIACOM LLC,1.0,21.0,215.0,[],resolved,primary_10k_distinct_statement_sets_mapped,,,,1,one_statement_scope
0001193125-12-125930,2011,2,0001161364;0001161366,MEDIACOM BROADBAND CORP | MEDIACOM BROADBAND LLC,2,True,0001161364,"[[""0001161364""]]",,"{""0001161364"": {""audit_opinion_window_matches"": 2, ""balance_sheet_heading_matches"": 3, ""cash_flow_heading_matches"": 1, ""name"": ""MEDIACOM BROADBAND LLC"", ""operations_heading_matches"": 1}, ""0001161366"": {""audit_opinion_window_matches"": 0, ""balance_sheet_heading_matches"": 1, ""cash_flow_heading_matches"": 0, ""name"": ""MEDIACOM BROADBAND CORP"", ""operations_heading_matches"": 0}}",2,,mcccb-20111231.xml,0001161364,,MEDIACOM BROADBAND LLC,1.0,21.0,226.0,[],resolved,primary_10k_distinct_statement_sets_mapped,,,,1,one_statement_scope
0001193125-12-128485,2011,2,0001140184;0001364652,"IPAYMENT, INC. | iPayment Holdings, Inc",2,True,0001140184;0001364652,"[[""0001140184""], [""0001140184"", ""0001364652""], [""0001364652""]]",,"{""0001140184"": {""audit_opinion_window_matches"": 3, ""balance_sheet_heading_matches"": 2, ""cash_flow_heading_matches"": 1, ""name"": ""iPayment, Inc."", ""operations_heading_matches"": 3}, ""0001364652"": {""audit_opinion_window_matches"": 2, ""balance_sheet_heading_matches"": 1, ""cash_flow_heading_matches"": 1, ""name"": ""iPayment Holdings, Inc"", ""operations_heading_matches"": 2}}",4,,cik0001140184-20111231.xml,0001140184,,"iPayment, Inc.",1.0,88.0,568.0,[],resolved,primary_10k_distinct_statement_sets_mapped,,,,2,multiple_distinct_statement_scopes
0001193125-12-133697,2011,2,0000353394;0001336920,"SAIC, INC. | SCIENCE APPLICATIONS INTERNATIONAL CORP",2,True,0000353394;0001336920,"[[""0000353394"", ""0001336920""], [""0001336920""]]",,"{""0000353394"": {""audit_opinion_window_matches"": 3, ""balance_sheet_heading_matches"": 3, ""cash_flow_heading_matches"": 1, ""name"": ""SCIENCE APPLICATIONS INTERNATIONAL CORP"", ""operations_heading_matches"": 5}, ""0001336920"": {""audit_opinion_window_matches"": 4, ""balance_sheet_heading_matches"": 3, ""cash_flow_heading_matches"": 2, ""name"": ""SAIC, Inc."", ""operations_heading_matches"": 6}}",4,,sai-20120131.xml,0001336920,,"SAIC, Inc.;SCIENCE APPLICATIONS INTERNATIONAL CORP",1.0,285.0,1619.0,[],resolved,manual_two_distinct_audited_statement_scopes,Separate audit opinions and complete annual consolidated statements are presented for the parent and operating registrant under the historical SAIC and later Leidos names.,saic_leidos_two_separate_statement_scopes,,2,multiple_distinct_statement_scopes
0001193125-12-142238,2011,2,0001012704;0001493927,DRIVETIME AUTOMOTIVE GROUP INC | DT Acceptance Corp,2,True,0001012704,"[[""0001012704""]]",,"{""0001012704"": {""audit_opinion_window_matches"": 2, ""balance_sheet_heading_matches"": 4, ""cash_flow_heading_matches"": 5, ""name"": ""DRIVETIME AUTOMOTIVE GROUP INC"", ""operations_heading_matches"": 5}, ""0001493927"": {""audit_opinion_window_matches"": 0, ""balance_sheet_heading_matches"": 0, ""cash_flow_heading_matches"": 0, ""name"": ""DT Acceptance Corp"", ""operations_heading_matches"": 0}}",2,,cik0001012704-20111231.xml,0001012704,,DRIVETIME AUTOMOTIVE GROUP INC,1.0,37.0,319.0,[],resolved,primary_10k_distinct_statement_sets_mapped,,,,1,one_statement_scope
0001193125-12-144077,2011,2,0001053439;0001323274,"STANADYNE CORP | Stanadyne Holdings, Inc.",2,False,0001053439;0001323274,"[[""0001053439""], [""0001323274""]]",,"{""0001053439"": {""audit_opinion_window_matches"": 1, ""balance_sheet_heading_matches"": 3, ""cash_flow_heading_matches"": 2, ""name"": ""STANADYNE CORP"", ""operations_heading_matches"": 5}, ""0001323274"": {""audit_opinion_window_matches"": 1, ""balance_sheet_heading_matches"": 5, ""cash_flow_heading_matches"": 2, ""name"": ""Stanadyne Holdings, Inc."", ""operations_heading_matches"": 5}}",2,,,,,,,,,[],resolved,manual_primary_statement_review,"Item 8 indexes and presents separate audit opinions and complete annual statement suites for Stanadyne Corporation and Stanadyne Holdings, Inc.",,,2,multiple_distinct_statement_scopes
0001193125-12-162736,2011,1,0001396426,HAWKER BEECHCRAFT ACQUISITION CO LLC,2,True,0001396426,"[[""0001396426""]]",,"{""0001396426"": {""audit_opinion_window_matches"": 1, ""balance_sheet_heading_matches"": 5, ""cash_flow_heading_matches"": 4, ""name"": ""HAWKER BEECHCRAFT ACQUISITION CO LLC"", ""operations_heading_matches"": 5}, ""0001396427"": {""audit_opinion_window_matches"": 0, ""balance_sheet_heading_matches"": 0, ""cash_flow_heading_matches"": 0, ""name"": ""HAWKER BEECHCRAFT NOTES CO"", ""operations_heading_matches"": 0}}",1,,hbac-20111231.xml,0001396426,,HAWKER BEECHCRAFT ACQUISITION CO LLC,1.0,47.0,368.0,[],resolved,primary_10k_distinct_statement_sets_mapped,,,,1,one_statement_scope
0001193125-12-362132,2012,2,0000351346;0001402366,"BIOMET INC | LVB Acquisition, Inc.",2,True,0000351346;0001402366,"[[""0000351346""], [""0000351346"", ""0001402366""], [""0001402366""]]",,"{""0000351346"": {""audit_opinion_window_matches"": 3, ""balance_sheet_heading_matches"": 5, ""cash_flow_heading_matches"": 2, ""name"": ""BIOMET INC"", ""operations_heading_matches"": 5}, ""0001402366"": {""audit_opinion_window_matches"": 4, ""balance_sheet_heading_matches"": 4, ""cash_flow_heading_matches"": 2, ""name"": ""LVB Acquisition, Inc."", ""operations_heading_matches"": 4}}",6,,bmet-20120531.xml,0000351346,,"BIOMET INC;LVB Acquisition, Inc.",1.0,71.0,632.0,[],resolved,primary_10k_distinct_statement_sets_mapped,,,,2,multiple_distinct_statement_scopes
0001193125-12-475519,2012,3,0000101462;0000830253;0001045539,KIANTONE PIPELINE CO | KIANTONE PIPELINE CORP | UNITED REFINING CO,13,True,0000101462,"[[""0000101462"", ""0001040270""]]",,"{""0000101462"": {""audit_opinion_window_matches"": 3, ""balance_sheet_heading_matches"": 7, ""cash_flow_heading_matches"": 4, ""name"": ""UNITED REFINING CO"", ""operations_heading_matches"": 6}, ""0000830253"": {""audit_opinion_window_matches"": 0, ""balance_sheet_heading_matches"": 0, ""cash_flow_heading_matches"": 0, ""name"": ""KIANTONE PIPELINE CORP"", ""operations_heading_matches"": 0}, ""0001040270"": {""audit_opinion_window_matches"": 3, ""balance_sheet_heading_matches"": 7, ""cash_flow_heading_matches"": 4, ""name"": ""UNITED REFINING CO /PA/"", ""operations_heading_matches"": 6}, ""0001045539"": {""audit_opinion_window_matches"": 0, ""balance_sheet_heading_matches"": 0, ""cash_flow_heading_matches"": 0, ""name"": ""KIANTONE PIPELINE CO"", ""operations_heading_matches"": 0}, ""0001045540"": {""audit_opinion_window_matches"": 0, ""balance_sheet_heading_matches"": 0, ""cash_flow_heading_matches"": 0, ""name"": ""KWIK FIL INC"", ""operations_heading_matches"": 0}, ""0001045541"": {""audit_opinion_window_matches"": 0, ""balance_sheet_heading_matches"": 0, ""cash_flow_heading_matches"": 0, ""name"": ""KWIK FILL CORP"", ""operations_heading_matches"": 0}, ""0001045542"": {""audit_opinion_window_matches"": 0, ""balance_sheet_heading_matches"": 0, ""cash_flow_heading_matches"": 0, ""name"": ""UNITED JET CENTER INC"", ""operations_heading_matches"": 0}, ""0001045543"": {""audit_opinion_window_matches"": 0, ""balance_sheet_heading_matches"": 0, ""cash_flow_heading_matches"": 0, ""name"": ""BELL OIL CORP"", ""operations_heading_matches"": 0}, ""0001045544"": {""audit_opinion_window_matches"": 0, ""balance_sheet_heading_matches"": 0, ""cash_flow_heading_matches"": 0, ""name"": ""PPC INC"", ""operations_heading_matches"": 0}, ""0001045545"": {""audit_opinion_window_matches"": 0, ""balance_sheet_heading_matches"": 0, ""cash_flow_heading_matches"": 0, ""name"": ""SUPER TEST PETROLEUM INC"", ""operations_heading_matches"": 0}, ""0001045546"": {""audit_opinion_window_matches"": 0, ""balance_sheet_heading_matches"": 0, ""cash_flow_heading_matches"": 0, ""name"": ""VULCAN ASPHALT REFINING CORP"", ""operations_heading_matches"": 0}, ""0001045547"": {""audit_opinion_window_matches"": 0, ""balance_sheet_heading_matches"": 0, ""cash_flow_heading_matches"": 0, ""name"": ""INDEPENDENT GASOLINE & OIL CO OF ROCHESTER"", ""operations_heading_matches"": 0}, ""0001171162"": {""audit_opinion_window_matches"": 0, ""balance_sheet_heading_matches"": 0, ""cash_flow_heading_matches"": 0, ""name"": ""COUNTRY FAIR INC"", ""operations_heading_matches"": 0}}",3,0000101462;0001040270,unrf-20120831.xml,0000101462,,UNITED REFINING COMPANY,1.0,204.0,1388.0,[],resolved,manual_name_collision_resolved_by_xbrl_series,XBRL entity CIK is 0000101462; one United Refining Company consolidated suite.,,,1,one_statement_scope
0001193125-13-027239,2012,2,0000815097;0001125259,CARNIVAL CORP | CARNIVAL PLC,2,True,0000815097,[],,"{""0000815097"": {""audit_opinion_window_matches"": 0, ""balance_sheet_heading_matches"": 0, ""cash_flow_heading_matches"": 0, ""name"": ""CARNIVAL CORP"", ""operations_heading_matches"": 1}, ""0001125259"": {""audit_opinion_window_matches"": 0, ""balance_sheet_heading_matches"": 0, ""cash_flow_heading_matches"": 0, ""name"": ""CARNIVAL PLC"", ""operations_heading_matches"": 0}}",0,,ccl-20121130.xml,0000815097,,CARNIVAL CORP;CARNIVAL PLC,1.0,412.0,1126.0,[],resolved,manual_dual_listed_company_single_statement_scope,One Carnival Corporation & plc consolidated suite; stable XBRL statement CIK 0000815097.,,,1,one_statement_scope
0001193125-13-067179,2012,2,0000701345;0000714560,US AIRWAYS GROUP INC | US AIRWAYS INC,2,True,0000701345;0000714560,"[[""0000701345""], [""0000714560""]]",,"{""0000701345"": {""audit_opinion_window_matches"": 2, ""balance_sheet_heading_matches"": 2, ""cash_flow_heading_matches"": 1, ""name"": ""US AIRWAYS GROUP INC"", ""operations_heading_matches"": 5}, ""0000714560"": {""audit_opinion_window_matches"": 2, ""balance_sheet_heading_matches"": 2, ""cash_flow_heading_matches"": 1, ""name"": ""US AIRWAYS INC"", ""operations_heading_matches"": 5}}",4,,lcc-20121231.xml,0000701345,,US AIRWAYS GROUP INC;US AIRWAYS INC,1.0,422.0,2364.0,[],resolved,primary_10k_distinct_statement_sets_mapped,,,,2,multiple_distinct_statement_scopes
0001193125-13-073292,2012,1,0001061937,HOST HOTELS & RESORTS L.P.,2,True,0001061937;0001070750,"[[""0001061937""], [""0001061937"", ""0001070750""], [""0001070750""]]",,"{""0001061937"": {""audit_opinion_window_matches"": 4, ""balance_sheet_heading_matches"": 9, ""cash_flow_heading_matches"": 4, ""name"": ""HOST HOTELS & RESORTS L.P."", ""operations_heading_matches"": 7}, ""0001070750"": {""audit_opinion_window_matches"": 4, ""balance_sheet_heading_matches"": 8, ""cash_flow_heading_matches"": 4, ""name"": ""HOST HOTELS & RESORTS, INC."", ""operations_heading_matches"": 9}}",6,,hst-20121231.xml,0001070750,,"HOST HOTELS & RESORTS L.P.;HOST HOTELS & RESORTS, INC.",1.0,753.0,3114.0,[],resolved,primary_10k_distinct_statement_sets_mapped,,,,2,multiple_distinct_statement_scopes
0001193125-13-074352,2012,2,0001513514;0001552033,"TRANSUNION CORP. | TransUnion Holding Company, Inc.",2,True,0001513514;0001552033,"[[""0001513514""], [""0001552033""]]",,"{""0001513514"": {""audit_opinion_window_matches"": 3, ""balance_sheet_heading_matches"": 9, ""cash_flow_heading_matches"": 11, ""name"": ""TRANSUNION CORP."", ""operations_heading_matches"": 14}, ""0001552033"": {""audit_opinion_window_matches"": 3, ""balance_sheet_heading_matches"": 5, ""cash_flow_heading_matches"": 3, ""name"": ""TransUnion Holding Company, Inc."", ""operations_heading_matches"": 5}}",6,,tcu-20121231.xml,0001513514,,"TRANSUNION CORP.;TransUnion Holding Company, Inc.",1.0,527.0,2818.0,[],resolved,primary_10k_distinct_statement_sets_mapped,,,,2,multiple_distinct_statement_scopes
0001193125-13-074360,2012,2,0001169055;0001458891,NOBLE CORP | NOBLE CORP / SWITZERLAND,2,True,0001169055;0001458891,"[[""0001169055"", ""0001458891""]]",,"{""0001169055"": {""audit_opinion_window_matches"": 2, ""balance_sheet_heading_matches"": 9, ""cash_flow_heading_matches"": 7, ""name"": ""NOBLE CORP"", ""operations_heading_matches"": 13}, ""0001458891"": {""audit_opinion_window_matches"": 2, ""balance_sheet_heading_matches"": 9, ""cash_flow_heading_matches"": 7, ""name"": ""Noble Corp / Switzerland"", ""operations_heading_matches"": 13}}",2,0001169055;0001458891,ne-20121231.xml,0001458891,,Noble Corp / Switzerland,1.0,593.0,3339.0,[],resolved,manual_name_collision_two_distinct_statement_scopes,"Two audit opinions and two complete annual suites are presented, one for each Noble CIK.",,,2,multiple_distinct_statement_scopes
0001193125-13-074391,2012,3,0000100517;0000101001;0000319687,"CONTINENTAL AIRLINES, INC. | UNITED AIR LINES, INC. | UNITED CONTINENTAL HOLDINGS, INC.",3,True,0000100517;0000101001;0000319687,"[[""0000100517""], [""0000101001""], [""0000319687""]]",,"{""0000100517"": {""audit_opinion_window_matches"": 2, ""balance_sheet_heading_matches"": 3, ""cash_flow_heading_matches"": 0, ""name"": ""United Continental Holdings, Inc."", ""operations_heading_matches"": 0}, ""0000101001"": {""audit_opinion_window_matches"": 1, ""balance_sheet_heading_matches"": 3, ""cash_flow_heading_matches"": 0, ""name"": ""UNITED AIR LINES, INC."", ""operations_heading_matches"": 0}, ""0000319687"": {""audit_opinion_window_matches"": 1, ""balance_sheet_heading_matches"": 3, ""cash_flow_heading_matches"": 0, ""name"": ""CONTINENTAL AIRLINES, INC."", ""operations_heading_matches"": 0}}",9,,ual-20121231.xml,0000100517,,"Continental Airlines, Inc.;United Air Lines, Inc.;United Continental Holdings, Inc.",1.0,1181.0,3871.0,[],resolved,primary_10k_distinct_statement_sets_mapped,,,,3,multiple_distinct_statement_scopes
0001193125-13-078988,2012,2,0001039101;0001056239,L 3 COMMUNICATIONS CORP | L 3 COMMUNICATIONS HOLDINGS INC,2,True,0001056239,"[[""0001039101"", ""0001056239""]]",,"{""0001039101"": {""audit_opinion_window_matches"": 1, ""balance_sheet_heading_matches"": 2, ""cash_flow_heading_matches"": 1, ""name"": ""L 3 COMMUNICATIONS CORP"", ""operations_heading_matches"": 2}, ""0001056239"": {""audit_opinion_window_matches"": 1, ""balance_sheet_heading_matches"": 1, ""cash_flow_heading_matches"": 1, ""name"": ""L 3 COMMUNICATIONS HOLDINGS INC"", ""operations_heading_matches"": 2}}",1,,lll-20121231.xml,0001056239,,L 3 COMMUNICATIONS HOLDINGS INC,1.0,598.0,2978.0,[],resolved,primary_10k_distinct_statement_sets_mapped,,,,1,one_statement_scope
0001193125-13-084458,2012,2,0000899045;0001090425,LAMAR ADVERTISING CO/NEW | LAMAR MEDIA CORP/DE,2,True,0000899045;0001090425,"[[""0000899045""], [""0001090425""]]",,"{""0000899045"": {""audit_opinion_window_matches"": 3, ""balance_sheet_heading_matches"": 3, ""cash_flow_heading_matches"": 1, ""name"": ""LAMAR MEDIA CORP/DE"", ""operations_heading_matches"": 3}, ""0001090425"": {""audit_opinion_window_matches"": 3, ""balance_sheet_heading_matches"": 3, ""cash_flow_heading_matches"": 2, ""name"": ""LAMAR ADVERTISING CO/NEW"", ""operations_heading_matches"": 4}}",6,,lamr-20121231.xml,0001090425,,LAMAR ADVERTISING CO/NEW;LAMAR MEDIA CORP/DE,1.0,350.0,1629.0,[],resolved,primary_10k_distinct_statement_sets_mapped,,,,2,multiple_distinct_statement_scopes
0001193125-13-093853,2012,2,0001345122;0001345126,COMPASS DIVERSIFIED HOLDINGS | Compass Group Diversified Holdings LLC,2,True,0001345126,"[[""0001345126""]]",,"{""0001345122"": {""audit_opinion_window_matches"": 0, ""balance_sheet_heading_matches"": 0, ""cash_flow_heading_matches"": 0, ""name"": ""Compass Group Diversified Holdings LLC"", ""operations_heading_matches"": 0}, ""0001345126"": {""audit_opinion_window_matches"": 3, ""balance_sheet_heading_matches"": 2, ""cash_flow_heading_matches"": 1, ""name"": ""Compass Diversified Holdings"", ""operations_heading_matches"": 3}}",3,,codi-20121231.xml,0001345126,,Compass Diversified Holdings,1.0,425.0,1625.0,[],resolved,primary_10k_distinct_statement_sets_mapped,,,,1,one_statement_scope
0001193125-13-096423,2012,2,0001161364;0001161366,MEDIACOM BROADBAND CORP | MEDIACOM BROADBAND LLC,2,True,0001161364,"[[""0001161364""]]",,"{""0001161364"": {""audit_opinion_window_matches"": 2, ""balance_sheet_heading_matches"": 3, ""cash_flow_heading_matches"": 1, ""name"": ""MEDIACOM BROADBAND LLC"", ""operations_heading_matches"": 1}, ""0001161366"": {""audit_opinion_window_matches"": 0, ""balance_sheet_heading_matches"": 1, ""cash_flow_heading_matches"": 0, ""name"": ""MEDIACOM BROADBAND CORP"", ""operations_heading_matches"": 0}}",2,,mcccb-20121231.xml,0001161364,,MEDIACOM BROADBAND LLC,1.0,121.0,605.0,[],resolved,primary_10k_distinct_statement_sets_mapped,,,,1,one_statement_scope
0001193125-13-096436,2012,2,0001064116;0001064117,MEDIACOM CAPITAL CORP | MEDIACOM LLC,2,True,0001064116,"[[""0001064116""]]",,"{""0001064116"": {""audit_opinion_window_matches"": 2, ""balance_sheet_heading_matches"": 3, ""cash_flow_heading_matches"": 1, ""name"": ""MEDIACOM LLC"", ""operations_heading_matches"": 1}, ""0001064117"": {""audit_opinion_window_matches"": 0, ""balance_sheet_heading_matches"": 1, ""cash_flow_heading_matches"": 0, ""name"": ""MEDIACOM CAPITAL CORP"", ""operations_heading_matches"": 0}}",2,,mcccl-20121231.xml,0001064116,,MEDIACOM LLC,1.0,105.0,582.0,[],resolved,primary_10k_distinct_statement_sets_mapped,,,,1,one_statement_scope
0001193125-13-113356,2012,1,0001566011,PBF Holding Co LLC,2,False,0001566011,"[[""0001566011""]]",,"{""0001566011"": {""audit_opinion_window_matches"": 3, ""balance_sheet_heading_matches"": 4, ""cash_flow_heading_matches"": 1, ""name"": ""PBF Holding Co LLC"", ""operations_heading_matches"": 4}, ""0001566097"": {""audit_opinion_window_matches"": 0, ""balance_sheet_heading_matches"": 0, ""cash_flow_heading_matches"": 0, ""name"": ""PBF Finance Corp"", ""operations_heading_matches"": 0}}",3,,,,,,,,,[],resolved,manual_primary_statement_review,The primary annual suite is PBF Holding Company LLC and subsidiaries; PBF Finance Corp has no distinct annual statement suite.,,,1,one_statement_scope
0001193125-13-116111,2012,3,0000789388;0001337272;0001337274,SUNGARD CAPITAL CORP | SUNGARD CAPITAL CORP II | SUNGARD DATA SYSTEMS INC,3,True,0000789388;0001337272;0001337274,"[[""0000789388""], [""0000789388"", ""0001337272""], [""0001337272"", ""0001337274""]]",,"{""0000789388"": {""audit_opinion_window_matches"": 2, ""balance_sheet_heading_matches"": 5, ""cash_flow_heading_matches"": 2, ""name"": ""SUNGARD DATA SYSTEMS INC"", ""operations_heading_matches"": 5}, ""0001337272"": {""audit_opinion_window_matches"": 2, ""balance_sheet_heading_matches"": 7, ""cash_flow_heading_matches"": 4, ""name"": ""SUNGARD CAPITAL CORP"", ""operations_heading_matches"": 7}, ""0001337274"": {""audit_opinion_window_matches"": 1, ""balance_sheet_heading_matches"": 5, ""cash_flow_heading_matches"": 2, ""name"": ""SUNGARD CAPITAL CORP II"", ""operations_heading_matches"": 4}}",3,,ck0001337272-20121231.xml,0001337272,,SUNGARD CAPITAL CORP;SUNGARD CAPITAL CORP II;SUNGARD DATA SYSTEMS INC,1.0,658.0,3024.0,[],resolved,manual_three_distinct_audited_statement_scopes,"Item 8 separately indexes and presents audited annual balance sheets, comprehensive-income, equity and cash-flow statements for SunGard Capital Corp., SunGard Capital Corp. II and SunGard Data Systems Inc.",sungard_three_separate_statement_scopes,,3,multiple_distinct_statement_scopes
0001193125-13-127240,2012,2,0000353394;0001336920,"SAIC, INC. | SCIENCE APPLICATIONS INTERNATIONAL CORP",2,True,0000353394;0001336920,"[[""0000353394"", ""0001336920""], [""0001336920""]]",,"{""0000353394"": {""audit_opinion_window_matches"": 3, ""balance_sheet_heading_matches"": 3, ""cash_flow_heading_matches"": 1, ""name"": ""SCIENCE APPLICATIONS INTERNATIONAL CORP"", ""operations_heading_matches"": 5}, ""0001336920"": {""audit_opinion_window_matches"": 4, ""balance_sheet_heading_matches"": 4, ""cash_flow_heading_matches"": 2, ""name"": ""SAIC, Inc."", ""operations_heading_matches"": 6}}",4,,sai-20130131.xml,0001336920,,"SAIC, Inc.;SCIENCE APPLICATIONS INTERNATIONAL CORP",1.0,286.0,1603.0,[],resolved,manual_two_distinct_audited_statement_scopes,Separate audit opinions and complete annual consolidated statements are presented for the parent and operating registrant under the historical SAIC and later Leidos names.,saic_leidos_two_separate_statement_scopes,,2,multiple_distinct_statement_scopes
0001193125-13-134386,2012,2,0001053439;0001323274,"STANADYNE CORP | STANADYNE HOLDINGS, INC.",2,True,0001053439;0001323274,"[[""0001053439""], [""0001323274""]]",,"{""0001053439"": {""audit_opinion_window_matches"": 1, ""balance_sheet_heading_matches"": 4, ""cash_flow_heading_matches"": 2, ""name"": ""STANADYNE CORP"", ""operations_heading_matches"": 6}, ""0001323274"": {""audit_opinion_window_matches"": 1, ""balance_sheet_heading_matches"": 4, ""cash_flow_heading_matches"": 2, ""name"": ""Stanadyne Holdings, Inc."", ""operations_heading_matches"": 6}}",2,,ck0001323274-20121231.xml,0001323274,,"STANADYNE CORP;Stanadyne Holdings, Inc.",1.0,364.0,1794.0,[],resolved,primary_10k_distinct_statement_sets_mapped,,,,2,multiple_distinct_statement_scopes
0001193125-13-134962,2012,2,0001140184;0001364652,"IPAYMENT, INC. | iPayment Holdings, Inc",2,True,0001140184;0001364652,"[[""0001140184""], [""0001140184"", ""0001364652""], [""0001364652""]]",,"{""0001140184"": {""audit_opinion_window_matches"": 3, ""balance_sheet_heading_matches"": 3, ""cash_flow_heading_matches"": 1, ""name"": ""iPayment, Inc."", ""operations_heading_matches"": 2}, ""0001364652"": {""audit_opinion_window_matches"": 2, ""balance_sheet_heading_matches"": 2, ""cash_flow_heading_matches"": 1, ""name"": ""iPayment Holdings, Inc"", ""operations_heading_matches"": 2}}",4,,ipmt-20121231.xml,0001140184,,"iPayment Holdings, Inc.;iPayment, Inc.",1.0,328.0,1597.0,[],resolved,primary_10k_distinct_statement_sets_mapped,,,,2,multiple_distinct_statement_scopes
0001193125-13-177601,2012,2,0000718916;0001368775,"BURLINGTON COAT FACTORY INVESTMENTS HOLDINGS, INC. | BURLINGTON COAT FACTORY WAREHOUSE CORP",2,True,0001368775,"[[""0001368775""]]",,"{""0000718916"": {""audit_opinion_window_matches"": 0, ""balance_sheet_heading_matches"": 0, ""cash_flow_heading_matches"": 0, ""name"": ""BURLINGTON COAT FACTORY WAREHOUSE CORP"", ""operations_heading_matches"": 0}, ""0001368775"": {""audit_opinion_window_matches"": 3, ""balance_sheet_heading_matches"": 4, ""cash_flow_heading_matches"": 4, ""name"": ""Burlington Coat Factory Investments Holdings, Inc."", ""operations_heading_matches"": 5}}",3,,ck0001368775-20130202.xml,0001368775,,"BURLINGTON COAT FACTORY INVESTMENTS HOLDINGS, INC.",1.0,352.0,1506.0,[],resolved,primary_10k_distinct_statement_sets_mapped,,,,1,one_statement_scope
0001193125-13-454420,2013,3,0000101462;0000830253;0001045539,KIANTONE PIPELINE CO | KIANTONE PIPELINE CORP | UNITED REFINING CO,13,True,0000101462,"[[""0000101462"", ""0001040270""]]",,"{""0000101462"": {""audit_opinion_window_matches"": 3, ""balance_sheet_heading_matches"": 7, ""cash_flow_heading_matches"": 4, ""name"": ""UNITED REFINING CO"", ""operations_heading_matches"": 6}, ""0000830253"": {""audit_opinion_window_matches"": 0, ""balance_sheet_heading_matches"": 0, ""cash_flow_heading_matches"": 0, ""name"": ""KIANTONE PIPELINE CORP"", ""operations_heading_matches"": 0}, ""0001040270"": {""audit_opinion_window_matches"": 3, ""balance_sheet_heading_matches"": 7, ""cash_flow_heading_matches"": 4, ""name"": ""UNITED REFINING CO /PA/"", ""operations_heading_matches"": 6}, ""0001045539"": {""audit_opinion_window_matches"": 0, ""balance_sheet_heading_matches"": 0, ""cash_flow_heading_matches"": 0, ""name"": ""KIANTONE PIPELINE CO"", ""operations_heading_matches"": 0}, ""0001045540"": {""audit_opinion_window_matches"": 0, ""balance_sheet_heading_matches"": 0, ""cash_flow_heading_matches"": 0, ""name"": ""KWIK FIL INC"", ""operations_heading_matches"": 0}, ""0001045541"": {""audit_opinion_window_matches"": 0, ""balance_sheet_heading_matches"": 0, ""cash_flow_heading_matches"": 0, ""name"": ""KWIK FILL CORP"", ""operations_heading_matches"": 0}, ""0001045542"": {""audit_opinion_window_matches"": 0, ""balance_sheet_heading_matches"": 0, ""cash_flow_heading_matches"": 0, ""name"": ""UNITED JET CENTER INC"", ""operations_heading_matches"": 0}, ""0001045543"": {""audit_opinion_window_matches"": 0, ""balance_sheet_heading_matches"": 0, ""cash_flow_heading_matches"": 0, ""name"": ""BELL OIL CORP"", ""operations_heading_matches"": 0}, ""0001045544"": {""audit_opinion_window_matches"": 0, ""balance_sheet_heading_matches"": 0, ""cash_flow_heading_matches"": 0, ""name"": ""PPC INC"", ""operations_heading_matches"": 0}, ""0001045545"": {""audit_opinion_window_matches"": 0, ""balance_sheet_heading_matches"": 0, ""cash_flow_heading_matches"": 0, ""name"": ""SUPER TEST PETROLEUM INC"", ""operations_heading_matches"": 0}, ""0001045546"": {""audit_opinion_window_matches"": 0, ""balance_sheet_heading_matches"": 0, ""cash_flow_heading_matches"": 0, ""name"": ""VULCAN ASPHALT REFINING CORP"", ""operations_heading_matches"": 0}, ""0001045547"": {""audit_opinion_window_matches"": 0, ""balance_sheet_heading_matches"": 0, ""cash_flow_heading_matches"": 0, ""name"": ""INDEPENDENT GASOLINE & OIL CO OF ROCHESTER"", ""operations_heading_matches"": 0}, ""0001171162"": {""audit_opinion_window_matches"": 0, ""balance_sheet_heading_matches"": 0, ""cash_flow_heading_matches"": 0, ""name"": ""COUNTRY FAIR INC"", ""operations_heading_matches"": 0}}",3,0000101462;0001040270,unrf-20130831.xml,0000101462,,UNITED REFINING CO,1.0,242.0,1732.0,[],resolved,manual_name_collision_resolved_by_xbrl_series,XBRL entity CIK is 0000101462; one United Refining Company consolidated suite.,,,1,one_statement_scope
0001193125-14-025514,2013,2,0000815097;0001125259,CARNIVAL CORP | CARNIVAL PLC,2,True,0000815097,[],,"{""0000815097"": {""audit_opinion_window_matches"": 0, ""balance_sheet_heading_matches"": 0, ""cash_flow_heading_matches"": 0, ""name"": ""CARNIVAL CORP"", ""operations_heading_matches"": 1}, ""0001125259"": {""audit_opinion_window_matches"": 0, ""balance_sheet_heading_matches"": 0, ""cash_flow_heading_matches"": 0, ""name"": ""CARNIVAL PLC"", ""operations_heading_matches"": 0}}",0,,ccl-20131130.xml,0000815097,,CARNIVAL CORP;CARNIVAL PLC,1.0,438.0,1240.0,[],resolved,manual_dual_listed_company_single_statement_scope,One Carnival Corporation & plc consolidated suite; stable XBRL statement CIK 0000815097.,,,1,one_statement_scope
0001193125-14-047522,2013,2,0000902739;0001166691,"COMCAST CORP | NBCUniversal Media, LLC",2,True,0000902739;0001166691,"[[""0000902739""], [""0000902739"", ""0001166691""], [""0001166691""]]",,"{""0000902739"": {""audit_opinion_window_matches"": 4, ""balance_sheet_heading_matches"": 4, ""cash_flow_heading_matches"": 1, ""name"": ""NBCUniversal Media, LLC"", ""operations_heading_matches"": 5}, ""0001166691"": {""audit_opinion_window_matches"": 4, ""balance_sheet_heading_matches"": 6, ""cash_flow_heading_matches"": 5, ""name"": ""COMCAST CORP"", ""operations_heading_matches"": 7}}",8,,cmcsa-20131231.xml,0001166691,,"COMCAST CORP;NBCUniversal Media, LLC",1.0,731.0,3161.0,[],resolved,primary_10k_distinct_statement_sets_mapped,,,,2,multiple_distinct_statement_scopes
0001193125-14-060695,2013,2,0000100517;0000319687,"UNITED AIRLINES, INC. | UNITED CONTINENTAL HOLDINGS, INC.",2,True,0000100517;0000319687,"[[""0000100517""], [""0000319687""]]",,"{""0000100517"": {""audit_opinion_window_matches"": 2, ""balance_sheet_heading_matches"": 3, ""cash_flow_heading_matches"": 0, ""name"": ""United Continental Holdings, Inc."", ""operations_heading_matches"": 0}, ""0000319687"": {""audit_opinion_window_matches"": 1, ""balance_sheet_heading_matches"": 3, ""cash_flow_heading_matches"": 0, ""name"": ""UNITED AIRLINES, INC."", ""operations_heading_matches"": 0}}",6,,ual-20131231.xml,0000100517,,"United Airlines, Inc.;United Continental Holdings, Inc.",1.0,712.0,2334.0,[],resolved,primary_10k_distinct_statement_sets_mapped,,,,2,multiple_distinct_statement_scopes
0001193125-14-067312,2013,2,0001039101;0001056239,L 3 COMMUNICATIONS CORP | L 3 COMMUNICATIONS HOLDINGS INC,2,True,0001056239,"[[""0001039101"", ""0001056239""]]",,"{""0001039101"": {""audit_opinion_window_matches"": 1, ""balance_sheet_heading_matches"": 1, ""cash_flow_heading_matches"": 1, ""name"": ""L 3 COMMUNICATIONS CORP"", ""operations_heading_matches"": 2}, ""0001056239"": {""audit_opinion_window_matches"": 1, ""balance_sheet_heading_matches"": 1, ""cash_flow_heading_matches"": 1, ""name"": ""L 3 COMMUNICATIONS HOLDINGS INC"", ""operations_heading_matches"": 2}}",1,,lll-20131231.xml,0001056239,,L 3 COMMUNICATIONS HOLDINGS INC,1.0,689.0,2940.0,[],resolved,primary_10k_distinct_statement_sets_mapped,,,,1,one_statement_scope
0001193125-14-072774,2013,2,0000899045;0001090425,LAMAR ADVERTISING CO/NEW | LAMAR MEDIA CORP/DE,2,True,0000899045;0001090425,"[[""0000899045""], [""0001090425""]]",,"{""0000899045"": {""audit_opinion_window_matches"": 3, ""balance_sheet_heading_matches"": 3, ""cash_flow_heading_matches"": 1, ""name"": ""LAMAR MEDIA CORP/DE"", ""operations_heading_matches"": 3}, ""0001090425"": {""audit_opinion_window_matches"": 3, ""balance_sheet_heading_matches"": 3, ""cash_flow_heading_matches"": 2, ""name"": ""LAMAR ADVERTISING CO/NEW"", ""operations_heading_matches"": 4}}",6,,lamr-20131231.xml,0001090425,,LAMAR ADVERTISING CO/NEW;LAMAR MEDIA CORP/DE,1.0,367.0,1658.0,[],resolved,primary_10k_distinct_statement_sets_mapped,,,,2,multiple_distinct_statement_scopes
0001193125-14-074631,2013,2,0000701345;0000714560,US AIRWAYS GROUP INC | US AIRWAYS INC,2,True,0000701345;0000714560,"[[""0000701345""], [""0000714560""]]",,"{""0000701345"": {""audit_opinion_window_matches"": 2, ""balance_sheet_heading_matches"": 2, ""cash_flow_heading_matches"": 1, ""name"": ""US AIRWAYS GROUP INC"", ""operations_heading_matches"": 4}, ""0000714560"": {""audit_opinion_window_matches"": 2, ""balance_sheet_heading_matches"": 2, ""cash_flow_heading_matches"": 1, ""name"": ""US AIRWAYS INC"", ""operations_heading_matches"": 4}}",4,,lcc-20131231.xml,0000701345,,US AIRWAYS GROUP INC;US AIRWAYS INC,1.0,738.0,3067.0,[],resolved,primary_10k_distinct_statement_sets_mapped,,,,2,multiple_distinct_statement_scopes
0001193125-14-076924,2013,2,0001169055;0001458891,NOBLE CORP | NOBLE CORP PLC,2,True,0001169055;0001458891,"[[""0001169055""], [""0001169055"", ""0001458891""]]",,"{""0001169055"": {""audit_opinion_window_matches"": 2, ""balance_sheet_heading_matches"": 11, ""cash_flow_heading_matches"": 7, ""name"": ""NOBLE CORP"", ""operations_heading_matches"": 13}, ""0001458891"": {""audit_opinion_window_matches"": 1, ""balance_sheet_heading_matches"": 3, ""cash_flow_heading_matches"": 2, ""name"": ""Noble Corp plc"", ""operations_heading_matches"": 5}}",2,,ne-20131231.xml,0001458891,,Noble Corp plc,1.0,630.0,3290.0,[],resolved,primary_10k_distinct_statement_sets_mapped,,,,2,multiple_distinct_statement_scopes
0001193125-14-089244,2013,2,0001161364;0001161366,MEDIACOM BROADBAND CORP | MEDIACOM BROADBAND LLC,2,True,0001161364,"[[""0001161364""]]",,"{""0001161364"": {""audit_opinion_window_matches"": 2, ""balance_sheet_heading_matches"": 3, ""cash_flow_heading_matches"": 1, ""name"": ""MEDIACOM BROADBAND LLC"", ""operations_heading_matches"": 1}, ""0001161366"": {""audit_opinion_window_matches"": 0, ""balance_sheet_heading_matches"": 2, ""cash_flow_heading_matches"": 0, ""name"": ""MEDIACOM BROADBAND CORP"", ""operations_heading_matches"": 0}}",2,,mcccb-20131231.xml,0001161364,,MEDIACOM BROADBAND LLC,1.0,110.0,541.0,[],resolved,primary_10k_distinct_statement_sets_mapped,,,,1,one_statement_scope
0001193125-14-089265,2013,2,0001064116;0001064117,MEDIACOM CAPITAL CORP | MEDIACOM LLC,2,True,0001064116,"[[""0001064116""]]",,"{""0001064116"": {""audit_opinion_window_matches"": 2, ""balance_sheet_heading_matches"": 3, ""cash_flow_heading_matches"": 1, ""name"": ""MEDIACOM LLC"", ""operations_heading_matches"": 1}, ""0001064117"": {""audit_opinion_window_matches"": 0, ""balance_sheet_heading_matches"": 1, ""cash_flow_heading_matches"": 0, ""name"": ""MEDIACOM CAPITAL CORP"", ""operations_heading_matches"": 0}}",2,,mcccl-20131231.xml,0001064116,,MEDIACOM LLC,1.0,119.0,530.0,[],resolved,primary_10k_distinct_statement_sets_mapped,,,,1,one_statement_scope
0001193125-14-093901,2013,2,0001345122;0001345126,COMPASS DIVERSIFIED HOLDINGS | Compass Group Diversified Holdings LLC,2,True,0001345126,"[[""0001345126""]]",,"{""0001345122"": {""audit_opinion_window_matches"": 0, ""balance_sheet_heading_matches"": 0, ""cash_flow_heading_matches"": 0, ""name"": ""Compass Group Diversified Holdings LLC"", ""operations_heading_matches"": 0}, ""0001345126"": {""audit_opinion_window_matches"": 3, ""balance_sheet_heading_matches"": 2, ""cash_flow_heading_matches"": 1, ""name"": ""Compass Diversified Holdings"", ""operations_heading_matches"": 3}}",3,,codi-20131231.xml,0001345126,,Compass Diversified Holdings,1.0,489.0,1580.0,[],resolved,primary_10k_distinct_statement_sets_mapped,,,,1,one_statement_scope
0001193125-14-099457,2013,2,0001587231;0001587413,"Trinseo Materials Finance, Inc. | Trinseo Materials Operating S.C. A.",2,False,,[],,"{""0001587231"": {""audit_opinion_window_matches"": 0, ""balance_sheet_heading_matches"": 0, ""cash_flow_heading_matches"": 0, ""name"": ""Trinseo Materials Finance, Inc."", ""operations_heading_matches"": 0}, ""0001587413"": {""audit_opinion_window_matches"": 0, ""balance_sheet_heading_matches"": 0, ""cash_flow_heading_matches"": 0, ""name"": ""Trinseo Materials Operating S.C. A."", ""operations_heading_matches"": 0}}",4,,,,,,,,,[],ambiguous,statements_belong_to_nonregistrant_parent,"The primary audited consolidated suite belongs to Trinseo S.A. and subsidiaries, not to either registrant (Trinseo Materials Operating S.C.A. or Trinseo Materials Finance, Inc.). Neither eligible CIK can be treated as an independent company-year without an additional documented economic-scope rule.",,,0,ambiguous
0001193125-14-108260,2013,1,0001581164,"EXTENDED STAY AMERICA, INC.",2,True,0001507563;0001581164,"[[""0001507563""], [""0001581164""]]",,"{""0001507563"": {""audit_opinion_window_matches"": 3, ""balance_sheet_heading_matches"": 3, ""cash_flow_heading_matches"": 2, ""name"": ""ESH Hospitality, Inc."", ""operations_heading_matches"": 3}, ""0001581164"": {""audit_opinion_window_matches"": 3, ""balance_sheet_heading_matches"": 3, ""cash_flow_heading_matches"": 2, ""name"": ""Extended Stay America, Inc."", ""operations_heading_matches"": 3}}",6,,stay-20131231.xml,0001581164,,"ESH Hospitality, Inc.;Extended Stay America, Inc.",1.0,1917.0,12176.0,[],resolved,primary_10k_distinct_statement_sets_mapped,,,,2,multiple_distinct_statement_scopes
0001193125-14-110603,2013,3,0000789388;0001337272;0001337274,SUNGARD CAPITAL CORP | SUNGARD CAPITAL CORP II | SUNGARD DATA SYSTEMS INC,3,True,0000789388;0001337272;0001337274,"[[""0000789388""], [""0000789388"", ""0001337272""], [""0001337272"", ""0001337274""]]",,"{""0000789388"": {""audit_opinion_window_matches"": 2, ""balance_sheet_heading_matches"": 5, ""cash_flow_heading_matches"": 2, ""name"": ""SUNGARD DATA SYSTEMS INC"", ""operations_heading_matches"": 5}, ""0001337272"": {""audit_opinion_window_matches"": 2, ""balance_sheet_heading_matches"": 7, ""cash_flow_heading_matches"": 4, ""name"": ""SUNGARD CAPITAL CORP"", ""operations_heading_matches"": 7}, ""0001337274"": {""audit_opinion_window_matches"": 1, ""balance_sheet_heading_matches"": 5, ""cash_flow_heading_matches"": 2, ""name"": ""SUNGARD CAPITAL CORP II"", ""operations_heading_matches"": 4}}",3,,ck0001337272-20131231.xml,0001337272,,SUNGARD CAPITAL CORP;SUNGARD CAPITAL CORP II;SUNGARD DATA SYSTEMS INC,1.0,685.0,3293.0,[],resolved,manual_three_distinct_audited_statement_scopes,"Item 8 separately indexes and presents audited annual balance sheets, comprehensive-income, equity and cash-flow statements for SunGard Capital Corp., SunGard Capital Corp. II and SunGard Data Systems Inc.",sungard_three_separate_statement_scopes,,3,multiple_distinct_statement_scopes
0001193125-14-114449,2013,1,0001313536,SOTHERLY HOTELS LP,2,True,0001301236;0001313536,"[[""0001301236""], [""0001301236"", ""0001313536""], [""0001313536""]]",,"{""0001301236"": {""audit_opinion_window_matches"": 5, ""balance_sheet_heading_matches"": 6, ""cash_flow_heading_matches"": 3, ""name"": ""Sotherly Hotels Inc."", ""operations_heading_matches"": 5}, ""0001313536"": {""audit_opinion_window_matches"": 4, ""balance_sheet_heading_matches"": 4, ""cash_flow_heading_matches"": 3, ""name"": ""SOTHERLY HOTELS LP"", ""operations_heading_matches"": 5}}",8,,soho-20131231.xml,0001301236,,SOTHERLY HOTELS LP;Sotherly Hotels Inc.,1.0,393.0,1549.0,[],resolved,primary_10k_distinct_statement_sets_mapped,,,,2,multiple_distinct_statement_scopes
0001193125-14-154994,2013,2,0000718916;0001368775,"BURLINGTON COAT FACTORY INVESTMENTS HOLDINGS, INC. | BURLINGTON COAT FACTORY WAREHOUSE CORP",2,True,0001368775,"[[""0001368775""]]",,"{""0000718916"": {""audit_opinion_window_matches"": 0, ""balance_sheet_heading_matches"": 0, ""cash_flow_heading_matches"": 0, ""name"": ""BURLINGTON COAT FACTORY WAREHOUSE CORP"", ""operations_heading_matches"": 0}, ""0001368775"": {""audit_opinion_window_matches"": 3, ""balance_sheet_heading_matches"": 4, ""cash_flow_heading_matches"": 4, ""name"": ""Burlington Coat Factory Investments Holdings, Inc."", ""operations_heading_matches"": 5}}",3,,ck0001368775-20140201.xml,0001368775,,"BURLINGTON COAT FACTORY INVESTMENTS HOLDINGS, INC.",1.0,392.0,1540.0,[],resolved,primary_10k_distinct_statement_sets_mapped,,,,1,one_statement_scope
0001193125-14-421650,2014,3,0000101462;0000830253;0001045539,KIANTONE PIPELINE CO | KIANTONE PIPELINE CORP | UNITED REFINING CO,13,True,0000101462,"[[""0000101462"", ""0001040270""]]",,"{""0000101462"": {""audit_opinion_window_matches"": 3, ""balance_sheet_heading_matches"": 6, ""cash_flow_heading_matches"": 3, ""name"": ""UNITED REFINING CO"", ""operations_heading_matches"": 6}, ""0000830253"": {""audit_opinion_window_matches"": 0, ""balance_sheet_heading_matches"": 0, ""cash_flow_heading_matches"": 0, ""name"": ""KIANTONE PIPELINE CORP"", ""operations_heading_matches"": 0}, ""0001040270"": {""audit_opinion_window_matches"": 3, ""balance_sheet_heading_matches"": 6, ""cash_flow_heading_matches"": 3, ""name"": ""UNITED REFINING CO /PA/"", ""operations_heading_matches"": 6}, ""0001045539"": {""audit_opinion_window_matches"": 0, ""balance_sheet_heading_matches"": 0, ""cash_flow_heading_matches"": 0, ""name"": ""KIANTONE PIPELINE CO"", ""operations_heading_matches"": 0}, ""0001045540"": {""audit_opinion_window_matches"": 0, ""balance_sheet_heading_matches"": 0, ""cash_flow_heading_matches"": 0, ""name"": ""KWIK FIL INC"", ""operations_heading_matches"": 0}, ""0001045541"": {""audit_opinion_window_matches"": 0, ""balance_sheet_heading_matches"": 0, ""cash_flow_heading_matches"": 0, ""name"": ""KWIK FILL CORP"", ""operations_heading_matches"": 0}, ""0001045542"": {""audit_opinion_window_matches"": 0, ""balance_sheet_heading_matches"": 0, ""cash_flow_heading_matches"": 0, ""name"": ""UNITED JET CENTER INC"", ""operations_heading_matches"": 0}, ""0001045543"": {""audit_opinion_window_matches"": 0, ""balance_sheet_heading_matches"": 0, ""cash_flow_heading_matches"": 0, ""name"": ""BELL OIL CORP"", ""operations_heading_matches"": 0}, ""0001045544"": {""audit_opinion_window_matches"": 0, ""balance_sheet_heading_matches"": 0, ""cash_flow_heading_matches"": 0, ""name"": ""PPC INC"", ""operations_heading_matches"": 0}, ""0001045545"": {""audit_opinion_window_matches"": 0, ""balance_sheet_heading_matches"": 0, ""cash_flow_heading_matches"": 0, ""name"": ""SUPER TEST PETROLEUM INC"", ""operations_heading_matches"": 0}, ""0001045546"": {""audit_opinion_window_matches"": 0, ""balance_sheet_heading_matches"": 0, ""cash_flow_heading_matches"": 0, ""name"": ""VULCAN ASPHALT REFINING CORP"", ""operations_heading_matches"": 0}, ""0001045547"": {""audit_opinion_window_matches"": 0, ""balance_sheet_heading_matches"": 0, ""cash_flow_heading_matches"": 0, ""name"": ""INDEPENDENT GASOLINE & OIL CO OF ROCHESTER"", ""operations_heading_matches"": 0}, ""0001171162"": {""audit_opinion_window_matches"": 0, ""balance_sheet_heading_matches"": 0, ""cash_flow_heading_matches"": 0, ""name"": ""COUNTRY FAIR INC"", ""operations_heading_matches"": 0}}",3,0000101462;0001040270,unrf-20140831.xml,0000101462,,UNITED REFINING CO,1.0,217.0,1359.0,[],resolved,manual_name_collision_resolved_by_xbrl_series,XBRL entity CIK is 0000101462; one United Refining Company consolidated suite.,,,1,one_statement_scope
0001193125-15-052898,2014,2,0001578845;0001620602,ACTAVIS PLC | Warner Chilcott Ltd,2,True,0001578845;0001620602,"[[""0001578845"", ""0001620602""], [""0001620602""]]",,"{""0001578845"": {""audit_opinion_window_matches"": 1, ""balance_sheet_heading_matches"": 4, ""cash_flow_heading_matches"": 3, ""name"": ""Actavis plc"", ""operations_heading_matches"": 6}, ""0001620602"": {""audit_opinion_window_matches"": 2, ""balance_sheet_heading_matches"": 4, ""cash_flow_heading_matches"": 6, ""name"": ""Warner Chilcott Ltd"", ""operations_heading_matches"": 7}}",2,,act-20141231.xml,0001578845,,Actavis plc;WARNER CHILCOTT LIMITED,1.0,1014.0,3789.0,[],resolved,primary_10k_distinct_statement_sets_mapped,,,,2,multiple_distinct_statement_scopes
0001193125-15-056493,2014,2,0000100517;0000319687,"UNITED AIRLINES, INC. | UNITED CONTINENTAL HOLDINGS, INC.",2,True,0000100517;0000319687,"[[""0000100517""], [""0000319687""]]",,"{""0000100517"": {""audit_opinion_window_matches"": 2, ""balance_sheet_heading_matches"": 3, ""cash_flow_heading_matches"": 0, ""name"": ""United Continental Holdings, Inc."", ""operations_heading_matches"": 0}, ""0000319687"": {""audit_opinion_window_matches"": 1, ""balance_sheet_heading_matches"": 3, ""cash_flow_heading_matches"": 0, ""name"": ""UNITED AIRLINES, INC."", ""operations_heading_matches"": 0}}",6,,ual-20141231.xml,0000100517,,"United Airlines, Inc.;United Continental Holdings, Inc.",1.0,743.0,2312.0,[],resolved,primary_10k_distinct_statement_sets_mapped,,,,2,multiple_distinct_statement_scopes
0001193125-15-061145,2014,2,0000004515;0000006201,AMERICAN AIRLINES GROUP INC. | AMERICAN AIRLINES INC,2,True,0000004515;0000006201,"[[""0000004515""], [""0000006201""]]",,"{""0000004515"": {""audit_opinion_window_matches"": 4, ""balance_sheet_heading_matches"": 4, ""cash_flow_heading_matches"": 1, ""name"": ""AMERICAN AIRLINES INC"", ""operations_heading_matches"": 6}, ""0000006201"": {""audit_opinion_window_matches"": 3, ""balance_sheet_heading_matches"": 5, ""cash_flow_heading_matches"": 2, ""name"": ""American Airlines Group Inc."", ""operations_heading_matches"": 9}}",7,,aal-20141231.xml,0000006201,,AMERICAN AIRLINES INC;American Airlines Group Inc.,1.0,1184.0,3888.0,[],resolved,primary_10k_distinct_statement_sets_mapped,,,,2,multiple_distinct_statement_scopes
0001193125-15-063984,2014,1,0001581164,"EXTENDED STAY AMERICA, INC.",2,True,0001507563;0001581164,"[[""0001507563""], [""0001581164""]]",,"{""0001507563"": {""audit_opinion_window_matches"": 3, ""balance_sheet_heading_matches"": 3, ""cash_flow_heading_matches"": 1, ""name"": ""ESH Hospitality, Inc."", ""operations_heading_matches"": 4}, ""0001581164"": {""audit_opinion_window_matches"": 3, ""balance_sheet_heading_matches"": 6, ""cash_flow_heading_matches"": 1, ""name"": ""Extended Stay America, Inc."", ""operations_heading_matches"": 3}}",6,,stay-20141231.xml,0001581164,,"ESH Hospitality, Inc.;Extended Stay America, Inc.",1.0,2086.0,11992.0,[],resolved,primary_10k_distinct_statement_sets_mapped,,,,2,multiple_distinct_statement_scopes
0001193125-15-064957,2014,2,0001039101;0001056239,L 3 COMMUNICATIONS CORP | L 3 COMMUNICATIONS HOLDINGS INC,2,True,0001056239,"[[""0001039101"", ""0001056239""]]",,"{""0001039101"": {""audit_opinion_window_matches"": 1, ""balance_sheet_heading_matches"": 3, ""cash_flow_heading_matches"": 1, ""name"": ""L 3 COMMUNICATIONS CORP"", ""operations_heading_matches"": 5}, ""0001056239"": {""audit_opinion_window_matches"": 1, ""balance_sheet_heading_matches"": 4, ""cash_flow_heading_matches"": 1, ""name"": ""L 3 COMMUNICATIONS HOLDINGS INC"", ""operations_heading_matches"": 4}}",1,,lll-20141231.xml,0001056239,,L 3 COMMUNICATIONS HOLDINGS INC,1.0,709.0,3000.0,[],resolved,primary_10k_distinct_statement_sets_mapped,,,,1,one_statement_scope
0001193125-15-068526,2014,2,0000902739;0001166691,"COMCAST CORP | NBCUniversal Media, LLC",2,True,0000902739;0001166691,"[[""0000902739""], [""0000902739"", ""0001166691""], [""0001166691""]]",,"{""0000902739"": {""audit_opinion_window_matches"": 4, ""balance_sheet_heading_matches"": 3, ""cash_flow_heading_matches"": 1, ""name"": ""NBCUniversal Media, LLC"", ""operations_heading_matches"": 4}, ""0001166691"": {""audit_opinion_window_matches"": 4, ""balance_sheet_heading_matches"": 6, ""cash_flow_heading_matches"": 5, ""name"": ""COMCAST CORP"", ""operations_heading_matches"": 8}}",8,,cmcsa-20141231.xml,0001166691,,"COMCAST CORP;NBCUniversal Media, LLC",1.0,662.0,3704.0,[],resolved,primary_10k_distinct_statement_sets_mapped,,,,2,multiple_distinct_statement_scopes
0001193125-15-068812,2014,2,0001169055;0001458891,NOBLE CORP | NOBLE CORP PLC,2,True,0001169055;0001458891,"[[""0001169055""], [""0001169055"", ""0001458891""]]",,"{""0001169055"": {""audit_opinion_window_matches"": 2, ""balance_sheet_heading_matches"": 8, ""cash_flow_heading_matches"": 7, ""name"": ""NOBLE CORP"", ""operations_heading_matches"": 14}, ""0001458891"": {""audit_opinion_window_matches"": 1, ""balance_sheet_heading_matches"": 3, ""cash_flow_heading_matches"": 2, ""name"": ""Noble Corp plc"", ""operations_heading_matches"": 5}}",2,,ne-20141231.xml,0001458891,,NOBLE CORP PLC,1.0,603.0,2853.0,[],resolved,primary_10k_distinct_statement_sets_mapped,,,,2,multiple_distinct_statement_scopes
0001193125-15-081384,2014,2,0001064116;0001064117,MEDIACOM CAPITAL CORP | MEDIACOM LLC,2,True,0001064116,"[[""0001064116""]]",,"{""0001064116"": {""audit_opinion_window_matches"": 2, ""balance_sheet_heading_matches"": 3, ""cash_flow_heading_matches"": 1, ""name"": ""MEDIACOM LLC"", ""operations_heading_matches"": 1}, ""0001064117"": {""audit_opinion_window_matches"": 0, ""balance_sheet_heading_matches"": 1, ""cash_flow_heading_matches"": 0, ""name"": ""MEDIACOM CAPITAL CORP"", ""operations_heading_matches"": 0}}",2,,mcccl-20141231.xml,0001064116,,MEDIACOM LLC,1.0,125.0,510.0,[],resolved,primary_10k_distinct_statement_sets_mapped,,,,1,one_statement_scope
0001193125-15-081399,2014,2,0001161364;0001161366,MEDIACOM BROADBAND CORP | MEDIACOM BROADBAND LLC,2,True,0001161364,"[[""0001161364""]]",,"{""0001161364"": {""audit_opinion_window_matches"": 2, ""balance_sheet_heading_matches"": 3, ""cash_flow_heading_matches"": 1, ""name"": ""MEDIACOM BROADBAND LLC"", ""operations_heading_matches"": 1}, ""0001161366"": {""audit_opinion_window_matches"": 0, ""balance_sheet_heading_matches"": 2, ""cash_flow_heading_matches"": 0, ""name"": ""MEDIACOM BROADBAND CORP"", ""operations_heading_matches"": 0}}",2,,mcccb-20141231.xml,0001161364,,MEDIACOM BROADBAND LLC,1.0,127.0,522.0,[],resolved,primary_10k_distinct_statement_sets_mapped,,,,1,one_statement_scope
0001193125-15-104907,2014,3,0000789388;0001337272;0001337274,SUNGARD CAPITAL CORP | SUNGARD CAPITAL CORP II | SUNGARD DATA SYSTEMS INC,3,True,0000789388;0001337272;0001337274,"[[""0000789388""], [""0000789388"", ""0001337272""], [""0001337272"", ""0001337274""]]",,"{""0000789388"": {""audit_opinion_window_matches"": 2, ""balance_sheet_heading_matches"": 4, ""cash_flow_heading_matches"": 2, ""name"": ""SUNGARD DATA SYSTEMS INC"", ""operations_heading_matches"": 4}, ""0001337272"": {""audit_opinion_window_matches"": 2, ""balance_sheet_heading_matches"": 6, ""cash_flow_heading_matches"": 4, ""name"": ""SUNGARD CAPITAL CORP"", ""operations_heading_matches"": 6}, ""0001337274"": {""audit_opinion_window_matches"": 1, ""balance_sheet_heading_matches"": 4, ""cash_flow_heading_matches"": 2, ""name"": ""SUNGARD CAPITAL CORP II"", ""operations_heading_matches"": 3}}",3,,ck0001337272-20141231.xml,0001337272,,SUNGARD CAPITAL CORP;SUNGARD CAPITAL CORP II;SUNGARD DATA SYSTEMS INC,1.0,756.0,3256.0,[],resolved,manual_three_distinct_audited_statement_scopes,"Item 8 separately indexes and presents audited annual balance sheets, comprehensive-income, equity and cash-flow statements for SunGard Capital Corp., SunGard Capital Corp. II and SunGard Data Systems Inc.",sungard_three_separate_statement_scopes,,3,multiple_distinct_statement_scopes
0001193125-15-109249,2014,1,0001610754,"PC NEXTCO HOLDINGS, LLC",2,True,0001610754,"[[""0001610754""]]",,"{""0001610754"": {""audit_opinion_window_matches"": 2, ""balance_sheet_heading_matches"": 4, ""cash_flow_heading_matches"": 3, ""name"": ""PC Nextco Holdings, LLC"", ""operations_heading_matches"": 3}, ""0001610758"": {""audit_opinion_window_matches"": 0, ""balance_sheet_heading_matches"": 1, ""cash_flow_heading_matches"": 0, ""name"": ""PC Nextco Finance, Inc."", ""operations_heading_matches"": 0}}",2,,ck0001610754-20141231.xml,0001610754,,"PC Nextco Finance, Inc.;PC Nextco Holdings, LLC",1.0,386.0,1558.0,[],resolved,primary_10k_distinct_statement_sets_mapped,,,,1,one_statement_scope
0001193125-15-129493,2014,1,0001313536,SOTHERLY HOTELS LP,2,True,0001301236;0001313536,"[[""0001301236""], [""0001301236"", ""0001313536""], [""0001313536""]]",,"{""0001301236"": {""audit_opinion_window_matches"": 4, ""balance_sheet_heading_matches"": 5, ""cash_flow_heading_matches"": 3, ""name"": ""Sotherly Hotels Inc."", ""operations_heading_matches"": 5}, ""0001313536"": {""audit_opinion_window_matches"": 5, ""balance_sheet_heading_matches"": 5, ""cash_flow_heading_matches"": 3, ""name"": ""SOTHERLY HOTELS LP"", ""operations_heading_matches"": 5}}",8,,soho-20141231.xml,0001301236,,SOUTHERLY HOTELS LP;Sotherly Hotels Inc.,1.0,422.0,1708.0,[],resolved,primary_10k_distinct_statement_sets_mapped,,,,2,multiple_distinct_statement_scopes
0001193125-15-385265,2015,13,0000101462;0000830253;0001040270;0001045539;0001045540;0001045541;0001045542;0001045543;0001045544;0001045545;0001045546;0001045547;0001171162,BELL OIL CORP | COUNTRY FAIR INC | INDEPENDENT GASOLINE & OIL CO OF ROCHESTER | KIANTONE PIPELINE CO | KIANTONE PIPELINE CORP | KWIK FIL INC | KWIK FILL CORP | PPC INC | SUPER TEST PETROLEUM INC | UNITED JET CENTER INC | UNITED REFINING CO | UNITED REFINING CO /PA/ | VULCAN ASPHALT REFINING CORP,13,True,0000101462,"[[""0000101462"", ""0001040270""]]",,"{""0000101462"": {""audit_opinion_window_matches"": 3, ""balance_sheet_heading_matches"": 6, ""cash_flow_heading_matches"": 4, ""name"": ""UNITED REFINING CO"", ""operations_heading_matches"": 6}, ""0000830253"": {""audit_opinion_window_matches"": 0, ""balance_sheet_heading_matches"": 0, ""cash_flow_heading_matches"": 0, ""name"": ""KIANTONE PIPELINE CORP"", ""operations_heading_matches"": 0}, ""0001040270"": {""audit_opinion_window_matches"": 3, ""balance_sheet_heading_matches"": 6, ""cash_flow_heading_matches"": 4, ""name"": ""UNITED REFINING CO /PA/"", ""operations_heading_matches"": 6}, ""0001045539"": {""audit_opinion_window_matches"": 0, ""balance_sheet_heading_matches"": 0, ""cash_flow_heading_matches"": 0, ""name"": ""KIANTONE PIPELINE CO"", ""operations_heading_matches"": 0}, ""0001045540"": {""audit_opinion_window_matches"": 0, ""balance_sheet_heading_matches"": 0, ""cash_flow_heading_matches"": 0, ""name"": ""KWIK FIL INC"", ""operations_heading_matches"": 0}, ""0001045541"": {""audit_opinion_window_matches"": 0, ""balance_sheet_heading_matches"": 0, ""cash_flow_heading_matches"": 0, ""name"": ""KWIK FILL CORP"", ""operations_heading_matches"": 0}, ""0001045542"": {""audit_opinion_window_matches"": 0, ""balance_sheet_heading_matches"": 0, ""cash_flow_heading_matches"": 0, ""name"": ""UNITED JET CENTER INC"", ""operations_heading_matches"": 0}, ""0001045543"": {""audit_opinion_window_matches"": 0, ""balance_sheet_heading_matches"": 0, ""cash_flow_heading_matches"": 0, ""name"": ""BELL OIL CORP"", ""operations_heading_matches"": 0}, ""0001045544"": {""audit_opinion_window_matches"": 0, ""balance_sheet_heading_matches"": 0, ""cash_flow_heading_matches"": 0, ""name"": ""PPC INC"", ""operations_heading_matches"": 0}, ""0001045545"": {""audit_opinion_window_matches"": 0, ""balance_sheet_heading_matches"": 0, ""cash_flow_heading_matches"": 0, ""name"": ""SUPER TEST PETROLEUM INC"", ""operations_heading_matches"": 0}, ""0001045546"": {""audit_opinion_window_matches"": 0, ""balance_sheet_heading_matches"": 0, ""cash_flow_heading_matches"": 0, ""name"": ""VULCAN ASPHALT REFINING CORP"", ""operations_heading_matches"": 0}, ""0001045547"": {""audit_opinion_window_matches"": 0, ""balance_sheet_heading_matches"": 0, ""cash_flow_heading_matches"": 0, ""name"": ""INDEPENDENT GASOLINE & OIL CO OF ROCHESTER"", ""operations_heading_matches"": 0}, ""0001171162"": {""audit_opinion_window_matches"": 0, ""balance_sheet_heading_matches"": 0, ""cash_flow_heading_matches"": 0, ""name"": ""COUNTRY FAIR INC"", ""operations_heading_matches"": 0}}",3,0000101462;0001040270,unrf-20150831.xml,0000101462,,UNITED REFINING CO,1.0,247.0,1362.0,[],resolved,manual_name_collision_resolved_by_xbrl_series,XBRL entity CIK is 0000101462; the other twelve CIKs have no distinct annual suites.,,,1,one_statement_scope
0001193125-16-452423,2015,2,0000902739;0001166691,"COMCAST CORP | NBCUniversal Media, LLC",2,True,0000902739;0001166691,"[[""0000902739""], [""0000902739"", ""0001166691""], [""0001166691""]]",,"{""0000902739"": {""audit_opinion_window_matches"": 4, ""balance_sheet_heading_matches"": 3, ""cash_flow_heading_matches"": 1, ""name"": ""NBCUniversal Media, LLC"", ""operations_heading_matches"": 4}, ""0001166691"": {""audit_opinion_window_matches"": 4, ""balance_sheet_heading_matches"": 7, ""cash_flow_heading_matches"": 5, ""name"": ""COMCAST CORP"", ""operations_heading_matches"": 9}}",8,,cmcsa-20151231.xml,0001166691,,"COMCAST CORP;NBCUniversal Media, LLC",1.0,676.0,3589.0,[],resolved,primary_10k_distinct_statement_sets_mapped,,,,2,multiple_distinct_statement_scopes
0001193125-16-468479,2015,2,0000100517;0000319687,"UNITED AIRLINES, INC. | UNITED CONTINENTAL HOLDINGS, INC.",2,True,0000100517;0000319687,"[[""0000100517""], [""0000319687""]]",,"{""0000100517"": {""audit_opinion_window_matches"": 2, ""balance_sheet_heading_matches"": 3, ""cash_flow_heading_matches"": 0, ""name"": ""United Continental Holdings, Inc."", ""operations_heading_matches"": 0}, ""0000319687"": {""audit_opinion_window_matches"": 1, ""balance_sheet_heading_matches"": 3, ""cash_flow_heading_matches"": 0, ""name"": ""UNITED AIRLINES, INC."", ""operations_heading_matches"": 0}}",6,,ual-20151231.xml,0000100517,,"United Airlines, Inc.;United Continental Holdings, Inc.",1.0,634.0,2135.0,[],resolved,primary_10k_distinct_statement_sets_mapped,,,,2,multiple_distinct_statement_scopes
0001193125-16-470366,2015,2,0001571371;0001621563,"SUMMIT MATERIALS, INC. | Summit Materials, LLC",2,True,0001621563,"[[""0001621563""]]",,"{""0001571371"": {""audit_opinion_window_matches"": 0, ""balance_sheet_heading_matches"": 0, ""cash_flow_heading_matches"": 0, ""name"": ""Summit Materials, LLC"", ""operations_heading_matches"": 1}, ""0001621563"": {""audit_opinion_window_matches"": 2, ""balance_sheet_heading_matches"": 2, ""cash_flow_heading_matches"": 1, ""name"": ""Summit Materials, Inc."", ""operations_heading_matches"": 3}}",2,,sum-20160102.xml,0001621563,,"SUMMIT MATERIALS, INC.",1.0,858.0,3271.0,[],resolved,primary_10k_distinct_statement_sets_mapped,,,,1,one_statement_scope
0001193125-16-472493,2015,2,0001507563;0001581164,"ESH Hospitality, Inc. | EXTENDED STAY AMERICA, INC.",2,True,0001507563;0001581164,"[[""0001507563""], [""0001581164""]]",,"{""0001507563"": {""audit_opinion_window_matches"": 3, ""balance_sheet_heading_matches"": 3, ""cash_flow_heading_matches"": 1, ""name"": ""ESH Hospitality, Inc."", ""operations_heading_matches"": 4}, ""0001581164"": {""audit_opinion_window_matches"": 3, ""balance_sheet_heading_matches"": 8, ""cash_flow_heading_matches"": 1, ""name"": ""Extended Stay America, Inc."", ""operations_heading_matches"": 3}}",6,,stay-20151231.xml,0001581164,,"ESH Hospitality, Inc.;Extended Stay America, Inc.",1.0,1922.0,11209.0,[],resolved,primary_10k_distinct_statement_sets_mapped,,,,2,multiple_distinct_statement_scopes
0001193125-16-474605,2015,2,0000004515;0000006201,AMERICAN AIRLINES GROUP INC. | AMERICAN AIRLINES INC,2,True,0000004515;0000006201,"[[""0000004515""], [""0000006201""]]",,"{""0000004515"": {""audit_opinion_window_matches"": 3, ""balance_sheet_heading_matches"": 6, ""cash_flow_heading_matches"": 1, ""name"": ""AMERICAN AIRLINES INC"", ""operations_heading_matches"": 6}, ""0000006201"": {""audit_opinion_window_matches"": 3, ""balance_sheet_heading_matches"": 5, ""cash_flow_heading_matches"": 3, ""name"": ""American Airlines Group Inc."", ""operations_heading_matches"": 9}}",6,,aal-20151231.xml,0000006201,,AMERICAN AIRLINES INC;American Airlines Group Inc.,1.0,1108.0,3816.0,[],resolved,primary_10k_distinct_statement_sets_mapped,,,,2,multiple_distinct_statement_scopes
0001193125-16-480793,2015,2,0001039101;0001056239,L 3 COMMUNICATIONS CORP | L 3 COMMUNICATIONS HOLDINGS INC,2,True,0001056239,"[[""0001039101"", ""0001056239""]]",,"{""0001039101"": {""audit_opinion_window_matches"": 1, ""balance_sheet_heading_matches"": 3, ""cash_flow_heading_matches"": 1, ""name"": ""L 3 COMMUNICATIONS CORP"", ""operations_heading_matches"": 4}, ""0001056239"": {""audit_opinion_window_matches"": 1, ""balance_sheet_heading_matches"": 3, ""cash_flow_heading_matches"": 1, ""name"": ""L 3 COMMUNICATIONS HOLDINGS INC"", ""operations_heading_matches"": 3}}",1,,lll-20151231.xml,0001056239,,L 3 COMMUNICATIONS HOLDINGS INC,1.0,746.0,2926.0,[],resolved,primary_10k_distinct_statement_sets_mapped,,,,1,one_statement_scope
0001193125-16-779734,2016,13,0000101462;0000830253;0001040270;0001045539;0001045540;0001045541;0001045542;0001045543;0001045544;0001045545;0001045546;0001045547;0001171162,BELL OIL CORP | COUNTRY FAIR INC | INDEPENDENT GASOLINE & OIL CO OF ROCHESTER | KIANTONE PIPELINE CO | KIANTONE PIPELINE CORP | KWIK FIL INC | KWIK FILL CORP | PPC INC | SUPER TEST PETROLEUM INC | UNITED JET CENTER INC | UNITED REFINING CO | UNITED REFINING CO /PA/ | VULCAN ASPHALT REFINING CORP,13,True,0000101462,"[[""0000101462"", ""0001040270""]]",,"{""0000101462"": {""audit_opinion_window_matches"": 3, ""balance_sheet_heading_matches"": 3, ""cash_flow_heading_matches"": 1, ""name"": ""UNITED REFINING CO"", ""operations_heading_matches"": 2}, ""0000830253"": {""audit_opinion_window_matches"": 0, ""balance_sheet_heading_matches"": 0, ""cash_flow_heading_matches"": 0, ""name"": ""KIANTONE PIPELINE CORP"", ""operations_heading_matches"": 0}, ""0001040270"": {""audit_opinion_window_matches"": 3, ""balance_sheet_heading_matches"": 3, ""cash_flow_heading_matches"": 1, ""name"": ""UNITED REFINING CO /PA/"", ""operations_heading_matches"": 2}, ""0001045539"": {""audit_opinion_window_matches"": 0, ""balance_sheet_heading_matches"": 0, ""cash_flow_heading_matches"": 0, ""name"": ""KIANTONE PIPELINE CO"", ""operations_heading_matches"": 0}, ""0001045540"": {""audit_opinion_window_matches"": 0, ""balance_sheet_heading_matches"": 0, ""cash_flow_heading_matches"": 0, ""name"": ""KWIK FIL INC"", ""operations_heading_matches"": 0}, ""0001045541"": {""audit_opinion_window_matches"": 0, ""balance_sheet_heading_matches"": 0, ""cash_flow_heading_matches"": 0, ""name"": ""KWIK FILL CORP"", ""operations_heading_matches"": 0}, ""0001045542"": {""audit_opinion_window_matches"": 0, ""balance_sheet_heading_matches"": 0, ""cash_flow_heading_matches"": 0, ""name"": ""UNITED JET CENTER INC"", ""operations_heading_matches"": 0}, ""0001045543"": {""audit_opinion_window_matches"": 0, ""balance_sheet_heading_matches"": 0, ""cash_flow_heading_matches"": 0, ""name"": ""BELL OIL CORP"", ""operations_heading_matches"": 0}, ""0001045544"": {""audit_opinion_window_matches"": 0, ""balance_sheet_heading_matches"": 0, ""cash_flow_heading_matches"": 0, ""name"": ""PPC INC"", ""operations_heading_matches"": 0}, ""0001045545"": {""audit_opinion_window_matches"": 0, ""balance_sheet_heading_matches"": 0, ""cash_flow_heading_matches"": 0, ""name"": ""SUPER TEST PETROLEUM INC"", ""operations_heading_matches"": 0}, ""0001045546"": {""audit_opinion_window_matches"": 0, ""balance_sheet_heading_matches"": 0, ""cash_flow_heading_matches"": 0, ""name"": ""VULCAN ASPHALT REFINING CORP"", ""operations_heading_matches"": 0}, ""0001045547"": {""audit_opinion_window_matches"": 0, ""balance_sheet_heading_matches"": 0, ""cash_flow_heading_matches"": 0, ""name"": ""INDEPENDENT GASOLINE & OIL CO OF ROCHESTER"", ""operations_heading_matches"": 0}, ""0001171162"": {""audit_opinion_window_matches"": 0, ""balance_sheet_heading_matches"": 0, ""cash_flow_heading_matches"": 0, ""name"": ""COUNTRY FAIR INC"", ""operations_heading_matches"": 0}}",3,0000101462;0001040270,unrf-20160831.xml,0000101462,,UNITED REFINING CO,1.0,215.0,1004.0,[],resolved,manual_name_collision_resolved_by_xbrl_series,XBRL entity CIK is 0000101462; the other twelve CIKs have no distinct annual suites.,,,1,one_statement_scope
0001193125-17-030512,2016,2,0000902739;0001166691,"COMCAST CORP | NBCUniversal Media, LLC",2,True,0000902739;0001166691,"[[""0000902739""], [""0001166691""]]",,"{""0000902739"": {""audit_opinion_window_matches"": 3, ""balance_sheet_heading_matches"": 3, ""cash_flow_heading_matches"": 1, ""name"": ""NBCUniversal Media, LLC"", ""operations_heading_matches"": 4}, ""0001166691"": {""audit_opinion_window_matches"": 4, ""balance_sheet_heading_matches"": 6, ""cash_flow_heading_matches"": 7, ""name"": ""COMCAST CORP"", ""operations_heading_matches"": 8}}",8,,cmcsa-20161231.xml,0001166691,,"COMCAST CORP;NBCUniversal Media, LLC",1.0,652.0,3525.0,[],resolved,primary_10k_distinct_statement_sets_mapped,,,,2,multiple_distinct_statement_scopes
0001193125-17-051216,2016,2,0000004515;0000006201,AMERICAN AIRLINES GROUP INC. | AMERICAN AIRLINES INC,2,True,0000004515;0000006201,"[[""0000004515""], [""0000006201""]]",,"{""0000004515"": {""audit_opinion_window_matches"": 2, ""balance_sheet_heading_matches"": 5, ""cash_flow_heading_matches"": 1, ""name"": ""AMERICAN AIRLINES INC"", ""operations_heading_matches"": 5}, ""0000006201"": {""audit_opinion_window_matches"": 2, ""balance_sheet_heading_matches"": 4, ""cash_flow_heading_matches"": 1, ""name"": ""American Airlines Group Inc."", ""operations_heading_matches"": 4}}",4,,aal-20161231.xml,0000006201,,AMERICAN AIRLINES INC;American Airlines Group Inc.,1.0,924.0,3009.0,[],resolved,primary_10k_distinct_statement_sets_mapped,,,,2,multiple_distinct_statement_scopes
0001193125-17-054129,2016,2,0000100517;0000319687,"UNITED AIRLINES, INC. | UNITED CONTINENTAL HOLDINGS, INC.",2,True,0000100517;0000319687,"[[""0000100517""], [""0000319687""]]",,"{""0000100517"": {""audit_opinion_window_matches"": 2, ""balance_sheet_heading_matches"": 3, ""cash_flow_heading_matches"": 0, ""name"": ""United Continental Holdings, Inc."", ""operations_heading_matches"": 0}, ""0000319687"": {""audit_opinion_window_matches"": 1, ""balance_sheet_heading_matches"": 3, ""cash_flow_heading_matches"": 0, ""name"": ""UNITED AIRLINES, INC."", ""operations_heading_matches"": 0}}",6,,ual-20161231.xml,0000100517,,"United Airlines, Inc.;United Continental Holdings, Inc.",1.0,560.0,2067.0,[],resolved,primary_10k_distinct_statement_sets_mapped,,,,2,multiple_distinct_statement_scopes
0001193125-17-069695,2016,2,0001161364;0001161366,MEDIACOM BROADBAND CORP | MEDIACOM BROADBAND LLC,2,True,0001161364,"[[""0001161364""]]",,"{""0001161364"": {""audit_opinion_window_matches"": 2, ""balance_sheet_heading_matches"": 3, ""cash_flow_heading_matches"": 1, ""name"": ""MEDIACOM BROADBAND LLC"", ""operations_heading_matches"": 1}, ""0001161366"": {""audit_opinion_window_matches"": 0, ""balance_sheet_heading_matches"": 2, ""cash_flow_heading_matches"": 0, ""name"": ""MEDIACOM BROADBAND CORP"", ""operations_heading_matches"": 0}}",2,,mcccb-20161231.xml,0001161364,,MEDIACOM BROADBAND LLC,1.0,132.0,516.0,[],resolved,primary_10k_distinct_statement_sets_mapped,,,,1,one_statement_scope
0001193125-18-054235,2017,2,0000100517;0000319687,"UNITED AIRLINES, INC. | UNITED CONTINENTAL HOLDINGS, INC.",2,True,0000100517;0000319687,"[[""0000100517""], [""0000319687""]]",,"{""0000100517"": {""audit_opinion_window_matches"": 2, ""balance_sheet_heading_matches"": 3, ""cash_flow_heading_matches"": 0, ""name"": ""United Continental Holdings, Inc."", ""operations_heading_matches"": 1}, ""0000319687"": {""audit_opinion_window_matches"": 2, ""balance_sheet_heading_matches"": 3, ""cash_flow_heading_matches"": 0, ""name"": ""UNITED AIRLINES, INC."", ""operations_heading_matches"": 1}}",4,,ual-20171231.xml,0000100517,,"United Airlines, Inc.;United Continental Holdings, Inc.",1.0,548.0,2178.0,[],resolved,primary_10k_distinct_statement_sets_mapped,,,,2,multiple_distinct_statement_scopes
0001193125-18-068674,2017,2,0001161364;0001161366,MEDIACOM BROADBAND CORP | MEDIACOM BROADBAND LLC,2,True,0001161364,"[[""0001161364""]]",,"{""0001161364"": {""audit_opinion_window_matches"": 2, ""balance_sheet_heading_matches"": 4, ""cash_flow_heading_matches"": 1, ""name"": ""MEDIACOM BROADBAND LLC"", ""operations_heading_matches"": 2}, ""0001161366"": {""audit_opinion_window_matches"": 0, ""balance_sheet_heading_matches"": 2, ""cash_flow_heading_matches"": 0, ""name"": ""MEDIACOM BROADBAND CORP"", ""operations_heading_matches"": 0}}",2,,mcccb-20171231.xml,0001161364,,MEDIACOM BROADBAND LLC,1.0,130.0,514.0,[],resolved,primary_10k_distinct_statement_sets_mapped,,,,1,one_statement_scope
0001193125-19-069171,2018,2,0001161364;0001161366,MEDIACOM BROADBAND CORP | MEDIACOM BROADBAND LLC,2,True,0001161364,"[[""0001161364""]]",,"{""0001161364"": {""audit_opinion_window_matches"": 2, ""balance_sheet_heading_matches"": 4, ""cash_flow_heading_matches"": 1, ""name"": ""MEDIACOM BROADBAND LLC"", ""operations_heading_matches"": 2}, ""0001161366"": {""audit_opinion_window_matches"": 0, ""balance_sheet_heading_matches"": 1, ""cash_flow_heading_matches"": 0, ""name"": ""MEDIACOM BROADBAND CORP"", ""operations_heading_matches"": 0}}",2,,mcccb-20181231.xml,0001161364,,MEDIACOM BROADBAND LLC,1.0,152.0,546.0,[],resolved,primary_10k_distinct_statement_sets_mapped,,,,1,one_statement_scope
0001270400-13-000015,2012,3,0001270400;0001322791;0001481423,VIRGIN MEDIA INC. | VIRGIN MEDIA INVESTMENT HOLDINGS LTD | Virgin Media Investments Ltd,3,True,0001270400;0001322791;0001481423,"[[""0001270400""], [""0001270400"", ""0001322791""], [""0001270400"", ""0001481423""], [""0001322791""], [""0001322791"", ""0001481423""]]",,"{""0001270400"": {""audit_opinion_window_matches"": 4, ""balance_sheet_heading_matches"": 6, ""cash_flow_heading_matches"": 5, ""name"": ""VIRGIN MEDIA INC."", ""operations_heading_matches"": 10}, ""0001322791"": {""audit_opinion_window_matches"": 3, ""balance_sheet_heading_matches"": 4, ""cash_flow_heading_matches"": 1, ""name"": ""VIRGIN MEDIA INVESTMENT HOLDINGS LTD"", ""operations_heading_matches"": 2}, ""0001481423"": {""audit_opinion_window_matches"": 2, ""balance_sheet_heading_matches"": 4, ""cash_flow_heading_matches"": 1, ""name"": ""Virgin Media Investments Ltd"", ""operations_heading_matches"": 3}}",6,,vmed-20121231.xml,0001270400,,VIRGIN MEDIA INC.;VIRGIN MEDIA INVESTMENT HOLDINGS LIMITED;VIRGIN MEDIA INVESTMENTS LIMITED,1.0,1189.0,5628.0,"[[""0001322791"", ""0001481423""]]",resolved,manual_three_distinct_audited_statement_scopes,"The financial-statement index and Item 8 contain separate complete annual statements for Virgin Media Inc., Virgin Media Investment Holdings Ltd and Virgin Media Investments Ltd.",virgin_media_three_separate_statement_scopes,,3,multiple_distinct_statement_scopes
0001271833-17-000006,2016,2,0001271833;0001271834,CCO HOLDINGS CAPITAL CORP | CCO HOLDINGS LLC,2,True,0001271833,"[[""0001271833""]]",,"{""0001271833"": {""audit_opinion_window_matches"": 2, ""balance_sheet_heading_matches"": 5, ""cash_flow_heading_matches"": 4, ""name"": ""CCO HOLDINGS LLC"", ""operations_heading_matches"": 9}, ""0001271834"": {""audit_opinion_window_matches"": 0, ""balance_sheet_heading_matches"": 1, ""cash_flow_heading_matches"": 0, ""name"": ""CCO HOLDINGS CAPITAL CORP"", ""operations_heading_matches"": 1}}",2,,chtr-20161231.xml,0001271833,,CCO HOLDINGS LLC,1.0,399.0,1979.0,[],resolved,primary_10k_distinct_statement_sets_mapped,,,,1,one_statement_scope
0001271833-18-000005,2017,2,0001271833;0001271834,CCO HOLDINGS CAPITAL CORP | CCO HOLDINGS LLC,2,True,0001271833,"[[""0001271833"", ""0001271834""]]",,"{""0001271833"": {""audit_opinion_window_matches"": 2, ""balance_sheet_heading_matches"": 6, ""cash_flow_heading_matches"": 4, ""name"": ""CCO HOLDINGS LLC"", ""operations_heading_matches"": 10}, ""0001271834"": {""audit_opinion_window_matches"": 2, ""balance_sheet_heading_matches"": 2, ""cash_flow_heading_matches"": 0, ""name"": ""CCO HOLDINGS CAPITAL CORP"", ""operations_heading_matches"": 2}}",2,,ccoh-20171231.xml,0001271833,,CCO HOLDINGS LLC,1.0,387.0,1991.0,[],resolved,primary_10k_distinct_statement_sets_mapped,,,,1,one_statement_scope
0001271833-19-000004,2018,2,0001271833;0001271834,CCO HOLDINGS CAPITAL CORP | CCO HOLDINGS LLC,2,True,0001271833,"[[""0001271833"", ""0001271834""]]",,"{""0001271833"": {""audit_opinion_window_matches"": 2, ""balance_sheet_heading_matches"": 6, ""cash_flow_heading_matches"": 4, ""name"": ""CCO HOLDINGS LLC"", ""operations_heading_matches"": 9}, ""0001271834"": {""audit_opinion_window_matches"": 2, ""balance_sheet_heading_matches"": 2, ""cash_flow_heading_matches"": 0, ""name"": ""CCO HOLDINGS CAPITAL CORP"", ""operations_heading_matches"": 2}}",2,,ccoh-20181231.xml,0001271833,,CCO HOLDINGS LLC,1.0,372.0,1948.0,[],resolved,primary_10k_distinct_statement_sets_mapped,,,,1,one_statement_scope
0001271833-20-000004,2019,2,0001271833;0001271834,CCO HOLDINGS CAPITAL CORP | CCO HOLDINGS LLC,2,True,0001271833,"[[""0001271833"", ""0001271834""]]",,"{""0001271833"": {""audit_opinion_window_matches"": 2, ""balance_sheet_heading_matches"": 5, ""cash_flow_heading_matches"": 4, ""name"": ""CCO HOLDINGS LLC"", ""operations_heading_matches"": 9}, ""0001271834"": {""audit_opinion_window_matches"": 2, ""balance_sheet_heading_matches"": 1, ""cash_flow_heading_matches"": 0, ""name"": ""CCO HOLDINGS CAPITAL CORP"", ""operations_heading_matches"": 0}}",2,,ccoh12312019-10k.htm,0001271833,,"CCO Holdings Capital Corp.;CCO Holdings, LLC",1.0,364.0,2270.0,[],resolved,primary_10k_distinct_statement_sets_mapped,,,,1,one_statement_scope
0001271833-21-000004,2020,2,0001271833;0001271834,CCO HOLDINGS CAPITAL CORP | CCO HOLDINGS LLC,2,True,0001271833,"[[""0001271833""]]",,"{""0001271833"": {""audit_opinion_window_matches"": 2, ""balance_sheet_heading_matches"": 3, ""cash_flow_heading_matches"": 2, ""name"": ""CCO HOLDINGS LLC"", ""operations_heading_matches"": 5}, ""0001271834"": {""audit_opinion_window_matches"": 0, ""balance_sheet_heading_matches"": 0, ""cash_flow_heading_matches"": 0, ""name"": ""CCO HOLDINGS CAPITAL CORP"", ""operations_heading_matches"": 0}}",2,,ccoh-20201231.htm,0001271833,,"CCO Holdings Capital Corp.;CCO Holdings, LLC",1.0,338.0,1548.0,[],resolved,primary_10k_distinct_statement_sets_mapped,,,,1,one_statement_scope
0001271833-22-000006,2021,2,0001271833;0001271834,CCO HOLDINGS CAPITAL CORP | CCO HOLDINGS LLC,2,True,0001271833,"[[""0001271833""]]",,"{""0001271833"": {""audit_opinion_window_matches"": 2, ""balance_sheet_heading_matches"": 3, ""cash_flow_heading_matches"": 2, ""name"": ""CCO HOLDINGS LLC"", ""operations_heading_matches"": 4}, ""0001271834"": {""audit_opinion_window_matches"": 0, ""balance_sheet_heading_matches"": 0, ""cash_flow_heading_matches"": 0, ""name"": ""CCO HOLDINGS CAPITAL CORP"", ""operations_heading_matches"": 0}}",2,,ccoh-20211231.htm,0001271833,,"CCO Holdings Capital Corp.;CCO Holdings, LLC",1.0,338.0,1535.0,[],resolved,primary_10k_distinct_statement_sets_mapped,,,,1,one_statement_scope
0001271833-23-000003,2022,2,0001271833;0001271834,CCO HOLDINGS CAPITAL CORP | CCO HOLDINGS LLC,2,True,0001271833,"[[""0001271833""]]",,"{""0001271833"": {""audit_opinion_window_matches"": 2, ""balance_sheet_heading_matches"": 4, ""cash_flow_heading_matches"": 2, ""name"": ""CCO HOLDINGS LLC"", ""operations_heading_matches"": 3}, ""0001271834"": {""audit_opinion_window_matches"": 0, ""balance_sheet_heading_matches"": 0, ""cash_flow_heading_matches"": 0, ""name"": ""CCO HOLDINGS CAPITAL CORP"", ""operations_heading_matches"": 0}}",2,,ccoh-20221231.htm,0001271833,,"CCO Holdings Capital Corp.;CCO Holdings, LLC",1.0,201.0,1138.0,[],resolved,primary_10k_distinct_statement_sets_mapped,,,,1,one_statement_scope
0001271833-24-000003,2023,2,0001271833;0001271834,CCO HOLDINGS CAPITAL CORP | CCO HOLDINGS LLC,2,True,0001271833,"[[""0001271833""]]",,"{""0001271833"": {""audit_opinion_window_matches"": 2, ""balance_sheet_heading_matches"": 4, ""cash_flow_heading_matches"": 2, ""name"": ""CCO HOLDINGS LLC"", ""operations_heading_matches"": 4}, ""0001271834"": {""audit_opinion_window_matches"": 0, ""balance_sheet_heading_matches"": 0, ""cash_flow_heading_matches"": 0, ""name"": ""CCO HOLDINGS CAPITAL CORP"", ""operations_heading_matches"": 0}}",2,,ccoh-20231231.htm,0001271833,,"CCO Holdings Capital Corp.;CCO Holdings, LLC",1.0,205.0,1110.0,[],resolved,primary_10k_distinct_statement_sets_mapped,,,,1,one_statement_scope
0001271833-25-000005,2024,2,0001271833;0001271834,CCO HOLDINGS CAPITAL CORP | CCO HOLDINGS LLC,2,True,0001271833,"[[""0001271833""]]",,"{""0001271833"": {""audit_opinion_window_matches"": 2, ""balance_sheet_heading_matches"": 3, ""cash_flow_heading_matches"": 2, ""name"": ""CCO HOLDINGS LLC"", ""operations_heading_matches"": 3}, ""0001271834"": {""audit_opinion_window_matches"": 0, ""balance_sheet_heading_matches"": 0, ""cash_flow_heading_matches"": 0, ""name"": ""CCO HOLDINGS CAPITAL CORP"", ""operations_heading_matches"": 0}}",2,,ccoh-20241231.htm,0001271833,,"CCO Holdings Capital Corp.;CCO Holdings, LLC",1.0,227.0,1165.0,[],resolved,primary_10k_distinct_statement_sets_mapped,,,,1,one_statement_scope
0001282266-14-000008,2013,2,0001282266;0001585644,"WINDSTREAM CORP | WINDSTREAM HOLDINGS, INC.",2,True,0001282266;0001585644,"[[""0001282266""], [""0001585644""]]",,"{""0001282266"": {""audit_opinion_window_matches"": 2, ""balance_sheet_heading_matches"": 3, ""cash_flow_heading_matches"": 2, ""name"": ""WINDSTREAM HOLDINGS, INC."", ""operations_heading_matches"": 6}, ""0001585644"": {""audit_opinion_window_matches"": 2, ""balance_sheet_heading_matches"": 4, ""cash_flow_heading_matches"": 1, ""name"": ""WINDSTREAM CORP"", ""operations_heading_matches"": 9}}",4,,win-20131231.xml,0001282266,,"Windstream Corporation;Windstream Holdings, Inc.",1.0,644.0,4570.0,[],resolved,primary_10k_distinct_statement_sets_mapped,,,,2,multiple_distinct_statement_scopes
0001282266-15-000010,2014,2,0001282266;0001585644,"WINDSTREAM CORP | WINDSTREAM HOLDINGS, INC.",2,True,0001282266;0001585644,"[[""0001282266""], [""0001585644""]]",,"{""0001282266"": {""audit_opinion_window_matches"": 2, ""balance_sheet_heading_matches"": 3, ""cash_flow_heading_matches"": 2, ""name"": ""WINDSTREAM HOLDINGS, INC."", ""operations_heading_matches"": 6}, ""0001585644"": {""audit_opinion_window_matches"": 2, ""balance_sheet_heading_matches"": 4, ""cash_flow_heading_matches"": 1, ""name"": ""WINDSTREAM CORP"", ""operations_heading_matches"": 9}}",4,,win-20141231.xml,0001282266,,"Windstream Corporation;Windstream Holdings, Inc.",1.0,601.0,4229.0,[],resolved,primary_10k_distinct_statement_sets_mapped,,,,2,multiple_distinct_statement_scopes
0001282266-16-000059,2015,2,0001282266;0001585644,"WINDSTREAM HOLDINGS, INC. | WINDSTREAM SERVICES, LLC",2,True,0001282266;0001585644,"[[""0001282266""], [""0001585644""]]",,"{""0001282266"": {""audit_opinion_window_matches"": 1, ""balance_sheet_heading_matches"": 3, ""cash_flow_heading_matches"": 2, ""name"": ""WINDSTREAM HOLDINGS, INC."", ""operations_heading_matches"": 6}, ""0001585644"": {""audit_opinion_window_matches"": 1, ""balance_sheet_heading_matches"": 2, ""cash_flow_heading_matches"": 1, ""name"": ""WINDSTREAM SERVICES, LLC"", ""operations_heading_matches"": 5}}",2,,win-20151231.xml,0001282266,,"Windstream Holdings, Inc.;Windstream Services, LLC",1.0,576.0,3307.0,[],resolved,primary_10k_distinct_statement_sets_mapped,,,,2,multiple_distinct_statement_scopes
0001282266-17-000013,2016,2,0001282266;0001585644,"WINDSTREAM HOLDINGS, INC. | WINDSTREAM SERVICES, LLC",2,True,0001282266;0001585644,"[[""0001282266"", ""0001585644""], [""0001585644""]]",,"{""0001282266"": {""audit_opinion_window_matches"": 1, ""balance_sheet_heading_matches"": 3, ""cash_flow_heading_matches"": 2, ""name"": ""WINDSTREAM HOLDINGS, INC."", ""operations_heading_matches"": 6}, ""0001585644"": {""audit_opinion_window_matches"": 2, ""balance_sheet_heading_matches"": 2, ""cash_flow_heading_matches"": 1, ""name"": ""WINDSTREAM SERVICES, LLC"", ""operations_heading_matches"": 5}}",2,,win-20161231.xml,0001282266,,"Windstream Holdings, Inc.;Windstream Services, LLC",1.0,610.0,3376.0,[],resolved,primary_10k_distinct_statement_sets_mapped,,,,2,multiple_distinct_statement_scopes
0001282266-18-000016,2017,2,0001282266;0001585644,"WINDSTREAM HOLDINGS, INC. | WINDSTREAM SERVICES, LLC",2,True,0001282266;0001585644,"[[""0001282266"", ""0001585644""], [""0001585644""]]",,"{""0001282266"": {""audit_opinion_window_matches"": 1, ""balance_sheet_heading_matches"": 3, ""cash_flow_heading_matches"": 2, ""name"": ""WINDSTREAM HOLDINGS, INC."", ""operations_heading_matches"": 6}, ""0001585644"": {""audit_opinion_window_matches"": 2, ""balance_sheet_heading_matches"": 2, ""cash_flow_heading_matches"": 1, ""name"": ""WINDSTREAM SERVICES, LLC"", ""operations_heading_matches"": 5}}",4,,win-20171231.xml,0001282266,,"Windstream Holdings, Inc.;Windstream Services, LLC",1.0,690.0,3597.0,[],resolved,primary_10k_distinct_statement_sets_mapped,,,,2,multiple_distinct_statement_scopes
0001282266-19-000019,2018,2,0001282266;0001585644,"WINDSTREAM HOLDINGS, INC. | WINDSTREAM SERVICES, LLC",2,True,0001282266;0001585644,"[[""0001282266"", ""0001585644""], [""0001585644""]]",,"{""0001282266"": {""audit_opinion_window_matches"": 1, ""balance_sheet_heading_matches"": 3, ""cash_flow_heading_matches"": 2, ""name"": ""WINDSTREAM HOLDINGS, INC."", ""operations_heading_matches"": 6}, ""0001585644"": {""audit_opinion_window_matches"": 2, ""balance_sheet_heading_matches"": 2, ""cash_flow_heading_matches"": 1, ""name"": ""WINDSTREAM SERVICES, LLC"", ""operations_heading_matches"": 5}}",4,,win-20181231.xml,0001282266,,"Windstream Holdings, Inc.;Windstream Services, LLC",1.0,996.0,3829.0,[],resolved,primary_10k_distinct_statement_sets_mapped,,,,2,multiple_distinct_statement_scopes
0001282266-20-000022,2019,2,0001282266;0001585644,"WINDSTREAM HOLDINGS, INC. | WINDSTREAM SERVICES, LLC",2,True,0001282266;0001585644,"[[""0001282266"", ""0001585644""], [""0001585644""]]",,"{""0001282266"": {""audit_opinion_window_matches"": 1, ""balance_sheet_heading_matches"": 3, ""cash_flow_heading_matches"": 2, ""name"": ""WINDSTREAM HOLDINGS, INC."", ""operations_heading_matches"": 7}, ""0001585644"": {""audit_opinion_window_matches"": 2, ""balance_sheet_heading_matches"": 2, ""cash_flow_heading_matches"": 1, ""name"": ""WINDSTREAM SERVICES, LLC"", ""operations_heading_matches"": 6}}",4,,a201910k.htm,0001282266,,"Windstream Holdings, Inc.;Windstream Services, LLC",1.0,911.0,3102.0,[],resolved,primary_10k_distinct_statement_sets_mapped,,,,2,multiple_distinct_statement_scopes
0001299109-12-000005,2011,2,0001235662;0001299109,"PENINSULA GAMING CORP. | PENINSULA GAMING, LLC",2,True,0001299109,"[[""0001299109""]]",,"{""0001235662"": {""audit_opinion_window_matches"": 0, ""balance_sheet_heading_matches"": 0, ""cash_flow_heading_matches"": 0, ""name"": ""PENINSULA GAMING CORP."", ""operations_heading_matches"": 0}, ""0001299109"": {""audit_opinion_window_matches"": 2, ""balance_sheet_heading_matches"": 2, ""cash_flow_heading_matches"": 1, ""name"": ""Peninsula Gaming, LLC"", ""operations_heading_matches"": 2}}",2,,peng-20111231.xml,0001299109,,"Peninsula Gaming, LLC",1.0,35.0,373.0,[],resolved,primary_10k_distinct_statement_sets_mapped,,,,1,one_statement_scope
0001323274-14-000010,2013,2,0001053439;0001323274,"STANADYNE CORP | STANADYNE HOLDINGS, INC.",2,True,0001053439;0001323274,"[[""0001053439""], [""0001323274""]]",,"{""0001053439"": {""audit_opinion_window_matches"": 1, ""balance_sheet_heading_matches"": 4, ""cash_flow_heading_matches"": 2, ""name"": ""STANADYNE CORP"", ""operations_heading_matches"": 5}, ""0001323274"": {""audit_opinion_window_matches"": 1, ""balance_sheet_heading_matches"": 4, ""cash_flow_heading_matches"": 2, ""name"": ""Stanadyne Holdings, Inc."", ""operations_heading_matches"": 6}}",2,,ck0001323274-20131231.xml,0001323274,,"STANADYNE CORP;Stanadyne Holdings, Inc.",1.0,364.0,1773.0,[],resolved,primary_10k_distinct_statement_sets_mapped,,,,2,multiple_distinct_statement_scopes
0001336920-14-000007,2013,2,0000353394;0001336920,"LEIDOS HOLDINGS, INC. | Leidos, Inc.",2,True,0000353394;0001336920,"[[""0000353394"", ""0001336920""], [""0001336920""]]",,"{""0000353394"": {""audit_opinion_window_matches"": 3, ""balance_sheet_heading_matches"": 4, ""cash_flow_heading_matches"": 1, ""name"": ""Leidos, Inc."", ""operations_heading_matches"": 4}, ""0001336920"": {""audit_opinion_window_matches"": 4, ""balance_sheet_heading_matches"": 5, ""cash_flow_heading_matches"": 2, ""name"": ""Leidos Holdings, Inc."", ""operations_heading_matches"": 7}}",4,,ldos-20140131.xml,0001336920,,"LEIDOS, INC.;Leidos Holdings, Inc.",1.0,328.0,1795.0,[],resolved,manual_two_distinct_audited_statement_scopes,Separate audit opinions and complete annual consolidated statements are presented for the parent and operating registrant under the historical SAIC and later Leidos names.,saic_leidos_two_separate_statement_scopes,,2,multiple_distinct_statement_scopes
0001336920-15-000010,2014,2,0000353394;0001336920,"LEIDOS HOLDINGS, INC. | Leidos, Inc.",2,True,0000353394;0001336920,"[[""0000353394"", ""0001336920""], [""0001336920""]]",,"{""0000353394"": {""audit_opinion_window_matches"": 3, ""balance_sheet_heading_matches"": 5, ""cash_flow_heading_matches"": 2, ""name"": ""Leidos, Inc."", ""operations_heading_matches"": 4}, ""0001336920"": {""audit_opinion_window_matches"": 4, ""balance_sheet_heading_matches"": 5, ""cash_flow_heading_matches"": 4, ""name"": ""Leidos Holdings, Inc."", ""operations_heading_matches"": 7}}",4,,ldos-20150130.xml,0001336920,,"LEIDOS, INC.;Leidos Holdings, Inc.",1.0,358.0,1842.0,[],resolved,manual_two_distinct_audited_statement_scopes,Separate audit opinions and complete annual consolidated statements are presented for the parent and operating registrant under the historical SAIC and later Leidos names.,saic_leidos_two_separate_statement_scopes,,2,multiple_distinct_statement_scopes
0001339048-17-000008,2016,2,0001339048;0001533454,"Northern Tier Energy LP | WESTERN REFINING, INC.",2,True,0001339048;0001533454,"[[""0001339048""], [""0001533454""]]",,"{""0001339048"": {""audit_opinion_window_matches"": 2, ""balance_sheet_heading_matches"": 4, ""cash_flow_heading_matches"": 5, ""name"": ""Western Refining, Inc."", ""operations_heading_matches"": 8}, ""0001533454"": {""audit_opinion_window_matches"": 2, ""balance_sheet_heading_matches"": 3, ""cash_flow_heading_matches"": 1, ""name"": ""Northern Tier Energy LP"", ""operations_heading_matches"": 3}}",4,,wnr-20161231.xml,0001339048,,"Northern Tier Energy LP;Western Refining, Inc.",1.0,940.0,4310.0,[],resolved,primary_10k_distinct_statement_sets_mapped,,,,2,multiple_distinct_statement_scopes
0001345126-15-000005,2014,2,0001345122;0001345126,COMPASS DIVERSIFIED HOLDINGS | Compass Group Diversified Holdings LLC,2,True,0001345126,"[[""0001345126""]]",,"{""0001345122"": {""audit_opinion_window_matches"": 0, ""balance_sheet_heading_matches"": 0, ""cash_flow_heading_matches"": 0, ""name"": ""Compass Group Diversified Holdings LLC"", ""operations_heading_matches"": 0}, ""0001345126"": {""audit_opinion_window_matches"": 3, ""balance_sheet_heading_matches"": 2, ""cash_flow_heading_matches"": 1, ""name"": ""Compass Diversified Holdings"", ""operations_heading_matches"": 3}}",3,,codi-20141231.xml,0001345126,,Compass Diversified Holdings,1.0,573.0,1731.0,[],resolved,primary_10k_distinct_statement_sets_mapped,,,,1,one_statement_scope
0001345126-16-000051,2015,2,0001345122;0001345126,COMPASS DIVERSIFIED HOLDINGS | Compass Group Diversified Holdings LLC,2,True,0001345126,"[[""0001345126""]]",,"{""0001345122"": {""audit_opinion_window_matches"": 0, ""balance_sheet_heading_matches"": 0, ""cash_flow_heading_matches"": 0, ""name"": ""Compass Group Diversified Holdings LLC"", ""operations_heading_matches"": 0}, ""0001345126"": {""audit_opinion_window_matches"": 3, ""balance_sheet_heading_matches"": 2, ""cash_flow_heading_matches"": 1, ""name"": ""Compass Diversified Holdings"", ""operations_heading_matches"": 3}}",3,,codi-20151231.xml,0001345126,,Compass Diversified Holdings,1.0,569.0,1900.0,[],resolved,primary_10k_distinct_statement_sets_mapped,,,,1,one_statement_scope
0001345126-17-000012,2016,2,0001345122;0001345126,COMPASS DIVERSIFIED HOLDINGS | Compass Group Diversified Holdings LLC,2,True,0001345126,"[[""0001345126""]]",,"{""0001345122"": {""audit_opinion_window_matches"": 0, ""balance_sheet_heading_matches"": 0, ""cash_flow_heading_matches"": 0, ""name"": ""Compass Group Diversified Holdings LLC"", ""operations_heading_matches"": 0}, ""0001345126"": {""audit_opinion_window_matches"": 3, ""balance_sheet_heading_matches"": 2, ""cash_flow_heading_matches"": 2, ""name"": ""Compass Diversified Holdings"", ""operations_heading_matches"": 3}}",3,,codi-20161231.xml,0001345126,,Compass Diversified Holdings,1.0,670.0,1969.0,[],resolved,primary_10k_distinct_statement_sets_mapped,,,,1,one_statement_scope
0001345126-18-000014,2017,2,0001345122;0001345126,COMPASS DIVERSIFIED HOLDINGS | Compass Group Diversified Holdings LLC,2,True,0001345126,"[[""0001345126""]]",,"{""0001345122"": {""audit_opinion_window_matches"": 0, ""balance_sheet_heading_matches"": 0, ""cash_flow_heading_matches"": 0, ""name"": ""Compass Group Diversified Holdings LLC"", ""operations_heading_matches"": 0}, ""0001345126"": {""audit_opinion_window_matches"": 1, ""balance_sheet_heading_matches"": 2, ""cash_flow_heading_matches"": 2, ""name"": ""Compass Diversified Holdings"", ""operations_heading_matches"": 3}}",1,,codi-20171231.xml,0001345126,,Compass Diversified Holdings,1.0,686.0,2051.0,[],resolved,primary_10k_distinct_statement_sets_mapped,,,,1,one_statement_scope
0001345126-19-000008,2018,2,0001345122;0001345126,COMPASS DIVERSIFIED HOLDINGS | Compass Group Diversified Holdings LLC,2,True,0001345126,"[[""0001345126""]]",,"{""0001345122"": {""audit_opinion_window_matches"": 0, ""balance_sheet_heading_matches"": 0, ""cash_flow_heading_matches"": 0, ""name"": ""Compass Group Diversified Holdings LLC"", ""operations_heading_matches"": 0}, ""0001345126"": {""audit_opinion_window_matches"": 1, ""balance_sheet_heading_matches"": 2, ""cash_flow_heading_matches"": 2, ""name"": ""Compass Diversified Holdings"", ""operations_heading_matches"": 3}}",1,,codi-20181231.xml,0001345126,,Compass Diversified Holdings,1.0,844.0,2355.0,[],resolved,primary_10k_distinct_statement_sets_mapped,,,,1,one_statement_scope
0001345126-20-000007,2019,2,0001345122;0001345126,COMPASS DIVERSIFIED HOLDINGS | Compass Group Diversified Holdings LLC,2,True,0001345126,"[[""0001345126""]]",,"{""0001345122"": {""audit_opinion_window_matches"": 0, ""balance_sheet_heading_matches"": 0, ""cash_flow_heading_matches"": 0, ""name"": ""Compass Group Diversified Holdings LLC"", ""operations_heading_matches"": 0}, ""0001345126"": {""audit_opinion_window_matches"": 1, ""balance_sheet_heading_matches"": 4, ""cash_flow_heading_matches"": 2, ""name"": ""Compass Diversified Holdings"", ""operations_heading_matches"": 3}}",1,,a1231201910k.htm,0001345126,,Compass Diversified Holdings,1.0,747.0,2313.0,[],resolved,primary_10k_distinct_statement_sets_mapped,,,,1,one_statement_scope
0001345126-21-000007,2020,2,0001345122;0001345126,COMPASS DIVERSIFIED HOLDINGS | Compass Group Diversified Holdings LLC,2,True,0001345126,"[[""0001345126""]]",,"{""0001345122"": {""audit_opinion_window_matches"": 0, ""balance_sheet_heading_matches"": 0, ""cash_flow_heading_matches"": 0, ""name"": ""Compass Group Diversified Holdings LLC"", ""operations_heading_matches"": 0}, ""0001345126"": {""audit_opinion_window_matches"": 1, ""balance_sheet_heading_matches"": 3, ""cash_flow_heading_matches"": 2, ""name"": ""Compass Diversified Holdings"", ""operations_heading_matches"": 3}}",1,,codi-20201231.htm,0001345126,,Compass Diversified Holdings,1.0,791.0,2417.0,[],resolved,primary_10k_distinct_statement_sets_mapped,,,,1,one_statement_scope
0001345126-22-000014,2021,2,0001345122;0001345126,COMPASS DIVERSIFIED HOLDINGS | Compass Group Diversified Holdings LLC,2,True,0001345126,"[[""0001345126""]]",,"{""0001345122"": {""audit_opinion_window_matches"": 0, ""balance_sheet_heading_matches"": 0, ""cash_flow_heading_matches"": 0, ""name"": ""Compass Group Diversified Holdings LLC"", ""operations_heading_matches"": 0}, ""0001345126"": {""audit_opinion_window_matches"": 1, ""balance_sheet_heading_matches"": 6, ""cash_flow_heading_matches"": 2, ""name"": ""Compass Diversified Holdings"", ""operations_heading_matches"": 3}}",1,,codi-20211231.htm,0001345126,,Compass Diversified Holdings,1.0,750.0,2421.0,[],resolved,primary_10k_distinct_statement_sets_mapped,,,,1,one_statement_scope
0001345126-23-000020,2022,2,0001345122;0001345126,COMPASS DIVERSIFIED HOLDINGS | Compass Group Diversified Holdings LLC,2,True,0001345126,"[[""0001345126""]]",,"{""0001345122"": {""audit_opinion_window_matches"": 0, ""balance_sheet_heading_matches"": 0, ""cash_flow_heading_matches"": 0, ""name"": ""Compass Group Diversified Holdings LLC"", ""operations_heading_matches"": 0}, ""0001345126"": {""audit_opinion_window_matches"": 1, ""balance_sheet_heading_matches"": 5, ""cash_flow_heading_matches"": 2, ""name"": ""Compass Diversified Holdings"", ""operations_heading_matches"": 4}}",1,,codi-20221231.htm,0001345126,,Compass Diversified Holdings,1.0,854.0,2485.0,[],resolved,primary_10k_distinct_statement_sets_mapped,,,,1,one_statement_scope
0001345126-24-000016,2023,2,0001345122;0001345126,COMPASS DIVERSIFIED HOLDINGS | Compass Group Diversified Holdings LLC,2,True,0001345126,"[[""0001345126""]]",,"{""0001345122"": {""audit_opinion_window_matches"": 0, ""balance_sheet_heading_matches"": 0, ""cash_flow_heading_matches"": 0, ""name"": ""Compass Group Diversified Holdings LLC"", ""operations_heading_matches"": 0}, ""0001345126"": {""audit_opinion_window_matches"": 1, ""balance_sheet_heading_matches"": 4, ""cash_flow_heading_matches"": 2, ""name"": ""Compass Diversified Holdings"", ""operations_heading_matches"": 4}}",1,,codi-20231231.htm,0001345126,,Compass Diversified Holdings,1.0,793.0,2461.0,[],resolved,primary_10k_distinct_statement_sets_mapped,,,,1,one_statement_scope
0001345126-25-000015,2024,2,0001345122;0001345126,COMPASS DIVERSIFIED HOLDINGS | Compass Group Diversified Holdings LLC,2,True,0001345126,"[[""0001345126""]]",,"{""0001345122"": {""audit_opinion_window_matches"": 0, ""balance_sheet_heading_matches"": 0, ""cash_flow_heading_matches"": 0, ""name"": ""Compass Group Diversified Holdings LLC"", ""operations_heading_matches"": 0}, ""0001345126"": {""audit_opinion_window_matches"": 2, ""balance_sheet_heading_matches"": 6, ""cash_flow_heading_matches"": 2, ""name"": ""Compass Diversified Holdings"", ""operations_heading_matches"": 4}}",2,,codi-20241231.htm,0001345126,,Compass Diversified Holdings,1.0,777.0,2585.0,[],resolved,primary_10k_distinct_statement_sets_mapped,,,,1,one_statement_scope
0001364652-14-000007,2013,2,0001140184;0001364652,"IPAYMENT, INC. | iPayment Holdings, Inc",2,True,0001140184;0001364652,"[[""0001140184""], [""0001140184"", ""0001364652""], [""0001364652""]]",,"{""0001140184"": {""audit_opinion_window_matches"": 3, ""balance_sheet_heading_matches"": 6, ""cash_flow_heading_matches"": 3, ""name"": ""iPayment, Inc."", ""operations_heading_matches"": 3}, ""0001364652"": {""audit_opinion_window_matches"": 2, ""balance_sheet_heading_matches"": 2, ""cash_flow_heading_matches"": 1, ""name"": ""iPayment Holdings, Inc"", ""operations_heading_matches"": 0}}",4,,ipmt-20131231.xml,0001140184,,"iPayment Holdings, Inc;iPayment, Inc.",1.0,400.0,2359.0,[],resolved,primary_10k_distinct_statement_sets_mapped,,,,2,multiple_distinct_statement_scopes
0001368775-11-000003,2011,2,0000718916;0001368775,"BURLINGTON COAT FACTORY WAREHOUSE CORP | Burlington Coat Factory Investments Holdings, Inc.",2,False,0001368775,"[[""0001368775""]]",,"{""0000718916"": {""audit_opinion_window_matches"": 0, ""balance_sheet_heading_matches"": 0, ""cash_flow_heading_matches"": 0, ""name"": ""BURLINGTON COAT FACTORY WAREHOUSE CORP"", ""operations_heading_matches"": 0}, ""0001368775"": {""audit_opinion_window_matches"": 3, ""balance_sheet_heading_matches"": 4, ""cash_flow_heading_matches"": 5, ""name"": ""Burlington Coat Factory Investments Holdings, Inc."", ""operations_heading_matches"": 6}}",3,,,,,,,,,[],resolved,manual_primary_statement_review,"The only audited consolidated suite is Burlington Coat Factory Investments Holdings, Inc. and subsidiaries; Warehouse Corp is included in that scope and has no separate annual suite.",,,1,one_statement_scope
0001391390-12-000030,2011,1,0001391390,BOISE INC.,2,True,0001391390;0001475448,"[[""0001391390""], [""0001391390"", ""0001475448""], [""0001475448""]]",,"{""0001391390"": {""audit_opinion_window_matches"": 3, ""balance_sheet_heading_matches"": 7, ""cash_flow_heading_matches"": 3, ""name"": ""BOISE INC."", ""operations_heading_matches"": 7}, ""0001475448"": {""audit_opinion_window_matches"": 2, ""balance_sheet_heading_matches"": 7, ""cash_flow_heading_matches"": 5, ""name"": ""BZ INTERMEDIATE HOLDINGS LLC"", ""operations_heading_matches"": 6}}",4,,bz-20111231.xml,0001391390,,BOISE INC.;BZ INTERMEDIATE HOLDINGS LLC,1.0,377.0,3012.0,[],resolved,primary_10k_distinct_statement_sets_mapped,,,,2,multiple_distinct_statement_scopes
0001391390-13-000027,2012,1,0001391390,BOISE INC.,2,True,0001391390;0001475448,"[[""0001391390""], [""0001391390"", ""0001475448""], [""0001475448""]]",,"{""0001391390"": {""audit_opinion_window_matches"": 3, ""balance_sheet_heading_matches"": 7, ""cash_flow_heading_matches"": 3, ""name"": ""BOISE INC."", ""operations_heading_matches"": 7}, ""0001475448"": {""audit_opinion_window_matches"": 2, ""balance_sheet_heading_matches"": 7, ""cash_flow_heading_matches"": 5, ""name"": ""BZ INTERMEDIATE HOLDINGS LLC"", ""operations_heading_matches"": 10}}",4,,bz-20121231.xml,0001391390,,BOISE INC.;BZ INTERMEDIATE HOLDINGS LLC,1.0,386.0,3203.0,[],resolved,primary_10k_distinct_statement_sets_mapped,,,,2,multiple_distinct_statement_scopes
0001402366-13-000006,2013,2,0000351346;0001402366,"BIOMET INC | LVB ACQUISITION, INC.",2,True,0000351346;0001402366,"[[""0000351346""], [""0000351346"", ""0001402366""], [""0001402366""]]",,"{""0000351346"": {""audit_opinion_window_matches"": 3, ""balance_sheet_heading_matches"": 4, ""cash_flow_heading_matches"": 2, ""name"": ""BIOMET INC"", ""operations_heading_matches"": 4}, ""0001402366"": {""audit_opinion_window_matches"": 4, ""balance_sheet_heading_matches"": 4, ""cash_flow_heading_matches"": 2, ""name"": ""LVB Acquisition, Inc."", ""operations_heading_matches"": 3}}",6,,bmet-20130531.xml,0001402366,,"BIOMET INC;LVB Acquisition, Inc.",1.0,502.0,2363.0,[],resolved,primary_10k_distinct_statement_sets_mapped,,,,2,multiple_distinct_statement_scopes
0001402366-14-000016,2014,2,0000351346;0001402366,"BIOMET INC | LVB ACQUISITION, INC.",2,True,0000351346;0001402366,"[[""0000351346""], [""0000351346"", ""0001402366""], [""0001402366""]]",,"{""0000351346"": {""audit_opinion_window_matches"": 3, ""balance_sheet_heading_matches"": 4, ""cash_flow_heading_matches"": 2, ""name"": ""BIOMET INC"", ""operations_heading_matches"": 4}, ""0001402366"": {""audit_opinion_window_matches"": 4, ""balance_sheet_heading_matches"": 5, ""cash_flow_heading_matches"": 3, ""name"": ""LVB Acquisition, Inc."", ""operations_heading_matches"": 4}}",6,,bmet-20140531.xml,0001402366,,"BIOMET INC;LVB Acquisition, Inc.",1.0,515.0,2478.0,[],resolved,primary_10k_distinct_statement_sets_mapped,,,,2,multiple_distinct_statement_scopes
0001405041-17-000006,2016,2,0001405041;0001624826,MOMENTIVE PERFORMANCE MATERIALS INC. | MPM Holdings Inc.,2,True,0001405041;0001624826,"[[""0001405041""], [""0001624826""]]",,"{""0001405041"": {""audit_opinion_window_matches"": 4, ""balance_sheet_heading_matches"": 5, ""cash_flow_heading_matches"": 5, ""name"": ""Momentive Performance Materials Inc."", ""operations_heading_matches"": 9}, ""0001624826"": {""audit_opinion_window_matches"": 4, ""balance_sheet_heading_matches"": 3, ""cash_flow_heading_matches"": 2, ""name"": ""MPM Holdings Inc."", ""operations_heading_matches"": 5}}",8,,mpmi-20161231.xml,0001405041,,MPM Holdings Inc.;Momentive Performance Materials Inc.,1.0,389.0,2635.0,[],resolved,primary_10k_distinct_statement_sets_mapped,,,,2,multiple_distinct_statement_scopes
0001405041-18-000004,2017,2,0001405041;0001624826,MOMENTIVE PERFORMANCE MATERIALS INC. | MPM Holdings Inc.,2,True,0001405041;0001624826,"[[""0001405041""], [""0001624826""]]",,"{""0001405041"": {""audit_opinion_window_matches"": 1, ""balance_sheet_heading_matches"": 5, ""cash_flow_heading_matches"": 4, ""name"": ""Momentive Performance Materials Inc."", ""operations_heading_matches"": 8}, ""0001624826"": {""audit_opinion_window_matches"": 1, ""balance_sheet_heading_matches"": 4, ""cash_flow_heading_matches"": 2, ""name"": ""MPM Holdings Inc."", ""operations_heading_matches"": 6}}",4,,mpmi-20171231.xml,0001405041,,MPM Holdings Inc.;Momentive Performance Materials Inc.,1.0,316.0,2541.0,[],resolved,primary_10k_distinct_statement_sets_mapped,,,,2,multiple_distinct_statement_scopes
0001421182-14-000024,2013,2,0001395864;0001421182,VERSO PAPER CORP. | Verso Paper Holdings LLC,2,True,0001395864;0001421182,"[[""0001395864""], [""0001395864"", ""0001421182""], [""0001421182""]]",,"{""0001395864"": {""audit_opinion_window_matches"": 5, ""balance_sheet_heading_matches"": 3, ""cash_flow_heading_matches"": 4, ""name"": ""Verso Paper Holdings LLC"", ""operations_heading_matches"": 4}, ""0001421182"": {""audit_opinion_window_matches"": 3, ""balance_sheet_heading_matches"": 1, ""cash_flow_heading_matches"": 1, ""name"": ""Verso Paper Corp."", ""operations_heading_matches"": 2}}",8,,vrs-20131231.xml,0001421182,,VERSO PAPER CORP.;VERSO PAPER HOLDINGS LLC,1.0,455.0,2101.0,[],resolved,primary_10k_distinct_statement_sets_mapped,,,,2,multiple_distinct_statement_scopes
0001421182-15-000010,2014,2,0001395864;0001421182,VERSO CORP | Verso Paper Holdings LLC,2,True,0001395864;0001421182,"[[""0001395864""], [""0001395864"", ""0001421182""], [""0001421182""]]",,"{""0001395864"": {""audit_opinion_window_matches"": 4, ""balance_sheet_heading_matches"": 3, ""cash_flow_heading_matches"": 4, ""name"": ""Verso Paper Holdings LLC"", ""operations_heading_matches"": 4}, ""0001421182"": {""audit_opinion_window_matches"": 4, ""balance_sheet_heading_matches"": 2, ""cash_flow_heading_matches"": 1, ""name"": ""Verso Corp"", ""operations_heading_matches"": 2}}",8,,vrs-20141231.xml,0001421182,,VERSO CORPORATION;VERSO PAPER HOLDINGS LLC,1.0,469.0,2205.0,[],resolved,primary_10k_distinct_statement_sets_mapped,,,,2,multiple_distinct_statement_scopes
0001421182-16-000085,2015,2,0001395864;0001421182,VERSO CORP | Verso Paper Holdings LLC,2,True,0001395864;0001421182,"[[""0001395864""], [""0001395864"", ""0001421182""]]",,"{""0001395864"": {""audit_opinion_window_matches"": 2, ""balance_sheet_heading_matches"": 3, ""cash_flow_heading_matches"": 4, ""name"": ""Verso Paper Holdings LLC"", ""operations_heading_matches"": 4}, ""0001421182"": {""audit_opinion_window_matches"": 1, ""balance_sheet_heading_matches"": 2, ""cash_flow_heading_matches"": 1, ""name"": ""Verso Corp"", ""operations_heading_matches"": 2}}",4,,vrs-20151231.xml,0001421182,,VERSO CORPORATION;VERSO PAPER HOLDINGS LLC,1.0,500.0,2453.0,[],resolved,primary_10k_distinct_statement_sets_mapped,,,,2,multiple_distinct_statement_scopes
0001428875-15-000015,2014,2,0001052045;0001428875,"SERVICEMASTER CO, LLC | SERVICEMASTER GLOBAL HOLDINGS INC",2,True,0001052045;0001428875,"[[""0001052045""], [""0001428875""]]",,"{""0001052045"": {""audit_opinion_window_matches"": 3, ""balance_sheet_heading_matches"": 4, ""cash_flow_heading_matches"": 4, ""name"": ""SERVICEMASTER CO, LLC"", ""operations_heading_matches"": 5}, ""0001428875"": {""audit_opinion_window_matches"": 3, ""balance_sheet_heading_matches"": 2, ""cash_flow_heading_matches"": 1, ""name"": ""SERVICEMASTER GLOBAL HOLDINGS INC"", ""operations_heading_matches"": 2}}",6,,serv-20141231.xml,0001428875,,SERVICEMASTER GLOBAL HOLDINGS INC,1.0,451.0,2259.0,[],resolved,primary_10k_distinct_statement_sets_mapped,,,,2,multiple_distinct_statement_scopes
0001437749-21-002772,2020,2,0001089748;0001307954,HUNTSMAN CORP | HUNTSMAN INTERNATIONAL LLC,2,True,0001089748;0001307954,"[[""0001089748""], [""0001089748"", ""0001307954""]]",,"{""0001089748"": {""audit_opinion_window_matches"": 2, ""balance_sheet_heading_matches"": 3, ""cash_flow_heading_matches"": 2, ""name"": ""HUNTSMAN INTERNATIONAL LLC"", ""operations_heading_matches"": 4}, ""0001307954"": {""audit_opinion_window_matches"": 1, ""balance_sheet_heading_matches"": 4, ""cash_flow_heading_matches"": 3, ""name"": ""Huntsman CORP"", ""operations_heading_matches"": 7}}",2,,hun20201231_10k.htm,0001307954,,Huntsman Corporation;Huntsman International LLC,1.0,1012.0,5073.0,[],resolved,primary_10k_distinct_statement_sets_mapped,,,,2,multiple_distinct_statement_scopes
0001437749-22-003430,2021,2,0001089748;0001307954,HUNTSMAN CORP | HUNTSMAN INTERNATIONAL LLC,2,True,0001089748;0001307954,"[[""0001089748""], [""0001089748"", ""0001307954""]]",,"{""0001089748"": {""audit_opinion_window_matches"": 2, ""balance_sheet_heading_matches"": 3, ""cash_flow_heading_matches"": 2, ""name"": ""HUNTSMAN INTERNATIONAL LLC"", ""operations_heading_matches"": 3}, ""0001307954"": {""audit_opinion_window_matches"": 1, ""balance_sheet_heading_matches"": 4, ""cash_flow_heading_matches"": 3, ""name"": ""Huntsman CORP"", ""operations_heading_matches"": 6}}",2,,hun20211231_10k.htm,0001307954,,Huntsman Corporation;Huntsman International LLC,1.0,957.0,4760.0,[],resolved,primary_10k_distinct_statement_sets_mapped,,,,2,multiple_distinct_statement_scopes
0001437749-23-003950,2022,2,0001089748;0001307954,HUNTSMAN CORP | HUNTSMAN INTERNATIONAL LLC,2,True,0001089748;0001307954,"[[""0001089748""], [""0001089748"", ""0001307954""]]",,"{""0001089748"": {""audit_opinion_window_matches"": 2, ""balance_sheet_heading_matches"": 3, ""cash_flow_heading_matches"": 1, ""name"": ""HUNTSMAN INTERNATIONAL LLC"", ""operations_heading_matches"": 3}, ""0001307954"": {""audit_opinion_window_matches"": 1, ""balance_sheet_heading_matches"": 4, ""cash_flow_heading_matches"": 2, ""name"": ""Huntsman CORP"", ""operations_heading_matches"": 6}}",2,,hun20221231_10k.htm,0001307954,,Huntsman Corporation;Huntsman International LLC,1.0,882.0,4599.0,[],resolved,primary_10k_distinct_statement_sets_mapped,,,,2,multiple_distinct_statement_scopes
0001437749-24-005185,2023,2,0001089748;0001307954,HUNTSMAN CORP | HUNTSMAN INTERNATIONAL LLC,2,True,0001089748;0001307954,"[[""0001089748""], [""0001089748"", ""0001307954""]]",,"{""0001089748"": {""audit_opinion_window_matches"": 2, ""balance_sheet_heading_matches"": 3, ""cash_flow_heading_matches"": 1, ""name"": ""HUNTSMAN INTERNATIONAL LLC"", ""operations_heading_matches"": 3}, ""0001307954"": {""audit_opinion_window_matches"": 1, ""balance_sheet_heading_matches"": 4, ""cash_flow_heading_matches"": 2, ""name"": ""Huntsman CORP"", ""operations_heading_matches"": 6}}",2,,hun20231231_10k.htm,0001307954,,Huntsman Corporation;Huntsman International LLC,1.0,852.0,4408.0,[],resolved,primary_10k_distinct_statement_sets_mapped,,,,2,multiple_distinct_statement_scopes
0001437749-25-004205,2024,2,0001089748;0001307954,HUNTSMAN CORP | HUNTSMAN INTERNATIONAL LLC,2,True,0001089748;0001307954,"[[""0001089748""], [""0001089748"", ""0001307954""]]",,"{""0001089748"": {""audit_opinion_window_matches"": 2, ""balance_sheet_heading_matches"": 3, ""cash_flow_heading_matches"": 1, ""name"": ""HUNTSMAN INTERNATIONAL LLC"", ""operations_heading_matches"": 1}, ""0001307954"": {""audit_opinion_window_matches"": 1, ""balance_sheet_heading_matches"": 4, ""cash_flow_heading_matches"": 2, ""name"": ""Huntsman CORP"", ""operations_heading_matches"": 4}}",2,,hun20241231_10k.htm,0001307954,,Huntsman Corporation;Huntsman International LLC,1.0,811.0,4146.0,[],resolved,primary_10k_distinct_statement_sets_mapped,,,,2,multiple_distinct_statement_scopes
0001445305-12-000134,2011,2,0001047166;0001067701,UNITED RENTALS INC /DE | UNITED RENTALS NORTH AMERICA INC,2,False,0001067701,"[[""0001067701""]]",,"{""0001047166"": {""audit_opinion_window_matches"": 0, ""balance_sheet_heading_matches"": 0, ""cash_flow_heading_matches"": 0, ""name"": ""UNITED RENTALS NORTH AMERICA INC"", ""operations_heading_matches"": 0}, ""0001067701"": {""audit_opinion_window_matches"": 2, ""balance_sheet_heading_matches"": 3, ""cash_flow_heading_matches"": 2, ""name"": ""UNITED RENTALS INC /DE"", ""operations_heading_matches"": 4}}",2,,,,,,,,,[],resolved,manual_primary_statement_review,"The only audited annual suite is United Rentals, Inc.; United Rentals (North America), Inc. uses reduced disclosure and has no separate suite.",,,1,one_statement_scope
0001445305-14-001222,2013,2,0001571116;0001571117,TRUVEN HOLDING CORP. | Truven Health Analytics Inc.,2,True,0001571116,"[[""0001571116""]]",,"{""0001571116"": {""audit_opinion_window_matches"": 2, ""balance_sheet_heading_matches"": 4, ""cash_flow_heading_matches"": 2, ""name"": ""Truven Holding Corp."", ""operations_heading_matches"": 3}, ""0001571117"": {""audit_opinion_window_matches"": 0, ""balance_sheet_heading_matches"": 0, ""cash_flow_heading_matches"": 0, ""name"": ""Truven Health Analytics Inc."", ""operations_heading_matches"": 0}}",2,,tha-20131231.xml,0001571116,,Truven Health Analytics Inc.;Truven Holding Corp.,1.0,281.0,1223.0,[],resolved,primary_10k_distinct_statement_sets_mapped,,,,1,one_statement_scope
0001487730-15-000037,2015,2,0001487730;0001592706,"SB/RH Holdings, LLC | SPECTRUM BRANDS HOLDINGS, INC.",2,True,0001487730;0001592706,"[[""0001487730""], [""0001487730"", ""0001592706""], [""0001592706""]]",,"{""0001487730"": {""audit_opinion_window_matches"": 2, ""balance_sheet_heading_matches"": 5, ""cash_flow_heading_matches"": 3, ""name"": ""Spectrum Brands Holdings, Inc."", ""operations_heading_matches"": 8}, ""0001592706"": {""audit_opinion_window_matches"": 3, ""balance_sheet_heading_matches"": 5, ""cash_flow_heading_matches"": 3, ""name"": ""SB/RH Holdings, LLC"", ""operations_heading_matches"": 8}}",4,,c730-20150930.xml,0001487730,,"SB/RH Holdings, LLC;Spectrum Brands Holdings, Inc.",1.0,866.0,3267.0,[],resolved,primary_10k_distinct_statement_sets_mapped,,,,2,multiple_distinct_statement_scopes
0001487730-16-000073,2016,2,0001487730;0001592706,"SB/RH Holdings, LLC | SPECTRUM BRANDS HOLDINGS, INC.",2,True,0001487730;0001592706,"[[""0001487730""], [""0001487730"", ""0001592706""], [""0001592706""]]",,"{""0001487730"": {""audit_opinion_window_matches"": 2, ""balance_sheet_heading_matches"": 3, ""cash_flow_heading_matches"": 2, ""name"": ""Spectrum Brands Holdings, Inc."", ""operations_heading_matches"": 8}, ""0001592706"": {""audit_opinion_window_matches"": 3, ""balance_sheet_heading_matches"": 3, ""cash_flow_heading_matches"": 2, ""name"": ""SB/RH Holdings, LLC"", ""operations_heading_matches"": 7}}",4,,c730-20160930.xml,0001487730,,"SB/RH Holdings, LLC;Spectrum Brands Holdings, Inc.",1.0,828.0,3241.0,[],resolved,primary_10k_distinct_statement_sets_mapped,,,,2,multiple_distinct_statement_scopes
0001487730-17-000040,2017,2,0001487730;0001592706,"SB/RH Holdings, LLC | Spectrum Brands Holdings, Inc.",2,False,0001487730;0001592706,"[[""0001487730""], [""0001487730"", ""0001592706""], [""0001592706""]]",,"{""0001487730"": {""audit_opinion_window_matches"": 2, ""balance_sheet_heading_matches"": 4, ""cash_flow_heading_matches"": 2, ""name"": ""Spectrum Brands Holdings, Inc."", ""operations_heading_matches"": 8}, ""0001592706"": {""audit_opinion_window_matches"": 3, ""balance_sheet_heading_matches"": 4, ""cash_flow_heading_matches"": 2, ""name"": ""SB/RH Holdings, LLC"", ""operations_heading_matches"": 7}}",4,,,,,,,,,"[[""0001487730"", ""0001592706""]]",resolved,manual_primary_statement_review,"Separate audit opinions and complete annual consolidated statements are presented for Spectrum Brands Holdings, Inc. and SB/RH Holdings, LLC.",,,2,multiple_distinct_statement_scopes
0001534504-14-000011,2013,2,0001534504;0001566011,PBF ENERGY INC. | PBF Holding Co LLC,3,True,0001534504;0001566011,"[[""0001534504""], [""0001534504"", ""0001566011""], [""0001566011""]]",,"{""0001534504"": {""audit_opinion_window_matches"": 3, ""balance_sheet_heading_matches"": 3, ""cash_flow_heading_matches"": 2, ""name"": ""PBF Energy Inc."", ""operations_heading_matches"": 4}, ""0001566011"": {""audit_opinion_window_matches"": 2, ""balance_sheet_heading_matches"": 6, ""cash_flow_heading_matches"": 5, ""name"": ""PBF Holding Co LLC"", ""operations_heading_matches"": 7}, ""0001566097"": {""audit_opinion_window_matches"": 0, ""balance_sheet_heading_matches"": 0, ""cash_flow_heading_matches"": 0, ""name"": ""PBF Finance Corp"", ""operations_heading_matches"": 0}}",4,,pbf-20131231.xml,0001534504,,PBF ENERGY INC.;PBF FINANCE CORPORATION;PBF HOLDING COMPANY LLC,1.0,513.0,2610.0,[],resolved,primary_10k_distinct_statement_sets_mapped,,,,2,multiple_distinct_statement_scopes
0001534504-18-000016,2017,2,0001534504;0001566011,PBF ENERGY INC. | PBF Holding Co LLC,2,True,0001534504,"[[""0001534504""]]",,"{""0001534504"": {""audit_opinion_window_matches"": 1, ""balance_sheet_heading_matches"": 3, ""cash_flow_heading_matches"": 2, ""name"": ""PBF Energy Inc."", ""operations_heading_matches"": 4}, ""0001566011"": {""audit_opinion_window_matches"": 0, ""balance_sheet_heading_matches"": 0, ""cash_flow_heading_matches"": 0, ""name"": ""PBF Holding Co LLC"", ""operations_heading_matches"": 0}}",1,,pbf-20171231.xml,0001534504,,PBF ENERGY INC.,1.0,673.0,2187.0,[],resolved,primary_10k_distinct_statement_sets_mapped,,,,1,one_statement_scope
0001534504-19-000012,2018,2,0001534504;0001645026,PBF ENERGY INC. | PBF Energy Co LLC,2,True,0001534504;0001645026,"[[""0001534504""], [""0001534504"", ""0001645026""]]",,"{""0001534504"": {""audit_opinion_window_matches"": 2, ""balance_sheet_heading_matches"": 4, ""cash_flow_heading_matches"": 2, ""name"": ""PBF Energy Inc."", ""operations_heading_matches"": 4}, ""0001645026"": {""audit_opinion_window_matches"": 1, ""balance_sheet_heading_matches"": 5, ""cash_flow_heading_matches"": 2, ""name"": ""PBF Energy Co LLC"", ""operations_heading_matches"": 5}}",2,,pbf-20181231.xml,0001534504,,PBF ENERGY COMPANY LLC;PBF ENERGY INC.,1.0,818.0,2971.0,[],resolved,manual_two_distinct_audited_statement_scopes,Separate audit opinions and complete consolidated annual statements are presented for PBF Energy Inc. and PBF Energy Company LLC.,pbf_energy_two_separate_statement_scopes,,2,multiple_distinct_statement_scopes
0001534504-20-000030,2019,2,0001534504;0001645026,PBF ENERGY INC. | PBF Energy Co LLC,2,True,0001534504;0001645026,"[[""0001534504""], [""0001534504"", ""0001645026""]]",,"{""0001534504"": {""audit_opinion_window_matches"": 2, ""balance_sheet_heading_matches"": 5, ""cash_flow_heading_matches"": 2, ""name"": ""PBF Energy Inc."", ""operations_heading_matches"": 5}, ""0001645026"": {""audit_opinion_window_matches"": 1, ""balance_sheet_heading_matches"": 6, ""cash_flow_heading_matches"": 2, ""name"": ""PBF Energy Co LLC"", ""operations_heading_matches"": 5}}",2,,pbf-2019123110k.htm,0001534504,,PBF ENERGY INC.;PBF Energy Co LLC,1.0,713.0,3118.0,[],resolved,manual_two_distinct_audited_statement_scopes,Separate audit opinions and complete consolidated annual statements are presented for PBF Energy Inc. and PBF Energy Company LLC.,pbf_energy_two_separate_statement_scopes,,2,multiple_distinct_statement_scopes
0001534504-21-000008,2020,2,0001534504;0001645026,PBF ENERGY INC. | PBF Energy Co LLC,2,True,0001534504;0001645026,"[[""0001534504""], [""0001534504"", ""0001645026""]]",,"{""0001534504"": {""audit_opinion_window_matches"": 2, ""balance_sheet_heading_matches"": 4, ""cash_flow_heading_matches"": 2, ""name"": ""PBF Energy Inc."", ""operations_heading_matches"": 4}, ""0001645026"": {""audit_opinion_window_matches"": 1, ""balance_sheet_heading_matches"": 4, ""cash_flow_heading_matches"": 2, ""name"": ""PBF Energy Co LLC"", ""operations_heading_matches"": 4}}",2,,pbf-20201231.htm,0001534504,,PBF ENERGY COMPANY LLC;PBF ENERGY INC.,1.0,721.0,3125.0,[],resolved,manual_two_distinct_audited_statement_scopes,Separate audit opinions and complete consolidated annual statements are presented for PBF Energy Inc. and PBF Energy Company LLC.,pbf_energy_two_separate_statement_scopes,,2,multiple_distinct_statement_scopes
0001534504-22-000007,2021,2,0001534504;0001645026,PBF ENERGY INC. | PBF Energy Co LLC,2,True,0001534504;0001645026,"[[""0001534504""], [""0001534504"", ""0001645026""]]",,"{""0001534504"": {""audit_opinion_window_matches"": 2, ""balance_sheet_heading_matches"": 4, ""cash_flow_heading_matches"": 2, ""name"": ""PBF Energy Inc."", ""operations_heading_matches"": 5}, ""0001645026"": {""audit_opinion_window_matches"": 1, ""balance_sheet_heading_matches"": 4, ""cash_flow_heading_matches"": 2, ""name"": ""PBF Energy Co LLC"", ""operations_heading_matches"": 5}}",2,,pbf-20211231.htm,0001534504,,PBF ENERGY COMPANY LLC;PBF ENERGY INC.,1.0,648.0,2900.0,[],resolved,manual_two_distinct_audited_statement_scopes,Separate audit opinions and complete consolidated annual statements are presented for PBF Energy Inc. and PBF Energy Company LLC.,pbf_energy_two_separate_statement_scopes,,2,multiple_distinct_statement_scopes
0001534504-23-000011,2022,2,0001534504;0001645026,PBF ENERGY INC. | PBF Energy Co LLC,2,True,0001534504;0001645026,"[[""0001534504""], [""0001534504"", ""0001645026""]]",,"{""0001534504"": {""audit_opinion_window_matches"": 2, ""balance_sheet_heading_matches"": 4, ""cash_flow_heading_matches"": 2, ""name"": ""PBF Energy Inc."", ""operations_heading_matches"": 7}, ""0001645026"": {""audit_opinion_window_matches"": 1, ""balance_sheet_heading_matches"": 4, ""cash_flow_heading_matches"": 2, ""name"": ""PBF Energy Co LLC"", ""operations_heading_matches"": 7}}",2,,pbf-20221231.htm,0001534504,,PBF ENERGY COMPANY LLC;PBF ENERGY INC.,1.0,633.0,2847.0,[],resolved,manual_two_distinct_audited_statement_scopes,Separate audit opinions and complete consolidated annual statements are presented for PBF Energy Inc. and PBF Energy Company LLC.,pbf_energy_two_separate_statement_scopes,,2,multiple_distinct_statement_scopes
0001552033-14-000018,2013,2,0001513514;0001552033,"TRANSUNION CORP. | TRANSUNION HOLDING COMPANY, INC.",2,True,0001513514;0001552033,"[[""0001513514""], [""0001552033""]]",,"{""0001513514"": {""audit_opinion_window_matches"": 3, ""balance_sheet_heading_matches"": 11, ""cash_flow_heading_matches"": 11, ""name"": ""TRANSUNION CORP."", ""operations_heading_matches"": 13}, ""0001552033"": {""audit_opinion_window_matches"": 3, ""balance_sheet_heading_matches"": 6, ""cash_flow_heading_matches"": 4, ""name"": ""TransUnion Holding Company, Inc."", ""operations_heading_matches"": 7}}",6,,ck0001552033-20131231.xml,0001552033,,"TRANSUNION CORP.;TransUnion Holding Company, Inc.",1.0,583.0,4064.0,[],resolved,primary_10k_distinct_statement_sets_mapped,,,,2,multiple_distinct_statement_scopes
0001558370-16-006276,2015,2,0001313024;0001588242,"DENVER PARENT CORP | Venoco, Inc.",2,True,0001313024;0001588242,"[[""0001313024""], [""0001313024"", ""0001588242""], [""0001588242""]]",,"{""0001313024"": {""audit_opinion_window_matches"": 2, ""balance_sheet_heading_matches"": 4, ""cash_flow_heading_matches"": 1, ""name"": ""Venoco, Inc."", ""operations_heading_matches"": 5}, ""0001588242"": {""audit_opinion_window_matches"": 3, ""balance_sheet_heading_matches"": 4, ""cash_flow_heading_matches"": 1, ""name"": ""DENVER PARENT Corp"", ""operations_heading_matches"": 4}}",4,,denp-20151231.xml,0001588242,,Denver Parent Corporation,1.0,287.0,1592.0,[],resolved,manual_two_distinct_audited_statement_scopes,"The filing states that separate financial statements are included and presents separate audit opinions and complete annual suites for Denver Parent Corporation and Venoco, Inc.",denver_parent_venoco_two_separate_statement_scopes,,2,multiple_distinct_statement_scopes
0001558370-17-001167,2016,2,0001571371;0001621563,"SUMMIT MATERIALS, INC. | Summit Materials, LLC",2,True,0001621563,"[[""0001621563""]]",,"{""0001571371"": {""audit_opinion_window_matches"": 0, ""balance_sheet_heading_matches"": 0, ""cash_flow_heading_matches"": 0, ""name"": ""Summit Materials, LLC"", ""operations_heading_matches"": 1}, ""0001621563"": {""audit_opinion_window_matches"": 2, ""balance_sheet_heading_matches"": 2, ""cash_flow_heading_matches"": 1, ""name"": ""Summit Materials, Inc."", ""operations_heading_matches"": 4}}",2,,sum-20161231.xml,0001621563,,"Summit Materials, Inc.;Summit Materials, LLC",1.0,892.0,3204.0,[],resolved,primary_10k_distinct_statement_sets_mapped,,,,1,one_statement_scope
0001558370-18-000708,2017,2,0001571371;0001621563,"SUMMIT MATERIALS, INC. | Summit Materials, LLC",2,True,0001621563,"[[""0001621563""]]",,"{""0001571371"": {""audit_opinion_window_matches"": 0, ""balance_sheet_heading_matches"": 0, ""cash_flow_heading_matches"": 0, ""name"": ""Summit Materials, LLC"", ""operations_heading_matches"": 1}, ""0001621563"": {""audit_opinion_window_matches"": 2, ""balance_sheet_heading_matches"": 2, ""cash_flow_heading_matches"": 1, ""name"": ""Summit Materials, Inc."", ""operations_heading_matches"": 3}}",2,,sum-20171230.xml,0001621563,,"Summit Materials, Inc.;Summit Materials, LLC",1.0,863.0,3135.0,[],resolved,primary_10k_distinct_statement_sets_mapped,,,,1,one_statement_scope
0001558370-18-001028,2017,2,0001089748;0001307954,HUNTSMAN CORP | HUNTSMAN INTERNATIONAL LLC,2,True,0001089748;0001307954,"[[""0001089748""], [""0001089748"", ""0001307954""], [""0001307954""]]",,"{""0001089748"": {""audit_opinion_window_matches"": 3, ""balance_sheet_heading_matches"": 6, ""cash_flow_heading_matches"": 5, ""name"": ""HUNTSMAN INTERNATIONAL LLC"", ""operations_heading_matches"": 8}, ""0001307954"": {""audit_opinion_window_matches"": 2, ""balance_sheet_heading_matches"": 4, ""cash_flow_heading_matches"": 3, ""name"": ""Huntsman CORP"", ""operations_heading_matches"": 8}}",4,,hun-20171231.xml,0001307954,,Huntsman CORP,1.0,894.0,4467.0,[],resolved,primary_10k_distinct_statement_sets_mapped,,,,2,multiple_distinct_statement_scopes
0001558370-19-000573,2018,2,0001089748;0001307954,HUNTSMAN CORP | HUNTSMAN INTERNATIONAL LLC,2,True,0001089748;0001307954,"[[""0001089748""], [""0001089748"", ""0001307954""]]",,"{""0001089748"": {""audit_opinion_window_matches"": 2, ""balance_sheet_heading_matches"": 3, ""cash_flow_heading_matches"": 2, ""name"": ""HUNTSMAN INTERNATIONAL LLC"", ""operations_heading_matches"": 5}, ""0001307954"": {""audit_opinion_window_matches"": 1, ""balance_sheet_heading_matches"": 4, ""cash_flow_heading_matches"": 3, ""name"": ""Huntsman CORP"", ""operations_heading_matches"": 8}}",2,,hun-20181231.xml,0001307954,,Huntsman CORP,1.0,894.0,4213.0,[],resolved,primary_10k_distinct_statement_sets_mapped,,,,2,multiple_distinct_statement_scopes
0001558370-19-008908,2019,4,0000922358;0000922359;0000922360;0001012493,FERRELLGAS FINANCE CORP | FERRELLGAS L P | FERRELLGAS PARTNERS FINANCE CORP | FERRELLGAS PARTNERS L P,4,True,0000922358;0000922359;0000922360;0001012493,"[[""0000922358""], [""0000922358"", ""0000922359""], [""0000922358"", ""0000922359"", ""0000922360""], [""0000922358"", ""0001012493""]]",,"{""0000922358"": {""audit_opinion_window_matches"": 4, ""balance_sheet_heading_matches"": 6, ""cash_flow_heading_matches"": 3, ""name"": ""FERRELLGAS PARTNERS L P"", ""operations_heading_matches"": 7}, ""0000922359"": {""audit_opinion_window_matches"": 2, ""balance_sheet_heading_matches"": 11, ""cash_flow_heading_matches"": 6, ""name"": ""FERRELLGAS L P"", ""operations_heading_matches"": 16}, ""0000922360"": {""audit_opinion_window_matches"": 1, ""balance_sheet_heading_matches"": 3, ""cash_flow_heading_matches"": 1, ""name"": ""FERRELLGAS FINANCE CORP"", ""operations_heading_matches"": 3}, ""0001012493"": {""audit_opinion_window_matches"": 1, ""balance_sheet_heading_matches"": 3, ""cash_flow_heading_matches"": 1, ""name"": ""FERRELLGAS PARTNERS FINANCE CORP"", ""operations_heading_matches"": 3}}",4,,fgp-20190731.xml,0000922358,,FERRELLGAS FINANCE CORP;FERRELLGAS L P;FERRELLGAS PARTNERS FINANCE CORP;Ferrellgas Partners L P,1.0,828.0,3801.0,[],resolved,manual_four_distinct_audited_statement_scopes,"Item 8 presents a separate auditor opinion and full annual balance-sheet, operations/equity and cash-flow suite for Ferrellgas Partners, L.P., Ferrellgas, L.P., Ferrellgas Partners Finance Corp. and Ferrellgas Finance Corp. The two finance corporations are expressly described as nominal debt co-issuers with no substantive operations and are separately flagged for issuer-substance exclusion.",ferrellgas_four_separate_statement_scopes,0000922360;0001012493,4,multiple_distinct_statement_scopes
0001558370-20-000780,2019,2,0001089748;0001307954,HUNTSMAN CORP | HUNTSMAN INTERNATIONAL LLC,2,True,0001089748;0001307954,"[[""0001089748""], [""0001089748"", ""0001307954""]]",,"{""0001089748"": {""audit_opinion_window_matches"": 2, ""balance_sheet_heading_matches"": 4, ""cash_flow_heading_matches"": 2, ""name"": ""HUNTSMAN INTERNATIONAL LLC"", ""operations_heading_matches"": 4}, ""0001307954"": {""audit_opinion_window_matches"": 1, ""balance_sheet_heading_matches"": 5, ""cash_flow_heading_matches"": 3, ""name"": ""Huntsman CORP"", ""operations_heading_matches"": 8}}",2,,hun-20191231x10kd4ad18.htm,0001307954,,Huntsman Corporation;Huntsman International LLC,1.0,800.0,4134.0,[],resolved,primary_10k_distinct_statement_sets_mapped,,,,2,multiple_distinct_statement_scopes
0001558370-20-011490,2020,4,0000922358;0000922359;0000922360;0001012493,FERRELLGAS FINANCE CORP | FERRELLGAS L P | FERRELLGAS PARTNERS FINANCE CORP | FERRELLGAS PARTNERS L P,4,True,0000922358;0000922359;0000922360;0001012493,"[[""0000922358""], [""0000922358"", ""0001012493""], [""0000922359""], [""0000922359"", ""0000922360""]]",,"{""0000922358"": {""audit_opinion_window_matches"": 2, ""balance_sheet_heading_matches"": 7, ""cash_flow_heading_matches"": 3, ""name"": ""FERRELLGAS PARTNERS L P"", ""operations_heading_matches"": 7}, ""0000922359"": {""audit_opinion_window_matches"": 2, ""balance_sheet_heading_matches"": 12, ""cash_flow_heading_matches"": 5, ""name"": ""FERRELLGAS L P"", ""operations_heading_matches"": 15}, ""0000922360"": {""audit_opinion_window_matches"": 1, ""balance_sheet_heading_matches"": 3, ""cash_flow_heading_matches"": 1, ""name"": ""FERRELLGAS FINANCE CORP"", ""operations_heading_matches"": 3}, ""0001012493"": {""audit_opinion_window_matches"": 1, ""balance_sheet_heading_matches"": 3, ""cash_flow_heading_matches"": 1, ""name"": ""FERRELLGAS PARTNERS FINANCE CORP"", ""operations_heading_matches"": 3}}",4,,fgp-20200731.xml,0000922358,,FERRELLGAS FINANCE CORP;FERRELLGAS L P;FERRELLGAS PARTNERS FINANCE CORP;Ferrellgas Partners L P,1.0,787.0,3706.0,"[[""0000922359"", ""0000922360""]]",resolved,manual_four_distinct_audited_statement_scopes,"Item 8 presents a separate auditor opinion and full annual balance-sheet, operations/equity and cash-flow suite for Ferrellgas Partners, L.P., Ferrellgas, L.P., Ferrellgas Partners Finance Corp. and Ferrellgas Finance Corp. The two finance corporations are expressly described as nominal debt co-issuers with no substantive operations and are separately flagged for issuer-substance exclusion.",ferrellgas_four_separate_statement_scopes,0000922360;0001012493,4,multiple_distinct_statement_scopes
0001558370-21-002010,2020,2,0000813762;0001034563,ICAHN ENTERPRISES HOLDINGS L.P. | ICAHN ENTERPRISES L.P.,2,True,0000813762;0001034563,"[[""0000813762""], [""0001034563""]]",,"{""0000813762"": {""audit_opinion_window_matches"": 1, ""balance_sheet_heading_matches"": 4, ""cash_flow_heading_matches"": 2, ""name"": ""ICAHN ENTERPRISES L.P."", ""operations_heading_matches"": 5}, ""0001034563"": {""audit_opinion_window_matches"": 1, ""balance_sheet_heading_matches"": 4, ""cash_flow_heading_matches"": 2, ""name"": ""ICAHN ENTERPRISES HOLDINGS L.P."", ""operations_heading_matches"": 5}}",2,,tmb-20201231x10k.htm,0000813762,,ICAHN ENTERPRISES HOLDINGS L.P.;ICAHN ENTERPRISES L.P.,1.0,568.0,3235.0,[],resolved,primary_10k_distinct_statement_sets_mapped,,,,2,multiple_distinct_statement_scopes
0001558370-21-013178,2021,4,0000922358;0000922359;0000922360;0001012493,FERRELLGAS FINANCE CORP | FERRELLGAS L P | FERRELLGAS PARTNERS FINANCE CORP | FERRELLGAS PARTNERS L P,4,True,0000922358;0000922359;0000922360;0001012493,"[[""0000922358""], [""0000922359""], [""0000922359"", ""0000922360""], [""0001012493""]]",,"{""0000922358"": {""audit_opinion_window_matches"": 1, ""balance_sheet_heading_matches"": 7, ""cash_flow_heading_matches"": 3, ""name"": ""FERRELLGAS PARTNERS L P"", ""operations_heading_matches"": 7}, ""0000922359"": {""audit_opinion_window_matches"": 2, ""balance_sheet_heading_matches"": 10, ""cash_flow_heading_matches"": 2, ""name"": ""FERRELLGAS L P"", ""operations_heading_matches"": 10}, ""0000922360"": {""audit_opinion_window_matches"": 1, ""balance_sheet_heading_matches"": 3, ""cash_flow_heading_matches"": 1, ""name"": ""FERRELLGAS FINANCE CORP"", ""operations_heading_matches"": 3}, ""0001012493"": {""audit_opinion_window_matches"": 1, ""balance_sheet_heading_matches"": 3, ""cash_flow_heading_matches"": 1, ""name"": ""FERRELLGAS PARTNERS FINANCE CORP"", ""operations_heading_matches"": 3}}",4,,fgp-20210731x10k.htm,0000922358,,FERRELLGAS FINANCE CORP;FERRELLGAS L P;FERRELLGAS PARTNERS FINANCE CORP;Ferrellgas Partners L P,1.0,688.0,2762.0,"[[""0000922359"", ""0000922360""]]",resolved,manual_four_distinct_audited_statement_scopes,"Item 8 presents a separate auditor opinion and full annual balance-sheet, operations/equity and cash-flow suite for Ferrellgas Partners, L.P., Ferrellgas, L.P., Ferrellgas Partners Finance Corp. and Ferrellgas Finance Corp. The two finance corporations are expressly described as nominal debt co-issuers with no substantive operations and are separately flagged for issuer-substance exclusion.",ferrellgas_four_separate_statement_scopes,0000922360;0001012493,4,multiple_distinct_statement_scopes
0001558370-22-014733,2022,4,0000922358;0000922359;0000922360;0001012493,FERRELLGAS FINANCE CORP | FERRELLGAS L P | FERRELLGAS PARTNERS FINANCE CORP | FERRELLGAS PARTNERS L P,4,True,0000922358;0000922359;0000922360;0001012493,"[[""0000922358""], [""0000922359""], [""0000922360""], [""0001012493""]]",,"{""0000922358"": {""audit_opinion_window_matches"": 1, ""balance_sheet_heading_matches"": 6, ""cash_flow_heading_matches"": 3, ""name"": ""FERRELLGAS PARTNERS L P"", ""operations_heading_matches"": 7}, ""0000922359"": {""audit_opinion_window_matches"": 1, ""balance_sheet_heading_matches"": 4, ""cash_flow_heading_matches"": 3, ""name"": ""FERRELLGAS L P"", ""operations_heading_matches"": 5}, ""0000922360"": {""audit_opinion_window_matches"": 1, ""balance_sheet_heading_matches"": 3, ""cash_flow_heading_matches"": 1, ""name"": ""FERRELLGAS FINANCE CORP"", ""operations_heading_matches"": 3}, ""0001012493"": {""audit_opinion_window_matches"": 1, ""balance_sheet_heading_matches"": 3, ""cash_flow_heading_matches"": 1, ""name"": ""FERRELLGAS PARTNERS FINANCE CORP"", ""operations_heading_matches"": 3}}",4,,fgp-20220731x10k.htm,0000922358,,FERRELLGAS FINANCE CORP;FERRELLGAS L P;Ferrellgas Partners Finance Corp.;Ferrellgas Partners L P,1.0,440.0,1972.0,[],resolved,manual_four_distinct_audited_statement_scopes,"Item 8 presents a separate auditor opinion and full annual balance-sheet, operations/equity and cash-flow suite for Ferrellgas Partners, L.P., Ferrellgas, L.P., Ferrellgas Partners Finance Corp. and Ferrellgas Finance Corp. The two finance corporations are expressly described as nominal debt co-issuers with no substantive operations and are separately flagged for issuer-substance exclusion.",ferrellgas_four_separate_statement_scopes,0000922360;0001012493,4,multiple_distinct_statement_scopes
0001558370-23-016157,2023,4,0000922358;0000922359;0000922360;0001012493,FERRELLGAS FINANCE CORP | FERRELLGAS L P | FERRELLGAS PARTNERS FINANCE CORP | FERRELLGAS PARTNERS L P,4,True,0000922358;0000922359;0000922360;0001012493,"[[""0000922358""], [""0000922359""], [""0000922360""], [""0001012493""]]",,"{""0000922358"": {""audit_opinion_window_matches"": 1, ""balance_sheet_heading_matches"": 6, ""cash_flow_heading_matches"": 3, ""name"": ""FERRELLGAS PARTNERS L P"", ""operations_heading_matches"": 7}, ""0000922359"": {""audit_opinion_window_matches"": 1, ""balance_sheet_heading_matches"": 4, ""cash_flow_heading_matches"": 3, ""name"": ""FERRELLGAS L P"", ""operations_heading_matches"": 5}, ""0000922360"": {""audit_opinion_window_matches"": 1, ""balance_sheet_heading_matches"": 3, ""cash_flow_heading_matches"": 1, ""name"": ""FERRELLGAS FINANCE CORP"", ""operations_heading_matches"": 3}, ""0001012493"": {""audit_opinion_window_matches"": 1, ""balance_sheet_heading_matches"": 3, ""cash_flow_heading_matches"": 1, ""name"": ""FERRELLGAS PARTNERS FINANCE CORP"", ""operations_heading_matches"": 3}}",4,,fgp-20230731x10k.htm,0000922358,,FERRELLGAS FINANCE CORP;FERRELLGAS L P;Ferrellgas Partners Finance Corp.;Ferrellgas Partners L P,1.0,410.0,1920.0,[],resolved,manual_four_distinct_audited_statement_scopes,"Item 8 presents a separate auditor opinion and full annual balance-sheet, operations/equity and cash-flow suite for Ferrellgas Partners, L.P., Ferrellgas, L.P., Ferrellgas Partners Finance Corp. and Ferrellgas Finance Corp. The two finance corporations are expressly described as nominal debt co-issuers with no substantive operations and are separately flagged for issuer-substance exclusion.",ferrellgas_four_separate_statement_scopes,0000922360;0001012493,4,multiple_distinct_statement_scopes
0001558370-24-013059,2024,4,0000922358;0000922359;0000922360;0001012493,FERRELLGAS FINANCE CORP | FERRELLGAS L P | FERRELLGAS PARTNERS FINANCE CORP | FERRELLGAS PARTNERS L P,4,True,0000922358;0000922359;0000922360;0001012493,"[[""0000922358""], [""0000922359""], [""0000922360""], [""0001012493""]]",,"{""0000922358"": {""audit_opinion_window_matches"": 2, ""balance_sheet_heading_matches"": 6, ""cash_flow_heading_matches"": 3, ""name"": ""FERRELLGAS PARTNERS L P"", ""operations_heading_matches"": 7}, ""0000922359"": {""audit_opinion_window_matches"": 2, ""balance_sheet_heading_matches"": 4, ""cash_flow_heading_matches"": 3, ""name"": ""FERRELLGAS L P"", ""operations_heading_matches"": 5}, ""0000922360"": {""audit_opinion_window_matches"": 1, ""balance_sheet_heading_matches"": 3, ""cash_flow_heading_matches"": 1, ""name"": ""FERRELLGAS FINANCE CORP"", ""operations_heading_matches"": 3}, ""0001012493"": {""audit_opinion_window_matches"": 1, ""balance_sheet_heading_matches"": 3, ""cash_flow_heading_matches"": 1, ""name"": ""FERRELLGAS PARTNERS FINANCE CORP"", ""operations_heading_matches"": 3}}",6,,fgp-20240731x10k.htm,0000922358,,FERRELLGAS FINANCE CORP;FERRELLGAS L P;Ferrellgas Partners Finance Corp.;Ferrellgas Partners L P,1.0,397.0,1850.0,[],resolved,manual_four_distinct_audited_statement_scopes,"Item 8 presents a separate auditor opinion and full annual balance-sheet, operations/equity and cash-flow suite for Ferrellgas Partners, L.P., Ferrellgas, L.P., Ferrellgas Partners Finance Corp. and Ferrellgas Finance Corp. The two finance corporations are expressly described as nominal debt co-issuers with no substantive operations and are separately flagged for issuer-substance exclusion.",ferrellgas_four_separate_statement_scopes,0000922360;0001012493,4,multiple_distinct_statement_scopes
0001564590-15-000907,2014,1,0001061937,HOST HOTELS & RESORTS L.P.,2,True,0001061937;0001070750,"[[""0001061937""], [""0001061937"", ""0001070750""], [""0001070750""]]",,"{""0001061937"": {""audit_opinion_window_matches"": 4, ""balance_sheet_heading_matches"": 9, ""cash_flow_heading_matches"": 4, ""name"": ""HOST HOTELS & RESORTS L.P."", ""operations_heading_matches"": 8}, ""0001070750"": {""audit_opinion_window_matches"": 4, ""balance_sheet_heading_matches"": 8, ""cash_flow_heading_matches"": 4, ""name"": ""HOST HOTELS & RESORTS, INC."", ""operations_heading_matches"": 10}}",6,,hst-20141231.xml,0001070750,,"HOST HOTELS & RESORTS L.P.;HOST HOTELS & RESORTS, INC.",1.0,664.0,2872.0,[],resolved,primary_10k_distinct_statement_sets_mapped,,,,2,multiple_distinct_statement_scopes
0001564590-16-012990,2015,1,0001061937,HOST HOTELS & RESORTS L.P.,2,True,0001061937;0001070750,"[[""0001061937""], [""0001061937"", ""0001070750""], [""0001070750""]]",,"{""0001061937"": {""audit_opinion_window_matches"": 4, ""balance_sheet_heading_matches"": 9, ""cash_flow_heading_matches"": 3, ""name"": ""HOST HOTELS & RESORTS L.P."", ""operations_heading_matches"": 7}, ""0001070750"": {""audit_opinion_window_matches"": 4, ""balance_sheet_heading_matches"": 7, ""cash_flow_heading_matches"": 4, ""name"": ""HOST HOTELS & RESORTS, INC."", ""operations_heading_matches"": 9}}",6,,hst-20151231.xml,0001070750,,"HOST HOTELS & RESORTS L.P.;HOST HOTELS & RESORTS, INC.",1.0,634.0,2701.0,[],resolved,primary_10k_distinct_statement_sets_mapped,,,,2,multiple_distinct_statement_scopes
0001564590-16-013321,2015,2,0001169055;0001458891,NOBLE CORP | NOBLE CORP PLC,2,True,0001169055;0001458891,"[[""0001169055""], [""0001169055"", ""0001458891""]]",,"{""0001169055"": {""audit_opinion_window_matches"": 2, ""balance_sheet_heading_matches"": 6, ""cash_flow_heading_matches"": 7, ""name"": ""NOBLE CORP"", ""operations_heading_matches"": 10}, ""0001458891"": {""audit_opinion_window_matches"": 1, ""balance_sheet_heading_matches"": 2, ""cash_flow_heading_matches"": 2, ""name"": ""Noble Corp plc"", ""operations_heading_matches"": 3}}",2,,ne-20151231.xml,0001458891,,Noble Corp plc;Noble Corporation,1.0,537.0,2560.0,[],resolved,primary_10k_distinct_statement_sets_mapped,,,,2,multiple_distinct_statement_scopes
0001564590-16-013478,2015,2,0001578845;0001620602,ALLERGAN PLC | Warner Chilcott Ltd,2,True,0001578845;0001620602,"[[""0001578845"", ""0001620602""], [""0001620602""]]",,"{""0001578845"": {""audit_opinion_window_matches"": 1, ""balance_sheet_heading_matches"": 4, ""cash_flow_heading_matches"": 3, ""name"": ""Allergan plc"", ""operations_heading_matches"": 7}, ""0001620602"": {""audit_opinion_window_matches"": 2, ""balance_sheet_heading_matches"": 4, ""cash_flow_heading_matches"": 6, ""name"": ""Warner Chilcott Ltd"", ""operations_heading_matches"": 7}}",2,,agn-20151231.xml,0001578845,,Allergan plc;WARNER CHILCOTT LIMITED,1.0,1327.0,4211.0,[],resolved,primary_10k_distinct_statement_sets_mapped,,,,2,multiple_distinct_statement_scopes
0001564590-16-014282,2015,2,0001161364;0001161366,MEDIACOM BROADBAND CORP | MEDIACOM BROADBAND LLC,2,True,0001161364,"[[""0001161364""]]",,"{""0001161364"": {""audit_opinion_window_matches"": 2, ""balance_sheet_heading_matches"": 2, ""cash_flow_heading_matches"": 1, ""name"": ""MEDIACOM BROADBAND LLC"", ""operations_heading_matches"": 1}, ""0001161366"": {""audit_opinion_window_matches"": 0, ""balance_sheet_heading_matches"": 2, ""cash_flow_heading_matches"": 0, ""name"": ""MEDIACOM BROADBAND CORP"", ""operations_heading_matches"": 0}}",2,,mcccb-20151231.xml,0001161364,,MEDIACOM BROADBAND LLC,1.0,130.0,498.0,[],resolved,primary_10k_distinct_statement_sets_mapped,,,,1,one_statement_scope
0001564590-16-014283,2015,2,0001064116;0001064117,MEDIACOM CAPITAL CORP | MEDIACOM LLC,2,True,0001064116,"[[""0001064116""]]",,"{""0001064116"": {""audit_opinion_window_matches"": 2, ""balance_sheet_heading_matches"": 3, ""cash_flow_heading_matches"": 1, ""name"": ""MEDIACOM LLC"", ""operations_heading_matches"": 1}, ""0001064117"": {""audit_opinion_window_matches"": 0, ""balance_sheet_heading_matches"": 1, ""cash_flow_heading_matches"": 0, ""name"": ""MEDIACOM CAPITAL CORP"", ""operations_heading_matches"": 0}}",2,,mcccl-20151231.xml,0001064116,,MEDIACOM LLC,1.0,123.0,481.0,[],resolved,primary_10k_distinct_statement_sets_mapped,,,,1,one_statement_scope
0001564590-16-015264,2015,1,0001313536,SOTHERLY HOTELS LP,2,True,0001301236;0001313536,"[[""0001301236""], [""0001301236"", ""0001313536""], [""0001313536""]]",,"{""0001301236"": {""audit_opinion_window_matches"": 5, ""balance_sheet_heading_matches"": 4, ""cash_flow_heading_matches"": 2, ""name"": ""Sotherly Hotels Inc."", ""operations_heading_matches"": 5}, ""0001313536"": {""audit_opinion_window_matches"": 6, ""balance_sheet_heading_matches"": 4, ""cash_flow_heading_matches"": 3, ""name"": ""SOTHERLY HOTELS LP"", ""operations_heading_matches"": 6}}",10,,soho-20151231.xml,0001301236,,SOTHERLY HOTELS INC.;SOUTHERLY HOTELS LP,1.0,420.0,1663.0,[],resolved,primary_10k_distinct_statement_sets_mapped,,,,2,multiple_distinct_statement_scopes
0001564590-17-002348,2016,1,0001061937,HOST HOTELS & RESORTS L.P.,2,True,0001061937;0001070750,"[[""0001061937""], [""0001061937"", ""0001070750""], [""0001070750""]]",,"{""0001061937"": {""audit_opinion_window_matches"": 4, ""balance_sheet_heading_matches"": 8, ""cash_flow_heading_matches"": 4, ""name"": ""HOST HOTELS & RESORTS L.P."", ""operations_heading_matches"": 7}, ""0001070750"": {""audit_opinion_window_matches"": 4, ""balance_sheet_heading_matches"": 7, ""cash_flow_heading_matches"": 4, ""name"": ""HOST HOTELS & RESORTS, INC."", ""operations_heading_matches"": 9}}",6,,hst-20161231.xml,0001070750,,"HOST HOTELS & RESORTS L.P.;HOST HOTELS & RESORTS, INC.",1.0,608.0,2528.0,[],resolved,primary_10k_distinct_statement_sets_mapped,,,,2,multiple_distinct_statement_scopes
0001564590-17-002433,2016,2,0001578845;0001620602,ALLERGAN PLC | Warner Chilcott Ltd,2,True,0001578845;0001620602,"[[""0001578845"", ""0001620602""], [""0001620602""]]",,"{""0001578845"": {""audit_opinion_window_matches"": 1, ""balance_sheet_heading_matches"": 4, ""cash_flow_heading_matches"": 3, ""name"": ""Allergan plc"", ""operations_heading_matches"": 7}, ""0001620602"": {""audit_opinion_window_matches"": 2, ""balance_sheet_heading_matches"": 5, ""cash_flow_heading_matches"": 6, ""name"": ""Warner Chilcott Ltd"", ""operations_heading_matches"": 8}}",2,,agn-20161231.xml,0001578845,,Allergan plc;WARNER CHILCOTT LIMITED,1.0,1437.0,4247.0,[],resolved,primary_10k_distinct_statement_sets_mapped,,,,2,multiple_distinct_statement_scopes
0001564590-17-005054,2016,1,0001313536,SOTHERLY HOTELS LP,2,True,0001301236;0001313536,"[[""0001301236""], [""0001301236"", ""0001313536""], [""0001313536""]]",,"{""0001301236"": {""audit_opinion_window_matches"": 5, ""balance_sheet_heading_matches"": 5, ""cash_flow_heading_matches"": 3, ""name"": ""Sotherly Hotels Inc."", ""operations_heading_matches"": 5}, ""0001313536"": {""audit_opinion_window_matches"": 6, ""balance_sheet_heading_matches"": 5, ""cash_flow_heading_matches"": 3, ""name"": ""SOTHERLY HOTELS LP"", ""operations_heading_matches"": 6}}",10,,soho-20161231.xml,0001301236,,SOTHERLY HOTELS INC.;SOUTHERLY HOTELS LP,1.0,416.0,1689.0,[],resolved,primary_10k_distinct_statement_sets_mapped,,,,2,multiple_distinct_statement_scopes
0001564590-18-002345,2017,2,0001578845;0001620602,ALLERGAN PLC | Warner Chilcott Ltd,2,True,0001578845;0001620602,"[[""0001578845""], [""0001578845"", ""0001620602""], [""0001620602""]]",,"{""0001578845"": {""audit_opinion_window_matches"": 2, ""balance_sheet_heading_matches"": 4, ""cash_flow_heading_matches"": 3, ""name"": ""Allergan plc"", ""operations_heading_matches"": 6}, ""0001620602"": {""audit_opinion_window_matches"": 3, ""balance_sheet_heading_matches"": 5, ""cash_flow_heading_matches"": 6, ""name"": ""Warner Chilcott Ltd"", ""operations_heading_matches"": 7}}",4,,agn-20171231.xml,0001578845,,Allergan plc;WARNER CHILCOTT LIMITED,1.0,1410.0,4310.0,[],resolved,primary_10k_distinct_statement_sets_mapped,,,,2,multiple_distinct_statement_scopes
0001564590-18-003330,2017,1,0001061937,HOST HOTELS & RESORTS L.P.,2,True,0001061937;0001070750,"[[""0001061937""], [""0001061937"", ""0001070750""], [""0001070750""]]",,"{""0001061937"": {""audit_opinion_window_matches"": 3, ""balance_sheet_heading_matches"": 6, ""cash_flow_heading_matches"": 3, ""name"": ""HOST HOTELS & RESORTS L.P."", ""operations_heading_matches"": 6}, ""0001070750"": {""audit_opinion_window_matches"": 2, ""balance_sheet_heading_matches"": 6, ""cash_flow_heading_matches"": 3, ""name"": ""HOST HOTELS & RESORTS, INC."", ""operations_heading_matches"": 6}}",4,,hst-20171231.xml,0001070750,,"HOST HOTELS & RESORTS L.P.;HOST HOTELS & RESORTS, INC.",1.0,604.0,2415.0,[],resolved,primary_10k_distinct_statement_sets_mapped,,,,2,multiple_distinct_statement_scopes
0001564590-18-006025,2017,1,0001313536,SOTHERLY HOTELS LP,2,True,0001301236;0001313536,"[[""0001301236""], [""0001301236"", ""0001313536""], [""0001313536""]]",,"{""0001301236"": {""audit_opinion_window_matches"": 5, ""balance_sheet_heading_matches"": 5, ""cash_flow_heading_matches"": 3, ""name"": ""Sotherly Hotels Inc."", ""operations_heading_matches"": 5}, ""0001313536"": {""audit_opinion_window_matches"": 6, ""balance_sheet_heading_matches"": 5, ""cash_flow_heading_matches"": 3, ""name"": ""SOTHERLY HOTELS LP"", ""operations_heading_matches"": 6}}",10,,soho-20171231.xml,0001301236,,SOTHERLY HOTELS INC.;SOTHERLY HOTELS LP,1.0,446.0,1719.0,[],resolved,primary_10k_distinct_statement_sets_mapped,,,,2,multiple_distinct_statement_scopes
0001564590-19-003111,2018,2,0001578845;0001620602,ALLERGAN PLC | Warner Chilcott Ltd,2,True,0001578845;0001620602,"[[""0001578845"", ""0001620602""], [""0001620602""]]",,"{""0001578845"": {""audit_opinion_window_matches"": 1, ""balance_sheet_heading_matches"": 4, ""cash_flow_heading_matches"": 3, ""name"": ""Allergan plc"", ""operations_heading_matches"": 6}, ""0001620602"": {""audit_opinion_window_matches"": 3, ""balance_sheet_heading_matches"": 4, ""cash_flow_heading_matches"": 6, ""name"": ""Warner Chilcott Ltd"", ""operations_heading_matches"": 7}}",4,,agn-20181231.xml,0001578845,,Allergan plc;WARNER CHILCOTT LIMITED,1.0,1252.0,3952.0,[],resolved,primary_10k_distinct_statement_sets_mapped,,,,2,multiple_distinct_statement_scopes
0001564590-19-004191,2018,1,0001061937,HOST HOTELS & RESORTS L.P.,2,True,0001061937;0001070750,"[[""0001061937""], [""0001061937"", ""0001070750""], [""0001070750""]]",,"{""0001061937"": {""audit_opinion_window_matches"": 3, ""balance_sheet_heading_matches"": 5, ""cash_flow_heading_matches"": 3, ""name"": ""HOST HOTELS & RESORTS L.P."", ""operations_heading_matches"": 6}, ""0001070750"": {""audit_opinion_window_matches"": 2, ""balance_sheet_heading_matches"": 5, ""cash_flow_heading_matches"": 3, ""name"": ""HOST HOTELS & RESORTS, INC."", ""operations_heading_matches"": 6}}",4,,hst-20181231.xml,0001070750,,"HOST HOTELS & RESORTS L.P.;HOST HOTELS & RESORTS, INC.",1.0,661.0,2368.0,[],resolved,primary_10k_distinct_statement_sets_mapped,,,,2,multiple_distinct_statement_scopes
0001564590-19-008031,2018,1,0001313536,SOTHERLY HOTELS LP,2,True,0001301236;0001313536,"[[""0001301236""], [""0001301236"", ""0001313536""], [""0001313536""]]",,"{""0001301236"": {""audit_opinion_window_matches"": 2, ""balance_sheet_heading_matches"": 6, ""cash_flow_heading_matches"": 3, ""name"": ""Sotherly Hotels Inc."", ""operations_heading_matches"": 5}, ""0001313536"": {""audit_opinion_window_matches"": 3, ""balance_sheet_heading_matches"": 4, ""cash_flow_heading_matches"": 3, ""name"": ""SOTHERLY HOTELS LP"", ""operations_heading_matches"": 5}}",4,,soho-20181231.xml,0001301236,,SOTHERLY HOTELS INC.;SOTHERLY HOTELS LP,1.0,509.0,1781.0,[],resolved,primary_10k_distinct_statement_sets_mapped,,,,2,multiple_distinct_statement_scopes
0001564590-20-005038,2019,2,0001578845;0001620602,ALLERGAN PLC | Warner Chilcott Ltd,2,True,0001578845;0001620602,"[[""0001578845"", ""0001620602""], [""0001620602""]]",,"{""0001578845"": {""audit_opinion_window_matches"": 1, ""balance_sheet_heading_matches"": 4, ""cash_flow_heading_matches"": 3, ""name"": ""Allergan plc"", ""operations_heading_matches"": 6}, ""0001620602"": {""audit_opinion_window_matches"": 3, ""balance_sheet_heading_matches"": 4, ""cash_flow_heading_matches"": 6, ""name"": ""Warner Chilcott Ltd"", ""operations_heading_matches"": 7}}",4,,agn-10k_20191231.htm,0001578845,,Allergan plc;Warner Chilcott Limited,1.0,1107.0,4257.0,[],resolved,primary_10k_distinct_statement_sets_mapped,,,,2,multiple_distinct_statement_scopes
0001564590-20-006404,2019,1,0001061937,HOST HOTELS & RESORTS L.P.,2,True,0001061937;0001070750,"[[""0001061937""], [""0001061937"", ""0001070750""], [""0001070750""]]",,"{""0001061937"": {""audit_opinion_window_matches"": 3, ""balance_sheet_heading_matches"": 5, ""cash_flow_heading_matches"": 3, ""name"": ""HOST HOTELS & RESORTS L.P."", ""operations_heading_matches"": 6}, ""0001070750"": {""audit_opinion_window_matches"": 3, ""balance_sheet_heading_matches"": 6, ""cash_flow_heading_matches"": 3, ""name"": ""HOST HOTELS & RESORTS, INC."", ""operations_heading_matches"": 6}}",4,,hst-10k_20191231.htm,0001070750,,"HOST HOTELS & RESORTS, INC.;HOST HOTELS & RESORTS, L.P.",1.0,613.0,2509.0,[],resolved,primary_10k_distinct_statement_sets_mapped,,,,2,multiple_distinct_statement_scopes
0001564590-20-011160,2019,1,0001313536,SOTHERLY HOTELS LP,2,True,0001301236;0001313536,"[[""0001301236""], [""0001301236"", ""0001313536""], [""0001313536""]]",,"{""0001301236"": {""audit_opinion_window_matches"": 2, ""balance_sheet_heading_matches"": 6, ""cash_flow_heading_matches"": 3, ""name"": ""Sotherly Hotels Inc."", ""operations_heading_matches"": 5}, ""0001313536"": {""audit_opinion_window_matches"": 3, ""balance_sheet_heading_matches"": 4, ""cash_flow_heading_matches"": 3, ""name"": ""SOTHERLY HOTELS LP"", ""operations_heading_matches"": 5}}",4,,soho-20191231.xml,0001301236,,SOTHERLY HOTELS INC.;SOTHERLY HOTELS LP,1.0,559.0,1922.0,[],resolved,primary_10k_distinct_statement_sets_mapped,,,,2,multiple_distinct_statement_scopes
0001564590-21-008676,2020,1,0001061937,HOST HOTELS & RESORTS L.P.,2,True,0001061937;0001070750,"[[""0001061937""], [""0001061937"", ""0001070750""], [""0001070750""]]",,"{""0001061937"": {""audit_opinion_window_matches"": 3, ""balance_sheet_heading_matches"": 5, ""cash_flow_heading_matches"": 3, ""name"": ""HOST HOTELS & RESORTS L.P."", ""operations_heading_matches"": 6}, ""0001070750"": {""audit_opinion_window_matches"": 3, ""balance_sheet_heading_matches"": 6, ""cash_flow_heading_matches"": 3, ""name"": ""HOST HOTELS & RESORTS, INC."", ""operations_heading_matches"": 6}}",4,,hst-10k_20201231.htm,0001070750,,"HOST HOTELS & RESORTS, INC.;HOST HOTELS & RESORTS, L.P.",1.0,597.0,2412.0,[],resolved,primary_10k_distinct_statement_sets_mapped,,,,2,multiple_distinct_statement_scopes
0001564590-21-015129,2020,1,0001313536,SOTHERLY HOTELS LP,2,True,0001301236;0001313536,"[[""0001301236""], [""0001301236"", ""0001313536""], [""0001313536""]]",,"{""0001301236"": {""audit_opinion_window_matches"": 2, ""balance_sheet_heading_matches"": 6, ""cash_flow_heading_matches"": 3, ""name"": ""Sotherly Hotels Inc."", ""operations_heading_matches"": 5}, ""0001313536"": {""audit_opinion_window_matches"": 3, ""balance_sheet_heading_matches"": 4, ""cash_flow_heading_matches"": 3, ""name"": ""SOTHERLY HOTELS LP"", ""operations_heading_matches"": 5}}",4,,soho-10k_20201231.htm,0001301236,,SOTHERLY HOTELS INC.;SOTHERLY HOTELS LP,1.0,553.0,2064.0,[],resolved,primary_10k_distinct_statement_sets_mapped,,,,2,multiple_distinct_statement_scopes
0001564590-22-011824,2021,1,0001313536,SOTHERLY HOTELS LP,2,True,0001301236;0001313536,"[[""0001301236""], [""0001301236"", ""0001313536""], [""0001313536""]]",,"{""0001301236"": {""audit_opinion_window_matches"": 2, ""balance_sheet_heading_matches"": 6, ""cash_flow_heading_matches"": 3, ""name"": ""Sotherly Hotels Inc."", ""operations_heading_matches"": 4}, ""0001313536"": {""audit_opinion_window_matches"": 3, ""balance_sheet_heading_matches"": 4, ""cash_flow_heading_matches"": 3, ""name"": ""SOTHERLY HOTELS LP"", ""operations_heading_matches"": 4}}",4,,soho-10k_20211231.htm,0001301236,,SOTHERLY HOTELS INC.;SOTHERLY HOTELS LP,1.0,588.0,2002.0,[],resolved,primary_10k_distinct_statement_sets_mapped,,,,2,multiple_distinct_statement_scopes
0001566011-15-000003,2014,1,0001566011,PBF HOLDING CO LLC,2,True,0001566011,"[[""0001566011""]]",,"{""0001566011"": {""audit_opinion_window_matches"": 2, ""balance_sheet_heading_matches"": 5, ""cash_flow_heading_matches"": 6, ""name"": ""PBF Holding Co LLC"", ""operations_heading_matches"": 7}, ""0001566097"": {""audit_opinion_window_matches"": 0, ""balance_sheet_heading_matches"": 0, ""cash_flow_heading_matches"": 0, ""name"": ""PBF Finance Corp"", ""operations_heading_matches"": 0}}",2,,pbf-20141231.xml,0001566011,,PBF FINANCE CORPORATION;PBF HOLDING CO LLC,1.0,428.0,2024.0,[],resolved,primary_10k_distinct_statement_sets_mapped,,,,1,one_statement_scope
0001566011-16-000017,2015,2,0001566011;0001566097,PBF Finance Corp | PBF HOLDING CO LLC,2,True,0001566011,"[[""0001566011""]]",,"{""0001566011"": {""audit_opinion_window_matches"": 2, ""balance_sheet_heading_matches"": 5, ""cash_flow_heading_matches"": 6, ""name"": ""PBF Holding Co LLC"", ""operations_heading_matches"": 7}, ""0001566097"": {""audit_opinion_window_matches"": 0, ""balance_sheet_heading_matches"": 0, ""cash_flow_heading_matches"": 0, ""name"": ""PBF Finance Corp"", ""operations_heading_matches"": 0}}",2,,pbf-20151231.xml,0001566011,,PBF FINANCE CORPORATION;PBF HOLDING CO LLC,1.0,483.0,2261.0,[],resolved,primary_10k_distinct_statement_sets_mapped,,,,1,one_statement_scope
0001566011-17-000003,2016,2,0001566011;0001566097,PBF Finance Corp | PBF HOLDING CO LLC,2,True,0001566011,"[[""0001566011""]]",,"{""0001566011"": {""audit_opinion_window_matches"": 2, ""balance_sheet_heading_matches"": 5, ""cash_flow_heading_matches"": 6, ""name"": ""PBF Holding Co LLC"", ""operations_heading_matches"": 7}, ""0001566097"": {""audit_opinion_window_matches"": 0, ""balance_sheet_heading_matches"": 0, ""cash_flow_heading_matches"": 0, ""name"": ""PBF Finance Corp"", ""operations_heading_matches"": 0}}",2,,pbf-20161231.xml,0001566011,,PBF FINANCE CORPORATION;PBF HOLDING CO LLC,1.0,506.0,2281.0,[],resolved,primary_10k_distinct_statement_sets_mapped,,,,1,one_statement_scope
0001566011-18-000008,2017,1,0001566097,PBF Finance Corp,2,True,0001566011,"[[""0001566011""]]",,"{""0001566011"": {""audit_opinion_window_matches"": 1, ""balance_sheet_heading_matches"": 6, ""cash_flow_heading_matches"": 6, ""name"": ""PBF Holding Co LLC"", ""operations_heading_matches"": 8}, ""0001566097"": {""audit_opinion_window_matches"": 0, ""balance_sheet_heading_matches"": 0, ""cash_flow_heading_matches"": 0, ""name"": ""PBF Finance Corp"", ""operations_heading_matches"": 0}}",1,,pbf-20171231.xml,0001566011,,PBF FINANCE CORPORATION;PBF HOLDING CO LLC,1.0,505.0,2425.0,[],resolved,primary_10k_distinct_statement_sets_mapped,,,,1,one_statement_scope
0001566011-19-000004,2018,2,0001566011;0001566097,PBF Finance Corp | PBF HOLDING CO LLC,2,True,0001566011,"[[""0001566011""]]",,"{""0001566011"": {""audit_opinion_window_matches"": 1, ""balance_sheet_heading_matches"": 6, ""cash_flow_heading_matches"": 8, ""name"": ""PBF Holding Co LLC"", ""operations_heading_matches"": 7}, ""0001566097"": {""audit_opinion_window_matches"": 0, ""balance_sheet_heading_matches"": 0, ""cash_flow_heading_matches"": 0, ""name"": ""PBF Finance Corp"", ""operations_heading_matches"": 0}}",1,,pbf-20181231.xml,0001566011,,PBF FINANCE CORPORATION;PBF HOLDING CO LLC,1.0,536.0,2451.0,[],resolved,primary_10k_distinct_statement_sets_mapped,,,,1,one_statement_scope
0001566011-20-000003,2019,2,0001566011;0001566097,PBF Finance Corp | PBF HOLDING CO LLC,2,True,0001566011,"[[""0001566011""]]",,"{""0001566011"": {""audit_opinion_window_matches"": 1, ""balance_sheet_heading_matches"": 7, ""cash_flow_heading_matches"": 7, ""name"": ""PBF Holding Co LLC"", ""operations_heading_matches"": 7}, ""0001566097"": {""audit_opinion_window_matches"": 0, ""balance_sheet_heading_matches"": 0, ""cash_flow_heading_matches"": 0, ""name"": ""PBF Finance Corp"", ""operations_heading_matches"": 0}}",1,,pbf-20191231.xml,0001566011,,PBF FINANCE CORPORATION;PBF HOLDING CO LLC,1.0,476.0,2473.0,[],resolved,primary_10k_distinct_statement_sets_mapped,,,,1,one_statement_scope
0001566011-21-000003,2020,2,0001566011;0001566097,PBF Finance Corp | PBF HOLDING CO LLC,2,True,0001566011,"[[""0001566011""]]",,"{""0001566011"": {""audit_opinion_window_matches"": 1, ""balance_sheet_heading_matches"": 3, ""cash_flow_heading_matches"": 2, ""name"": ""PBF Holding Co LLC"", ""operations_heading_matches"": 4}, ""0001566097"": {""audit_opinion_window_matches"": 0, ""balance_sheet_heading_matches"": 0, ""cash_flow_heading_matches"": 0, ""name"": ""PBF Finance Corp"", ""operations_heading_matches"": 0}}",1,,pbfh-20201231.htm,0001566011,,PBF FINANCE CORPORATION;PBF HOLDING CO LLC,1.0,440.0,1610.0,[],resolved,primary_10k_distinct_statement_sets_mapped,,,,1,one_statement_scope
0001566011-22-000004,2021,2,0001566011;0001566097,PBF Finance Corp | PBF HOLDING CO LLC,2,True,0001566011,"[[""0001566011""]]",,"{""0001566011"": {""audit_opinion_window_matches"": 1, ""balance_sheet_heading_matches"": 3, ""cash_flow_heading_matches"": 2, ""name"": ""PBF Holding Co LLC"", ""operations_heading_matches"": 4}, ""0001566097"": {""audit_opinion_window_matches"": 0, ""balance_sheet_heading_matches"": 0, ""cash_flow_heading_matches"": 0, ""name"": ""PBF Finance Corp"", ""operations_heading_matches"": 0}}",1,,pbfh-20211231.htm,0001566011,,PBF FINANCE CORP;PBF HOLDING COMPANY LLC,1.0,424.0,1613.0,[],resolved,primary_10k_distinct_statement_sets_mapped,,,,1,one_statement_scope
0001566011-23-000004,2022,2,0001566011;0001566097,PBF Finance Corp | PBF HOLDING CO LLC,2,True,0001566011,"[[""0001566011""]]",,"{""0001566011"": {""audit_opinion_window_matches"": 1, ""balance_sheet_heading_matches"": 3, ""cash_flow_heading_matches"": 2, ""name"": ""PBF Holding Co LLC"", ""operations_heading_matches"": 4}, ""0001566097"": {""audit_opinion_window_matches"": 0, ""balance_sheet_heading_matches"": 0, ""cash_flow_heading_matches"": 0, ""name"": ""PBF Finance Corp"", ""operations_heading_matches"": 0}}",1,,pbfh-20221231.htm,0001566011,,PBF FINANCE CORP;PBF HOLDING COMPANY LLC,1.0,417.0,1575.0,[],resolved,primary_10k_distinct_statement_sets_mapped,,,,1,one_statement_scope
0001566011-24-000003,2023,2,0001566011;0001566097,PBF Finance Corp | PBF HOLDING CO LLC,2,True,0001566011,"[[""0001566011""]]",,"{""0001566011"": {""audit_opinion_window_matches"": 1, ""balance_sheet_heading_matches"": 4, ""cash_flow_heading_matches"": 2, ""name"": ""PBF Holding Co LLC"", ""operations_heading_matches"": 4}, ""0001566097"": {""audit_opinion_window_matches"": 0, ""balance_sheet_heading_matches"": 0, ""cash_flow_heading_matches"": 0, ""name"": ""PBF Finance Corp"", ""operations_heading_matches"": 0}}",1,,pbfh-20231231.htm,0001566011,,PBF FINANCE CORP;PBF HOLDING COMPANY LLC,1.0,402.0,1508.0,[],resolved,primary_10k_distinct_statement_sets_mapped,,,,1,one_statement_scope
0001566011-25-000004,2024,2,0001566011;0001566097,PBF Finance Corp | PBF HOLDING CO LLC,2,True,0001566011,"[[""0001566011""]]",,"{""0001566011"": {""audit_opinion_window_matches"": 3, ""balance_sheet_heading_matches"": 7, ""cash_flow_heading_matches"": 2, ""name"": ""PBF Holding Co LLC"", ""operations_heading_matches"": 5}, ""0001566097"": {""audit_opinion_window_matches"": 0, ""balance_sheet_heading_matches"": 0, ""cash_flow_heading_matches"": 0, ""name"": ""PBF Finance Corp"", ""operations_heading_matches"": 0}}",3,,pbfh-20241231.htm,0001566011,,PBF FINANCE CORP;PBF HOLDING COMPANY LLC,1.0,359.0,1431.0,[],resolved,primary_10k_distinct_statement_sets_mapped,,,,1,one_statement_scope
0001624826-16-000031,2015,2,0001405041;0001624826,MOMENTIVE PERFORMANCE MATERIALS INC. | MPM Holdings Inc.,2,True,0001405041;0001624826,"[[""0001405041""], [""0001624826""]]",,"{""0001405041"": {""audit_opinion_window_matches"": 2, ""balance_sheet_heading_matches"": 5, ""cash_flow_heading_matches"": 5, ""name"": ""Momentive Performance Materials Inc."", ""operations_heading_matches"": 9}, ""0001624826"": {""audit_opinion_window_matches"": 2, ""balance_sheet_heading_matches"": 2, ""cash_flow_heading_matches"": 1, ""name"": ""MPM Holdings Inc."", ""operations_heading_matches"": 4}}",4,,mpmi-20151231.xml,0001405041,,Momentive Performance Materials Inc.,1.0,401.0,3162.0,[],resolved,primary_10k_distinct_statement_sets_mapped,,,,2,multiple_distinct_statement_scopes
0001624826-19-000011,2018,2,0001405041;0001624826,MPM HOLDINGS INC. | Momentive Performance Materials Inc.,2,True,0001405041;0001624826,"[[""0001405041""], [""0001624826""]]",,"{""0001405041"": {""audit_opinion_window_matches"": 1, ""balance_sheet_heading_matches"": 5, ""cash_flow_heading_matches"": 4, ""name"": ""Momentive Performance Materials Inc."", ""operations_heading_matches"": 8}, ""0001624826"": {""audit_opinion_window_matches"": 1, ""balance_sheet_heading_matches"": 4, ""cash_flow_heading_matches"": 2, ""name"": ""MPM Holdings Inc."", ""operations_heading_matches"": 6}}",4,,mpmi-20181231.xml,0001624826,,MPM Holdings Inc.;Momentive Performance Materials Inc.,1.0,348.0,2737.0,[],resolved,primary_10k_distinct_statement_sets_mapped,,,,2,multiple_distinct_statement_scopes
0001628280-15-001010,2014,2,0000784681;0001053112,CABLEVISION SYSTEMS CORP /NY | CSC HOLDINGS LLC,2,True,0000784681;0001053112,"[[""0000784681""], [""0000784681"", ""0001053112""], [""0001053112""]]",,"{""0000784681"": {""audit_opinion_window_matches"": 4, ""balance_sheet_heading_matches"": 4, ""cash_flow_heading_matches"": 2, ""name"": ""CSC HOLDINGS LLC"", ""operations_heading_matches"": 6}, ""0001053112"": {""audit_opinion_window_matches"": 4, ""balance_sheet_heading_matches"": 6, ""cash_flow_heading_matches"": 4, ""name"": ""CABLEVISION SYSTEMS CORP /NY"", ""operations_heading_matches"": 9}}",6,,cvc-20141231.xml,0001053112,,CABLEVISION SYSTEMS CORP /NY;CSC HOLDINGS LLC,1.0,656.0,3024.0,[],resolved,primary_10k_distinct_statement_sets_mapped,,,,2,multiple_distinct_statement_scopes
0001628280-15-001755,2014,2,0001571116;0001571117,TRUVEN HOLDING CORP. | Truven Health Analytics Inc.,2,True,0001571116,"[[""0001571116""]]",,"{""0001571116"": {""audit_opinion_window_matches"": 2, ""balance_sheet_heading_matches"": 5, ""cash_flow_heading_matches"": 3, ""name"": ""Truven Holding Corp."", ""operations_heading_matches"": 3}, ""0001571117"": {""audit_opinion_window_matches"": 0, ""balance_sheet_heading_matches"": 0, ""cash_flow_heading_matches"": 0, ""name"": ""Truven Health Analytics Inc."", ""operations_heading_matches"": 0}}",2,,tha-20141231.xml,0001571116,,Truven Health Analytics Inc.;Truven Holding Corp.,1.0,312.0,1616.0,[],resolved,primary_10k_distinct_statement_sets_mapped,,,,1,one_statement_scope
0001628280-16-011667,2015,2,0000784681;0001053112,CABLEVISION SYSTEMS CORP /NY | CSC HOLDINGS LLC,2,True,0000784681;0001053112,"[[""0000784681""], [""0000784681"", ""0001053112""], [""0001053112""]]",,"{""0000784681"": {""audit_opinion_window_matches"": 4, ""balance_sheet_heading_matches"": 4, ""cash_flow_heading_matches"": 2, ""name"": ""CSC HOLDINGS LLC"", ""operations_heading_matches"": 6}, ""0001053112"": {""audit_opinion_window_matches"": 4, ""balance_sheet_heading_matches"": 6, ""cash_flow_heading_matches"": 4, ""name"": ""CABLEVISION SYSTEMS CORP /NY"", ""operations_heading_matches"": 9}}",6,,cvc-20151231.xml,0001053112,,CABLEVISION SYSTEMS CORP /NY;CSC HOLDINGS LLC,1.0,647.0,2936.0,[],resolved,primary_10k_distinct_statement_sets_mapped,,,,2,multiple_distinct_statement_scopes
0001628280-16-013603,2015,2,0001571116;0001571117,TRUVEN HOLDING CORP. | Truven Health Analytics Inc.,2,True,0001571116,"[[""0001571116""]]",,"{""0001571116"": {""audit_opinion_window_matches"": 1, ""balance_sheet_heading_matches"": 6, ""cash_flow_heading_matches"": 4, ""name"": ""Truven Holding Corp."", ""operations_heading_matches"": 2}, ""0001571117"": {""audit_opinion_window_matches"": 0, ""balance_sheet_heading_matches"": 0, ""cash_flow_heading_matches"": 0, ""name"": ""Truven Health Analytics Inc."", ""operations_heading_matches"": 0}}",1,,tha-20151231.xml,0001571116,,Truven Health Analytics Inc.;Truven Holding Corp.,1.0,313.0,1750.0,[],resolved,primary_10k_distinct_statement_sets_mapped,,,,1,one_statement_scope
0001628280-17-001852,2016,2,0001507563;0001581164,"ESH Hospitality, Inc. | EXTENDED STAY AMERICA, INC.",2,True,0001507563;0001581164,"[[""0001507563""], [""0001507563"", ""0001581164""], [""0001581164""]]",,"{""0001507563"": {""audit_opinion_window_matches"": 3, ""balance_sheet_heading_matches"": 3, ""cash_flow_heading_matches"": 1, ""name"": ""ESH Hospitality, Inc."", ""operations_heading_matches"": 4}, ""0001581164"": {""audit_opinion_window_matches"": 4, ""balance_sheet_heading_matches"": 9, ""cash_flow_heading_matches"": 2, ""name"": ""Extended Stay America, Inc."", ""operations_heading_matches"": 5}}",6,,stay-20161231.xml,0001581164,,"ESH Hospitality, Inc.;Extended Stay America, Inc.",1.0,1877.0,11279.0,[],resolved,primary_10k_distinct_statement_sets_mapped,,,,2,multiple_distinct_statement_scopes
0001628280-18-002017,2017,2,0001035688;0001320414,SELECT MEDICAL CORP | SELECT MEDICAL HOLDINGS CORP,2,True,0001035688;0001320414,"[[""0001035688""], [""0001320414""]]",,"{""0001035688"": {""audit_opinion_window_matches"": 1, ""balance_sheet_heading_matches"": 5, ""cash_flow_heading_matches"": 4, ""name"": ""SELECT MEDICAL CORP"", ""operations_heading_matches"": 7}, ""0001320414"": {""audit_opinion_window_matches"": 1, ""balance_sheet_heading_matches"": 2, ""cash_flow_heading_matches"": 1, ""name"": ""SELECT MEDICAL HOLDINGS CORP"", ""operations_heading_matches"": 5}}",4,,sem-20171231.xml,0001320414,,SELECT MEDICAL HOLDINGS CORP,1.0,445.0,3009.0,[],resolved,primary_10k_distinct_statement_sets_mapped,,,,2,multiple_distinct_statement_scopes
0001628280-18-002128,2017,2,0001169055;0001458891,NOBLE CORP | NOBLE CORP PLC,2,True,0001169055;0001458891,"[[""0001169055""], [""0001169055"", ""0001458891""]]",,"{""0001169055"": {""audit_opinion_window_matches"": 2, ""balance_sheet_heading_matches"": 8, ""cash_flow_heading_matches"": 7, ""name"": ""NOBLE CORP"", ""operations_heading_matches"": 13}, ""0001458891"": {""audit_opinion_window_matches"": 1, ""balance_sheet_heading_matches"": 3, ""cash_flow_heading_matches"": 2, ""name"": ""Noble Corp plc"", ""operations_heading_matches"": 5}}",4,,ne-20171231.xml,0001458891,,Noble Corp plc;Noble Corporation,1.0,620.0,3066.0,[],resolved,primary_10k_distinct_statement_sets_mapped,,,,2,multiple_distinct_statement_scopes
0001628280-18-002303,2017,2,0001507563;0001581164,"ESH Hospitality, Inc. | EXTENDED STAY AMERICA, INC.",2,True,0001507563;0001581164,"[[""0001507563""], [""0001581164""]]",,"{""0001507563"": {""audit_opinion_window_matches"": 1, ""balance_sheet_heading_matches"": 3, ""cash_flow_heading_matches"": 1, ""name"": ""ESH Hospitality, Inc."", ""operations_heading_matches"": 4}, ""0001581164"": {""audit_opinion_window_matches"": 1, ""balance_sheet_heading_matches"": 8, ""cash_flow_heading_matches"": 1, ""name"": ""Extended Stay America, Inc."", ""operations_heading_matches"": 4}}",2,,stay-20171231.xml,0001581164,,"ESH Hospitality, Inc.;Extended Stay America, Inc.",1.0,1856.0,11234.0,[],resolved,primary_10k_distinct_statement_sets_mapped,,,,2,multiple_distinct_statement_scopes
0001628280-19-001027,2018,2,0001571371;0001621563,"SUMMIT MATERIALS, INC. | Summit Materials, LLC",2,True,0001621563,"[[""0001621563""]]",,"{""0001571371"": {""audit_opinion_window_matches"": 0, ""balance_sheet_heading_matches"": 0, ""cash_flow_heading_matches"": 0, ""name"": ""Summit Materials, LLC"", ""operations_heading_matches"": 1}, ""0001621563"": {""audit_opinion_window_matches"": 2, ""balance_sheet_heading_matches"": 2, ""cash_flow_heading_matches"": 1, ""name"": ""Summit Materials, Inc."", ""operations_heading_matches"": 3}}",2,,sum-20181229.xml,0001621563,,"Summit Materials, Inc.;Summit Materials, LLC",1.0,892.0,3570.0,[],resolved,primary_10k_distinct_statement_sets_mapped,,,,1,one_statement_scope
0001628280-19-001659,2018,2,0001035688;0001320414,SELECT MEDICAL CORP | SELECT MEDICAL HOLDINGS CORP,2,True,0001035688;0001320414,"[[""0001035688""], [""0001320414""]]",,"{""0001035688"": {""audit_opinion_window_matches"": 1, ""balance_sheet_heading_matches"": 5, ""cash_flow_heading_matches"": 4, ""name"": ""SELECT MEDICAL CORP"", ""operations_heading_matches"": 7}, ""0001320414"": {""audit_opinion_window_matches"": 1, ""balance_sheet_heading_matches"": 2, ""cash_flow_heading_matches"": 1, ""name"": ""SELECT MEDICAL HOLDINGS CORP"", ""operations_heading_matches"": 5}}",4,,sem-12311810k.htm,0001320414,,SELECT MEDICAL HOLDINGS CORP,1.0,501.0,3594.0,[],resolved,primary_10k_distinct_statement_sets_mapped,,,,2,multiple_distinct_statement_scopes
0001628280-19-001707,2018,2,0001169055;0001458891,NOBLE CORP | NOBLE CORP PLC,2,True,0001169055;0001458891,"[[""0001169055""], [""0001169055"", ""0001458891""]]",,"{""0001169055"": {""audit_opinion_window_matches"": 2, ""balance_sheet_heading_matches"": 8, ""cash_flow_heading_matches"": 8, ""name"": ""NOBLE CORP"", ""operations_heading_matches"": 13}, ""0001458891"": {""audit_opinion_window_matches"": 1, ""balance_sheet_heading_matches"": 3, ""cash_flow_heading_matches"": 3, ""name"": ""Noble Corp plc"", ""operations_heading_matches"": 5}}",4,,ne-20181231.xml,0001458891,,Noble Corp plc;Noble Corporation,1.0,774.0,3054.0,[],resolved,primary_10k_distinct_statement_sets_mapped,,,,2,multiple_distinct_statement_scopes
0001628280-19-002148,2018,2,0001507563;0001581164,"ESH Hospitality, Inc. | EXTENDED STAY AMERICA, INC.",2,True,0001507563;0001581164,"[[""0001507563""], [""0001581164""]]",,"{""0001507563"": {""audit_opinion_window_matches"": 1, ""balance_sheet_heading_matches"": 4, ""cash_flow_heading_matches"": 1, ""name"": ""ESH Hospitality, Inc."", ""operations_heading_matches"": 4}, ""0001581164"": {""audit_opinion_window_matches"": 1, ""balance_sheet_heading_matches"": 8, ""cash_flow_heading_matches"": 1, ""name"": ""Extended Stay America, Inc."", ""operations_heading_matches"": 4}}",2,,stay-20181231.xml,0001581164,,"ESH Hospitality, Inc.;Extended Stay America, Inc.",1.0,1738.0,10382.0,[],resolved,primary_10k_distinct_statement_sets_mapped,,,,2,multiple_distinct_statement_scopes
0001628280-20-001083,2019,2,0001571371;0001621563,"SUMMIT MATERIALS, INC. | Summit Materials, LLC",2,True,0001621563,"[[""0001621563""]]",,"{""0001571371"": {""audit_opinion_window_matches"": 0, ""balance_sheet_heading_matches"": 0, ""cash_flow_heading_matches"": 0, ""name"": ""Summit Materials, LLC"", ""operations_heading_matches"": 1}, ""0001621563"": {""audit_opinion_window_matches"": 2, ""balance_sheet_heading_matches"": 2, ""cash_flow_heading_matches"": 1, ""name"": ""Summit Materials, Inc."", ""operations_heading_matches"": 4}}",2,,a10k2019.htm,0001621563,,"SUMMIT MATERIALS, INC.;SUMMIT MATERIALS, LLC",1.0,914.0,1856.0,[],resolved,primary_10k_distinct_statement_sets_mapped,,,,1,one_statement_scope
0001628280-20-001897,2019,2,0001169055;0001458891,NOBLE CORP | NOBLE CORP PLC,2,True,0001169055;0001458891,"[[""0001169055""], [""0001169055"", ""0001458891""]]",,"{""0001169055"": {""audit_opinion_window_matches"": 2, ""balance_sheet_heading_matches"": 10, ""cash_flow_heading_matches"": 8, ""name"": ""NOBLE CORP"", ""operations_heading_matches"": 13}, ""0001458891"": {""audit_opinion_window_matches"": 1, ""balance_sheet_heading_matches"": 4, ""cash_flow_heading_matches"": 3, ""name"": ""Noble Corp plc"", ""operations_heading_matches"": 5}}",4,,a201910-kdocument.htm,0001458891,,Noble Corporation;Noble Corporation plc,1.0,684.0,3112.0,[],resolved,primary_10k_distinct_statement_sets_mapped,,,,2,multiple_distinct_statement_scopes
0001628280-20-002318,2019,2,0001507563;0001581164,"ESH Hospitality, Inc. | EXTENDED STAY AMERICA, INC.",2,True,0001507563;0001581164,"[[""0001507563""], [""0001581164""]]",,"{""0001507563"": {""audit_opinion_window_matches"": 1, ""balance_sheet_heading_matches"": 4, ""cash_flow_heading_matches"": 1, ""name"": ""ESH Hospitality, Inc."", ""operations_heading_matches"": 4}, ""0001581164"": {""audit_opinion_window_matches"": 1, ""balance_sheet_heading_matches"": 8, ""cash_flow_heading_matches"": 2, ""name"": ""Extended Stay America, Inc."", ""operations_heading_matches"": 4}}",2,,stay-20191231.htm,0001581164,,"ESH Hospitality, Inc.;Extended Stay America, Inc.",1.0,1801.0,10826.0,[],resolved,primary_10k_distinct_statement_sets_mapped,,,,2,multiple_distinct_statement_scopes
0001628280-21-003021,2020,2,0001571371;0001621563,"SUMMIT MATERIALS, INC. | Summit Materials, LLC",2,True,0001621563,"[[""0001621563""]]",,"{""0001571371"": {""audit_opinion_window_matches"": 0, ""balance_sheet_heading_matches"": 0, ""cash_flow_heading_matches"": 0, ""name"": ""Summit Materials, LLC"", ""operations_heading_matches"": 0}, ""0001621563"": {""audit_opinion_window_matches"": 2, ""balance_sheet_heading_matches"": 2, ""cash_flow_heading_matches"": 1, ""name"": ""Summit Materials, Inc."", ""operations_heading_matches"": 3}}",2,,sum-20210102.htm,0001621563,,"SUMMIT MATERIALS, INC.;SUMMIT MATERIALS, LLC",1.0,876.0,1711.0,[],resolved,primary_10k_distinct_statement_sets_mapped,,,,1,one_statement_scope
0001628280-21-003326,2020,2,0001507563;0001581164,"ESH Hospitality, Inc. | EXTENDED STAY AMERICA, INC.",2,True,0001507563;0001581164,"[[""0001507563""], [""0001581164""]]",,"{""0001507563"": {""audit_opinion_window_matches"": 1, ""balance_sheet_heading_matches"": 3, ""cash_flow_heading_matches"": 2, ""name"": ""ESH Hospitality, Inc."", ""operations_heading_matches"": 4}, ""0001581164"": {""audit_opinion_window_matches"": 1, ""balance_sheet_heading_matches"": 9, ""cash_flow_heading_matches"": 2, ""name"": ""Extended Stay America, Inc."", ""operations_heading_matches"": 4}}",2,,stay-20201231.htm,0001581164,,"ESH Hospitality, Inc.;Extended Stay America, Inc.",1.0,1786.0,10787.0,[],resolved,primary_10k_distinct_statement_sets_mapped,,,,2,multiple_distinct_statement_scopes
0001628280-21-004612,2020,2,0001169055;0001458891,NOBLE CORP | Noble Finance Co,2,True,0001169055;0001458891,"[[""0001169055"", ""0001458891""]]",,"{""0001169055"": {""audit_opinion_window_matches"": 2, ""balance_sheet_heading_matches"": 3, ""cash_flow_heading_matches"": 2, ""name"": ""Noble Finance Co"", ""operations_heading_matches"": 5}, ""0001458891"": {""audit_opinion_window_matches"": 2, ""balance_sheet_heading_matches"": 6, ""cash_flow_heading_matches"": 5, ""name"": ""Noble Corp"", ""operations_heading_matches"": 9}}",4,,ne-20201231.htm,0001458891,,Noble Corporation;Noble Finance Company,1.0,662.0,2335.0,[],resolved,manual_two_distinct_audited_statement_scopes,Separate audit opinions and full annual suites are presented for Noble Corporation and Noble Finance Company for fiscal 2020.,noble_2020_two_separate_statement_scopes,,2,multiple_distinct_statement_scopes
0001628280-22-003005,2021,2,0001169055;0001458891,NOBLE CORP | Noble Finance Co,2,True,0001169055;0001458891,"[[""0001169055""], [""0001169055"", ""0001458891""], [""0001458891""]]",,"{""0001169055"": {""audit_opinion_window_matches"": 4, ""balance_sheet_heading_matches"": 6, ""cash_flow_heading_matches"": 2, ""name"": ""Noble Finance Co"", ""operations_heading_matches"": 5}, ""0001458891"": {""audit_opinion_window_matches"": 7, ""balance_sheet_heading_matches"": 5, ""cash_flow_heading_matches"": 2, ""name"": ""Noble Corp"", ""operations_heading_matches"": 7}}",8,,ne-20211231.htm,0001458891,,Noble Corporation;Noble Finance Company,1.0,737.0,2856.0,[],resolved,primary_10k_distinct_statement_sets_mapped,,,,2,multiple_distinct_statement_scopes
0001628280-22-003781,2021,2,0001571371;0001621563,"SUMMIT MATERIALS, INC. | Summit Materials, LLC",2,True,0001621563,"[[""0001621563""]]",,"{""0001571371"": {""audit_opinion_window_matches"": 0, ""balance_sheet_heading_matches"": 0, ""cash_flow_heading_matches"": 0, ""name"": ""Summit Materials, LLC"", ""operations_heading_matches"": 0}, ""0001621563"": {""audit_opinion_window_matches"": 2, ""balance_sheet_heading_matches"": 2, ""cash_flow_heading_matches"": 1, ""name"": ""Summit Materials, Inc."", ""operations_heading_matches"": 3}}",2,,sum-20220101.htm,0001621563,,"SUMMIT MATERIALS, INC.;SUMMIT MATERIALS, LLC",1.0,872.0,1725.0,[],resolved,primary_10k_distinct_statement_sets_mapped,,,,1,one_statement_scope
0001628280-23-003866,2022,2,0001571371;0001621563,"SUMMIT MATERIALS, INC. | Summit Materials, LLC",2,True,0001621563,"[[""0001621563""]]",,"{""0001571371"": {""audit_opinion_window_matches"": 0, ""balance_sheet_heading_matches"": 0, ""cash_flow_heading_matches"": 0, ""name"": ""Summit Materials, LLC"", ""operations_heading_matches"": 0}, ""0001621563"": {""audit_opinion_window_matches"": 2, ""balance_sheet_heading_matches"": 2, ""cash_flow_heading_matches"": 1, ""name"": ""Summit Materials, Inc."", ""operations_heading_matches"": 3}}",2,,sum-20221231.htm,0001621563,,"SUMMIT MATERIALS, INC.;SUMMIT MATERIALS, LLC",1.0,816.0,1740.0,[],resolved,primary_10k_distinct_statement_sets_mapped,,,,1,one_statement_scope
0001628280-23-007260,2022,2,0001169055;0001895262,NOBLE CORP PLC | Noble Finance Co,2,True,0001169055;0001895262,"[[""0001169055""], [""0001169055"", ""0001895262""], [""0001895262""]]",,"{""0001169055"": {""audit_opinion_window_matches"": 3, ""balance_sheet_heading_matches"": 3, ""cash_flow_heading_matches"": 2, ""name"": ""Noble Finance Co"", ""operations_heading_matches"": 6}, ""0001895262"": {""audit_opinion_window_matches"": 6, ""balance_sheet_heading_matches"": 3, ""cash_flow_heading_matches"": 2, ""name"": ""Noble Corp plc"", ""operations_heading_matches"": 6}}",8,,ne-20221231.htm,0001895262,,Noble Corporation plc;Noble Finance Company,1.0,693.0,2763.0,[],resolved,primary_10k_distinct_statement_sets_mapped,,,,2,multiple_distinct_statement_scopes
0001628280-24-004995,2023,2,0001571371;0001621563,"SUMMIT MATERIALS, INC. | Summit Materials, LLC",2,True,0001621563,"[[""0001621563""]]",,"{""0001571371"": {""audit_opinion_window_matches"": 0, ""balance_sheet_heading_matches"": 0, ""cash_flow_heading_matches"": 0, ""name"": ""Summit Materials, LLC"", ""operations_heading_matches"": 0}, ""0001621563"": {""audit_opinion_window_matches"": 2, ""balance_sheet_heading_matches"": 2, ""cash_flow_heading_matches"": 1, ""name"": ""Summit Materials, Inc."", ""operations_heading_matches"": 3}}",2,,sum-20231230.htm,0001621563,,"SUMMIT MATERIALS, INC.;SUMMIT MATERIALS, LLC",1.0,844.0,1822.0,[],resolved,primary_10k_distinct_statement_sets_mapped,,,,1,one_statement_scope
0001649338-17-000158,2017,2,0001649338;0001649345,BROADCOM LTD | Broadcom Cayman L.P.,2,True,0001649338;0001649345,"[[""0001649338"", ""0001649345""]]",,"{""0001649338"": {""audit_opinion_window_matches"": 2, ""balance_sheet_heading_matches"": 3, ""cash_flow_heading_matches"": 3, ""name"": ""Broadcom Ltd"", ""operations_heading_matches"": 4}, ""0001649345"": {""audit_opinion_window_matches"": 2, ""balance_sheet_heading_matches"": 4, ""cash_flow_heading_matches"": 3, ""name"": ""Broadcom Cayman L.P."", ""operations_heading_matches"": 5}}",2,,avgo-20171029.xml,0001649338,,Broadcom Cayman L.P.;Broadcom Ltd,1.0,621.0,3195.0,[],resolved,manual_two_distinct_audited_statement_scopes,"Item 8 separately indexes, audits and presents complete annual statements for Broadcom Limited and Broadcom Cayman L.P.",broadcom_two_separate_statement_scopes,,2,multiple_distinct_statement_scopes
0001652044-16-000012,2015,2,0001288776;0001652044,ALPHABET INC. | GOOGLE INC.,2,True,0001288776;0001652044,"[[""0001288776"", ""0001652044""], [""0001652044""]]",,"{""0001288776"": {""audit_opinion_window_matches"": 3, ""balance_sheet_heading_matches"": 13, ""cash_flow_heading_matches"": 5, ""name"": ""GOOGLE INC."", ""operations_heading_matches"": 10}, ""0001652044"": {""audit_opinion_window_matches"": 4, ""balance_sheet_heading_matches"": 12, ""cash_flow_heading_matches"": 5, ""name"": ""Alphabet Inc."", ""operations_heading_matches"": 10}}",4,,goog-20151231.xml,0001652044,,Alphabet Inc.;Google Inc.,1.0,492.0,2469.0,[],resolved,manual_two_distinct_audited_statement_scopes,"Item 8 separately indexes, audits and presents complete annual statements for Alphabet Inc. and Google Inc.; the combined filing and substantial overlap do not turn the two statement suites into one suite.",alphabet_google_two_separate_statement_scopes,,2,multiple_distinct_statement_scopes
0001657853-17-000010,2016,2,0000047129;0001657853,"HERTZ CORP | HERTZ GLOBAL HOLDINGS, INC",2,True,0000047129;0001657853,"[[""0000047129""], [""0001657853""]]",,"{""0000047129"": {""audit_opinion_window_matches"": 1, ""balance_sheet_heading_matches"": 8, ""cash_flow_heading_matches"": 6, ""name"": ""HERTZ CORP"", ""operations_heading_matches"": 7}, ""0001657853"": {""audit_opinion_window_matches"": 1, ""balance_sheet_heading_matches"": 9, ""cash_flow_heading_matches"": 6, ""name"": ""HERTZ GLOBAL HOLDINGS, INC"", ""operations_heading_matches"": 9}}",2,,htz-20161231.xml,0001657853,,"HERTZ CORP;HERTZ GLOBAL HOLDINGS, INC",1.0,889.0,3820.0,[],resolved,primary_10k_distinct_statement_sets_mapped,,,,2,multiple_distinct_statement_scopes
0001657853-18-000016,2017,2,0000047129;0001657853,"HERTZ CORP | HERTZ GLOBAL HOLDINGS, INC",2,True,0000047129;0001657853,"[[""0000047129""], [""0001657853""]]",,"{""0000047129"": {""audit_opinion_window_matches"": 1, ""balance_sheet_heading_matches"": 10, ""cash_flow_heading_matches"": 7, ""name"": ""HERTZ CORP"", ""operations_heading_matches"": 12}, ""0001657853"": {""audit_opinion_window_matches"": 1, ""balance_sheet_heading_matches"": 12, ""cash_flow_heading_matches"": 6, ""name"": ""HERTZ GLOBAL HOLDINGS, INC"", ""operations_heading_matches"": 12}}",4,,htz-20171231.xml,0001657853,,"HERTZ CORP;HERTZ GLOBAL HOLDINGS, INC",1.0,896.0,3673.0,[],resolved,primary_10k_distinct_statement_sets_mapped,,,,2,multiple_distinct_statement_scopes
0001657853-19-000005,2018,2,0000047129;0001657853,"HERTZ CORP | HERTZ GLOBAL HOLDINGS, INC",2,True,0000047129;0001657853,"[[""0000047129""], [""0001657853""]]",,"{""0000047129"": {""audit_opinion_window_matches"": 1, ""balance_sheet_heading_matches"": 6, ""cash_flow_heading_matches"": 5, ""name"": ""HERTZ CORP"", ""operations_heading_matches"": 8}, ""0001657853"": {""audit_opinion_window_matches"": 1, ""balance_sheet_heading_matches"": 10, ""cash_flow_heading_matches"": 5, ""name"": ""HERTZ GLOBAL HOLDINGS, INC"", ""operations_heading_matches"": 9}}",4,,htz-20181231.xml,0001657853,,"HERTZ CORP;HERTZ GLOBAL HOLDINGS, INC",1.0,961.0,3662.0,[],resolved,primary_10k_distinct_statement_sets_mapped,,,,2,multiple_distinct_statement_scopes
0001657853-20-000007,2019,2,0000047129;0001657853,"HERTZ CORP | HERTZ GLOBAL HOLDINGS, INC",2,True,0000047129;0001657853,"[[""0000047129""], [""0001657853""]]",,"{""0000047129"": {""audit_opinion_window_matches"": 4, ""balance_sheet_heading_matches"": 10, ""cash_flow_heading_matches"": 5, ""name"": ""HERTZ CORP"", ""operations_heading_matches"": 9}, ""0001657853"": {""audit_opinion_window_matches"": 4, ""balance_sheet_heading_matches"": 11, ""cash_flow_heading_matches"": 5, ""name"": ""HERTZ GLOBAL HOLDINGS, INC"", ""operations_heading_matches"": 10}}",8,,hghthc201910-k.htm,0001657853,,"HERTZ CORP;HERTZ GLOBAL HOLDINGS, INC",1.0,969.0,3932.0,[],resolved,primary_10k_distinct_statement_sets_mapped,,,,2,multiple_distinct_statement_scopes
0001657853-21-000006,2020,2,0000047129;0001657853,"HERTZ CORP | HERTZ GLOBAL HOLDINGS, INC",2,True,0000047129;0001657853,"[[""0000047129""], [""0001657853""]]",,"{""0000047129"": {""audit_opinion_window_matches"": 4, ""balance_sheet_heading_matches"": 7, ""cash_flow_heading_matches"": 3, ""name"": ""HERTZ CORP"", ""operations_heading_matches"": 9}, ""0001657853"": {""audit_opinion_window_matches"": 4, ""balance_sheet_heading_matches"": 8, ""cash_flow_heading_matches"": 3, ""name"": ""HERTZ GLOBAL HOLDINGS, INC"", ""operations_heading_matches"": 10}}",8,,htz-20201231.htm,0001657853,,"HERTZ CORP;HERTZ GLOBAL HOLDINGS, INC",1.0,917.0,3178.0,[],resolved,primary_10k_distinct_statement_sets_mapped,,,,2,multiple_distinct_statement_scopes
0001657853-22-000012,2021,2,0000047129;0001657853,"HERTZ CORP | HERTZ GLOBAL HOLDINGS, INC",2,True,0000047129;0001657853,"[[""0000047129""], [""0001657853""]]",,"{""0000047129"": {""audit_opinion_window_matches"": 2, ""balance_sheet_heading_matches"": 8, ""cash_flow_heading_matches"": 2, ""name"": ""HERTZ CORP"", ""operations_heading_matches"": 6}, ""0001657853"": {""audit_opinion_window_matches"": 2, ""balance_sheet_heading_matches"": 9, ""cash_flow_heading_matches"": 2, ""name"": ""HERTZ GLOBAL HOLDINGS, INC"", ""operations_heading_matches"": 8}}",4,,htz-20211231.htm,0001657853,,"HERTZ GLOBAL HOLDINGS, INC;THE HERTZ CORPORATION",1.0,936.0,3391.0,[],resolved,primary_10k_distinct_statement_sets_mapped,,,,2,multiple_distinct_statement_scopes
0001657853-23-000039,2022,2,0000047129;0001657853,"HERTZ CORP | HERTZ GLOBAL HOLDINGS, INC",2,True,0000047129;0001657853,"[[""0000047129""], [""0001657853""]]",,"{""0000047129"": {""audit_opinion_window_matches"": 2, ""balance_sheet_heading_matches"": 6, ""cash_flow_heading_matches"": 2, ""name"": ""HERTZ CORP"", ""operations_heading_matches"": 7}, ""0001657853"": {""audit_opinion_window_matches"": 2, ""balance_sheet_heading_matches"": 7, ""cash_flow_heading_matches"": 2, ""name"": ""HERTZ GLOBAL HOLDINGS, INC"", ""operations_heading_matches"": 9}}",4,,htz-20221231.htm,0001657853,,"HERTZ GLOBAL HOLDINGS, INC;THE HERTZ CORPORATION",1.0,876.0,3138.0,[],resolved,primary_10k_distinct_statement_sets_mapped,,,,2,multiple_distinct_statement_scopes
0001657853-24-000022,2023,2,0000047129;0001657853,"HERTZ CORP | HERTZ GLOBAL HOLDINGS, INC",2,True,0000047129;0001657853,"[[""0000047129""], [""0001657853""]]",,"{""0000047129"": {""audit_opinion_window_matches"": 2, ""balance_sheet_heading_matches"": 7, ""cash_flow_heading_matches"": 2, ""name"": ""HERTZ CORP"", ""operations_heading_matches"": 5}, ""0001657853"": {""audit_opinion_window_matches"": 2, ""balance_sheet_heading_matches"": 6, ""cash_flow_heading_matches"": 3, ""name"": ""HERTZ GLOBAL HOLDINGS, INC"", ""operations_heading_matches"": 6}}",4,,htz-20231231.htm,0001657853,,"HERTZ GLOBAL HOLDINGS, INC;THE HERTZ CORPORATION",1.0,698.0,2848.0,[],resolved,primary_10k_distinct_statement_sets_mapped,,,,2,multiple_distinct_statement_scopes
0001657853-25-000015,2024,2,0000047129;0001657853,"HERTZ CORP | HERTZ GLOBAL HOLDINGS, INC",2,True,0000047129;0001657853,"[[""0000047129""], [""0001657853""]]",,"{""0000047129"": {""audit_opinion_window_matches"": 2, ""balance_sheet_heading_matches"": 8, ""cash_flow_heading_matches"": 2, ""name"": ""HERTZ CORP"", ""operations_heading_matches"": 6}, ""0001657853"": {""audit_opinion_window_matches"": 2, ""balance_sheet_heading_matches"": 7, ""cash_flow_heading_matches"": 3, ""name"": ""HERTZ GLOBAL HOLDINGS, INC"", ""operations_heading_matches"": 7}}",4,,htz-20241231.htm,0001657853,,"HERTZ GLOBAL HOLDINGS, INC;THE HERTZ CORPORATION",1.0,682.0,2606.0,[],resolved,primary_10k_distinct_statement_sets_mapped,,,,2,multiple_distinct_statement_scopes
0001751788-20-000007,2019,2,0000029915;0001751788,DOW CHEMICAL CO /DE/ | DOW INC.,2,True,0000029915;0001751788,"[[""0000029915""], [""0001751788""]]",,"{""0000029915"": {""audit_opinion_window_matches"": 1, ""balance_sheet_heading_matches"": 3, ""cash_flow_heading_matches"": 2, ""name"": ""DOW CHEMICAL CO /DE/"", ""operations_heading_matches"": 4}, ""0001751788"": {""audit_opinion_window_matches"": 1, ""balance_sheet_heading_matches"": 4, ""cash_flow_heading_matches"": 4, ""name"": ""DOW INC."", ""operations_heading_matches"": 5}}",2,,dowinc201910k.htm,0001751788,,Dow Inc.;The Dow Chemical Company,1.0,1218.0,4490.0,[],resolved,primary_10k_distinct_statement_sets_mapped,,,,2,multiple_distinct_statement_scopes
0001751788-21-000010,2020,2,0000029915;0001751788,DOW CHEMICAL CO /DE/ | DOW INC.,2,True,0000029915;0001751788,"[[""0000029915""], [""0001751788""]]",,"{""0000029915"": {""audit_opinion_window_matches"": 1, ""balance_sheet_heading_matches"": 3, ""cash_flow_heading_matches"": 2, ""name"": ""DOW CHEMICAL CO /DE/"", ""operations_heading_matches"": 4}, ""0001751788"": {""audit_opinion_window_matches"": 1, ""balance_sheet_heading_matches"": 3, ""cash_flow_heading_matches"": 4, ""name"": ""DOW INC."", ""operations_heading_matches"": 5}}",2,,dow-20201231.htm,0001751788,,Dow Inc.;The Dow Chemical Company,1.0,1334.0,4530.0,[],resolved,primary_10k_distinct_statement_sets_mapped,,,,2,multiple_distinct_statement_scopes
0001751788-22-000011,2021,2,0000029915;0001751788,DOW CHEMICAL CO /DE/ | DOW INC.,2,True,0000029915;0001751788,"[[""0000029915""], [""0001751788""]]",,"{""0000029915"": {""audit_opinion_window_matches"": 1, ""balance_sheet_heading_matches"": 3, ""cash_flow_heading_matches"": 2, ""name"": ""DOW CHEMICAL CO /DE/"", ""operations_heading_matches"": 4}, ""0001751788"": {""audit_opinion_window_matches"": 1, ""balance_sheet_heading_matches"": 3, ""cash_flow_heading_matches"": 4, ""name"": ""DOW INC."", ""operations_heading_matches"": 5}}",2,,dow-20211231.htm,0001751788,,Dow Inc.;The Dow Chemical Company,1.0,1240.0,4182.0,[],resolved,primary_10k_distinct_statement_sets_mapped,,,,2,multiple_distinct_statement_scopes
0001751788-23-000014,2022,2,0000029915;0001751788,DOW CHEMICAL CO /DE/ | DOW INC.,2,True,0000029915;0001751788,"[[""0000029915""], [""0001751788""]]",,"{""0000029915"": {""audit_opinion_window_matches"": 1, ""balance_sheet_heading_matches"": 3, ""cash_flow_heading_matches"": 2, ""name"": ""DOW CHEMICAL CO /DE/"", ""operations_heading_matches"": 4}, ""0001751788"": {""audit_opinion_window_matches"": 1, ""balance_sheet_heading_matches"": 3, ""cash_flow_heading_matches"": 2, ""name"": ""DOW INC."", ""operations_heading_matches"": 4}}",2,,dow-20221231.htm,0001751788,,Dow Inc.;The Dow Chemical Company,1.0,1126.0,3784.0,[],resolved,primary_10k_distinct_statement_sets_mapped,,,,2,multiple_distinct_statement_scopes
0001751788-24-000010,2023,2,0000029915;0001751788,DOW CHEMICAL CO /DE/ | DOW INC.,2,True,0000029915;0001751788,"[[""0000029915""], [""0001751788""]]",,"{""0000029915"": {""audit_opinion_window_matches"": 1, ""balance_sheet_heading_matches"": 3, ""cash_flow_heading_matches"": 2, ""name"": ""DOW CHEMICAL CO /DE/"", ""operations_heading_matches"": 4}, ""0001751788"": {""audit_opinion_window_matches"": 1, ""balance_sheet_heading_matches"": 3, ""cash_flow_heading_matches"": 2, ""name"": ""DOW INC."", ""operations_heading_matches"": 4}}",2,,dow-20231231.htm,0001751788,,Dow Inc.;The Dow Chemical Company,1.0,973.0,3558.0,[],resolved,primary_10k_distinct_statement_sets_mapped,,,,2,multiple_distinct_statement_scopes
0001751788-25-000012,2024,2,0000029915;0001751788,DOW CHEMICAL CO /DE/ | DOW INC.,2,True,0000029915;0001751788,"[[""0000029915""], [""0001751788""]]",,"{""0000029915"": {""audit_opinion_window_matches"": 1, ""balance_sheet_heading_matches"": 3, ""cash_flow_heading_matches"": 2, ""name"": ""DOW CHEMICAL CO /DE/"", ""operations_heading_matches"": 4}, ""0001751788"": {""audit_opinion_window_matches"": 1, ""balance_sheet_heading_matches"": 3, ""cash_flow_heading_matches"": 2, ""name"": ""DOW INC."", ""operations_heading_matches"": 4}}",2,,dow-20241231.htm,0001751788,,Dow Inc.;The Dow Chemical Company,1.0,1044.0,3770.0,[],resolved,primary_10k_distinct_statement_sets_mapped,,,,2,multiple_distinct_statement_scopes
0001755672-20-000006,2019,1,0000030554,DUPONT E I DE NEMOURS & CO,2,True,0001755672,"[[""0001755672""]]",,"{""0000030554"": {""audit_opinion_window_matches"": 0, ""balance_sheet_heading_matches"": 0, ""cash_flow_heading_matches"": 0, ""name"": ""DUPONT E I DE NEMOURS & CO"", ""operations_heading_matches"": 0}, ""0001755672"": {""audit_opinion_window_matches"": 3, ""balance_sheet_heading_matches"": 4, ""cash_flow_heading_matches"": 1, ""name"": ""Corteva, Inc."", ""operations_heading_matches"": 4}}",8,,ctva-12x31x201910xk.htm,0001755672,,"Corteva, Inc.;E. I. du Pont de Nemours and Company",1.0,1226.0,4258.0,[],resolved,primary_10k_distinct_statement_sets_mapped,,,,1,one_statement_scope
0001755672-21-000008,2020,1,0000030554,DUPONT E I DE NEMOURS & CO,2,True,0001755672,"[[""0001755672""]]",,"{""0000030554"": {""audit_opinion_window_matches"": 0, ""balance_sheet_heading_matches"": 0, ""cash_flow_heading_matches"": 0, ""name"": ""DUPONT E I DE NEMOURS & CO"", ""operations_heading_matches"": 0}, ""0001755672"": {""audit_opinion_window_matches"": 1, ""balance_sheet_heading_matches"": 3, ""cash_flow_heading_matches"": 1, ""name"": ""Corteva, Inc."", ""operations_heading_matches"": 5}}",6,,ctva-20201231.htm,0001755672,,"Corteva, Inc.;E. I. du Pont de Nemours and Company",1.0,1035.0,3489.0,[],resolved,primary_10k_distinct_statement_sets_mapped,,,,1,one_statement_scope
0001755672-22-000005,2021,1,0000030554,DUPONT E I DE NEMOURS & CO,2,True,0001755672,"[[""0001755672""]]",,"{""0000030554"": {""audit_opinion_window_matches"": 0, ""balance_sheet_heading_matches"": 0, ""cash_flow_heading_matches"": 0, ""name"": ""DUPONT E I DE NEMOURS & CO"", ""operations_heading_matches"": 0}, ""0001755672"": {""audit_opinion_window_matches"": 1, ""balance_sheet_heading_matches"": 4, ""cash_flow_heading_matches"": 2, ""name"": ""Corteva, Inc."", ""operations_heading_matches"": 4}}",4,,ctva-20211231.htm,0001755672,,"Corteva, Inc.;E. I. du Pont de Nemours and Company",1.0,915.0,3198.0,[],resolved,primary_10k_distinct_statement_sets_mapped,,,,1,one_statement_scope
0001755672-23-000005,2022,1,0000030554,"EIDP, Inc.",2,True,0000030554;0001755672,"[[""0000030554""], [""0001755672""]]",,"{""0000030554"": {""audit_opinion_window_matches"": 1, ""balance_sheet_heading_matches"": 2, ""cash_flow_heading_matches"": 1, ""name"": ""EIDP, Inc."", ""operations_heading_matches"": 3}, ""0001755672"": {""audit_opinion_window_matches"": 1, ""balance_sheet_heading_matches"": 3, ""cash_flow_heading_matches"": 1, ""name"": ""Corteva, Inc."", ""operations_heading_matches"": 4}}",4,,ctva-20221231.htm,0001755672,,"Corteva, Inc.;EIDP, Inc.",1.0,895.0,3060.0,[],resolved,primary_10k_distinct_statement_sets_mapped,,,,2,multiple_distinct_statement_scopes
0001755672-24-000004,2023,1,0000030554,"EIDP, Inc.",2,True,0000030554;0001755672,"[[""0000030554""], [""0001755672""]]",,"{""0000030554"": {""audit_opinion_window_matches"": 1, ""balance_sheet_heading_matches"": 2, ""cash_flow_heading_matches"": 1, ""name"": ""EIDP, Inc."", ""operations_heading_matches"": 3}, ""0001755672"": {""audit_opinion_window_matches"": 1, ""balance_sheet_heading_matches"": 5, ""cash_flow_heading_matches"": 1, ""name"": ""Corteva, Inc."", ""operations_heading_matches"": 3}}",4,,ctva-20231231.htm,0001755672,,"Corteva, Inc.;EIDP, Inc.",1.0,905.0,3208.0,[],resolved,primary_10k_distinct_statement_sets_mapped,,,,2,multiple_distinct_statement_scopes
0001755672-25-000005,2024,1,0000030554,"EIDP, Inc.",2,True,0000030554;0001755672,"[[""0000030554""], [""0001755672""]]",,"{""0000030554"": {""audit_opinion_window_matches"": 1, ""balance_sheet_heading_matches"": 2, ""cash_flow_heading_matches"": 3, ""name"": ""EIDP, Inc."", ""operations_heading_matches"": 3}, ""0001755672"": {""audit_opinion_window_matches"": 1, ""balance_sheet_heading_matches"": 4, ""cash_flow_heading_matches"": 3, ""name"": ""Corteva, Inc."", ""operations_heading_matches"": 5}}",4,,ctva-20241231.htm,0001755672,,"Corteva, Inc.;EIDP, Inc.",1.0,905.0,3417.0,[],resolved,primary_10k_distinct_statement_sets_mapped,,,,2,multiple_distinct_statement_scopes
0001770450-20-000012,2019,2,0000108772;0001770450,XEROX CORP | XEROX HOLDINGS CORP,2,True,0000108772;0001770450,"[[""0000108772""], [""0001770450""]]",,"{""0000108772"": {""audit_opinion_window_matches"": 1, ""balance_sheet_heading_matches"": 5, ""cash_flow_heading_matches"": 4, ""name"": ""XEROX CORP"", ""operations_heading_matches"": 8}, ""0001770450"": {""audit_opinion_window_matches"": 1, ""balance_sheet_heading_matches"": 5, ""cash_flow_heading_matches"": 3, ""name"": ""Xerox Holdings Corp"", ""operations_heading_matches"": 7}}",4,,xrx-123119x10xk.htm,0001770450,,XEROX CORPORATION;XEROX HOLDINGS CORPORATION,1.0,1172.0,4158.0,[],resolved,primary_10k_distinct_statement_sets_mapped,,,,2,multiple_distinct_statement_scopes
0001770450-21-000013,2020,2,0000108772;0001770450,XEROX CORP | XEROX HOLDINGS CORP,2,True,0000108772;0001770450,"[[""0000108772""], [""0001770450""]]",,"{""0000108772"": {""audit_opinion_window_matches"": 1, ""balance_sheet_heading_matches"": 5, ""cash_flow_heading_matches"": 4, ""name"": ""XEROX CORP"", ""operations_heading_matches"": 9}, ""0001770450"": {""audit_opinion_window_matches"": 1, ""balance_sheet_heading_matches"": 5, ""cash_flow_heading_matches"": 3, ""name"": ""Xerox Holdings Corp"", ""operations_heading_matches"": 7}}",4,,xrx-20201231.htm,0001770450,,XEROX CORPORATION;XEROX HOLDINGS CORPORATION,1.0,1123.0,4173.0,[],resolved,primary_10k_distinct_statement_sets_mapped,,,,2,multiple_distinct_statement_scopes
0001770450-22-000010,2021,2,0000108772;0001770450,XEROX CORP | XEROX HOLDINGS CORP,2,True,0000108772;0001770450,"[[""0000108772""], [""0001770450""]]",,"{""0000108772"": {""audit_opinion_window_matches"": 1, ""balance_sheet_heading_matches"": 6, ""cash_flow_heading_matches"": 4, ""name"": ""XEROX CORP"", ""operations_heading_matches"": 0}, ""0001770450"": {""audit_opinion_window_matches"": 1, ""balance_sheet_heading_matches"": 5, ""cash_flow_heading_matches"": 3, ""name"": ""Xerox Holdings Corp"", ""operations_heading_matches"": 0}}",4,,xrx-20211231.htm,0001770450,,XEROX CORPORATION;XEROX HOLDINGS CORPORATION,1.0,1174.0,4322.0,[],resolved,primary_10k_distinct_statement_sets_mapped,,,,2,multiple_distinct_statement_scopes
0001770450-23-000011,2022,2,0000108772;0001770450,XEROX CORP | XEROX HOLDINGS CORP,2,True,0000108772;0001770450,"[[""0000108772""], [""0001770450""]]",,"{""0000108772"": {""audit_opinion_window_matches"": 1, ""balance_sheet_heading_matches"": 5, ""cash_flow_heading_matches"": 3, ""name"": ""XEROX CORP"", ""operations_heading_matches"": 0}, ""0001770450"": {""audit_opinion_window_matches"": 1, ""balance_sheet_heading_matches"": 4, ""cash_flow_heading_matches"": 2, ""name"": ""Xerox Holdings Corp"", ""operations_heading_matches"": 0}}",4,,xrx-20221231.htm,0001770450,,XEROX CORPORATION;XEROX HOLDINGS CORPORATION,1.0,1208.0,4355.0,[],resolved,primary_10k_distinct_statement_sets_mapped,,,,2,multiple_distinct_statement_scopes
0001770450-24-000012,2023,2,0000108772;0001770450,XEROX CORP | XEROX HOLDINGS CORP,2,True,0000108772;0001770450,"[[""0000108772""], [""0001770450""]]",,"{""0000108772"": {""audit_opinion_window_matches"": 1, ""balance_sheet_heading_matches"": 5, ""cash_flow_heading_matches"": 3, ""name"": ""XEROX CORP"", ""operations_heading_matches"": 4}, ""0001770450"": {""audit_opinion_window_matches"": 1, ""balance_sheet_heading_matches"": 4, ""cash_flow_heading_matches"": 2, ""name"": ""Xerox Holdings Corp"", ""operations_heading_matches"": 3}}",4,,xrx-20231231.htm,0001770450,,XEROX CORPORATION;XEROX HOLDINGS CORPORATION,1.0,1176.0,4258.0,[],resolved,primary_10k_distinct_statement_sets_mapped,,,,2,multiple_distinct_statement_scopes
0001770450-25-000010,2024,2,0000108772;0001770450,XEROX CORP | XEROX HOLDINGS CORP,2,True,0000108772;0001770450,"[[""0000108772""], [""0001770450""]]",,"{""0000108772"": {""audit_opinion_window_matches"": 1, ""balance_sheet_heading_matches"": 5, ""cash_flow_heading_matches"": 3, ""name"": ""XEROX CORP"", ""operations_heading_matches"": 0}, ""0001770450"": {""audit_opinion_window_matches"": 1, ""balance_sheet_heading_matches"": 4, ""cash_flow_heading_matches"": 2, ""name"": ""Xerox Holdings Corp"", ""operations_heading_matches"": 0}}",4,,xrx-20241231.htm,0001770450,,XEROX CORPORATION;XEROX HOLDINGS CORPORATION,1.0,1220.0,4484.0,[],resolved,primary_10k_distinct_statement_sets_mapped,,,,2,multiple_distinct_statement_scopes
0001971213-24-000011,2023,2,0000912752;0001971213,"SINCLAIR, INC. | Sinclair Broadcast Group, LLC",2,True,0000912752;0001971213,"[[""0000912752"", ""0001971213""], [""0001971213""]]",,"{""0000912752"": {""audit_opinion_window_matches"": 1, ""balance_sheet_heading_matches"": 6, ""cash_flow_heading_matches"": 2, ""name"": ""Sinclair Broadcast Group, LLC"", ""operations_heading_matches"": 4}, ""0001971213"": {""audit_opinion_window_matches"": 2, ""balance_sheet_heading_matches"": 7, ""cash_flow_heading_matches"": 1, ""name"": ""Sinclair, Inc."", ""operations_heading_matches"": 5}}",4,,sbgi-20231231.htm,0001971213,,"Sinclair Broadcast Group, LLC;Sinclair, Inc.",1.0,992.0,3612.0,[],resolved,manual_two_distinct_audited_statement_scopes,"Item 8 has separate statement indexes, audit opinions and complete annual suites for Sinclair, Inc. and Sinclair Broadcast Group, LLC.",sinclair_two_separate_statement_scopes,,2,multiple_distinct_statement_scopes
0001971213-25-000012,2024,2,0000912752;0001971213,"SINCLAIR, INC. | Sinclair Broadcast Group, LLC",2,True,0000912752;0001971213,"[[""0000912752""], [""0001971213""]]",,"{""0000912752"": {""audit_opinion_window_matches"": 1, ""balance_sheet_heading_matches"": 5, ""cash_flow_heading_matches"": 2, ""name"": ""Sinclair Broadcast Group, LLC"", ""operations_heading_matches"": 6}, ""0001971213"": {""audit_opinion_window_matches"": 1, ""balance_sheet_heading_matches"": 5, ""cash_flow_heading_matches"": 2, ""name"": ""Sinclair, Inc."", ""operations_heading_matches"": 5}}",4,,sbgi-20241231.htm,0001971213,,"Sinclair Broadcast Group, LLC;Sinclair, Inc.",1.0,942.0,3540.0,[],resolved,manual_two_distinct_audited_statement_scopes,"Item 8 has separate statement indexes, audit opinions and complete annual suites for Sinclair, Inc. and Sinclair Broadcast Group, LLC.",sinclair_two_separate_statement_scopes,,2,multiple_distinct_statement_scopes
