historical_sic,observations,x_t_available_core,x_t_available_core_rate,L_complete,L_complete_rate,D_complete,D_complete_rate,R_complete,R_complete_rate,current_assets_coverage,pair_assets_coverage,current_liabilities_coverage,pair_liabilities_coverage,current_current_assets_coverage,pair_current_assets_coverage,current_current_liabilities_coverage,pair_current_liabilities_coverage,current_revenues_coverage,pair_revenues_coverage,current_net_income_coverage,pair_net_income_coverage,current_operating_cash_flow_coverage,pair_operating_cash_flow_coverage,feature_log_assets_t_coverage,feature_roa_t_coverage,feature_ocf_to_assets_t_coverage,feature_current_ratio_t_coverage,feature_liabilities_to_assets_t_coverage,feature_working_capital_to_assets_t_coverage,feature_accruals_to_assets_t_coverage,feature_asset_growth_1y_coverage,feature_delta_roa_1y_coverage,feature_delta_ocf_to_assets_1y_coverage,feature_current_ratio_change_1y_coverage,feature_delta_liabilities_to_assets_1y_coverage,feature_log1p_revenues_t_coverage,feature_profit_margin_t_coverage,feature_ocf_margin_t_coverage,feature_asset_turnover_t_coverage,feature_revenue_growth_1y_coverage
1000.0,1108,616,0.555956678700361,616,0.555956678700361,565,0.509927797833935,87,0.07851985559566788,0.7743682310469314,0.7391696750902527,0.7851985559566786,0.7554151624548736,0.6525270758122743,0.6200361010830325,0.6949458483754513,0.6678700361010831,0.148014440433213,0.13628158844765342,0.7572202166064982,0.7184115523465704,0.7472924187725631,0.7048736462093863,0.7472924187725631,0.7084837545126353,0.7093862815884476,0.6010830324909747,0.7436823104693141,0.5992779783393501,0.6958483754512635,0.6958483754512635,0.6471119133574007,0.6498194945848376,0.5613718411552346,0.6922382671480144,0.148014440433213,0.10018050541516245,0.10469314079422383,0.14620938628158844,0.08393501805054152
1040.0,619,392,0.6332794830371568,392,0.6332794830371568,366,0.5912762520193862,69,0.11147011308562198,0.8045234248788369,0.7673667205169629,0.8093699515347335,0.7738287560581584,0.7544426494345718,0.7189014539579968,0.7075928917609047,0.6768982229402262,0.21809369951534732,0.1987075928917609,0.7673667205169629,0.7237479806138933,0.7802907915993538,0.7318255250403877,0.7819063004846527,0.7366720516962844,0.7512116316639742,0.6817447495961227,0.7819063004846527,0.6801292407108239,0.7269789983844911,0.7415185783521809,0.6882067851373183,0.7011308562197092,0.6429725363489499,0.7415185783521809,0.21809369951534732,0.12762520193861066,0.13893376413570274,0.21163166397415187,0.12277867528271405
1090.0,104,55,0.5288461538461539,55,0.5288461538461539,53,0.5096153846153846,9,0.08653846153846154,0.7788461538461539,0.7403846153846154,0.8076923076923077,0.7692307692307693,0.625,0.5865384615384616,0.6057692307692307,0.5673076923076923,0.2692307692307692,0.25961538461538464,0.7884615384615384,0.7692307692307693,0.7884615384615384,0.7692307692307693,0.7115384615384616,0.6826923076923077,0.6826923076923077,0.5769230769230769,0.7115384615384616,0.5576923076923077,0.6826923076923077,0.6634615384615384,0.6538461538461539,0.6538461538461539,0.5384615384615384,0.6634615384615384,0.2692307692307692,0.125,0.125,0.22115384615384615,0.10576923076923077
1220.0,73,56,0.7671232876712328,56,0.7671232876712328,53,0.726027397260274,15,0.2054794520547945,0.863013698630137,0.8356164383561644,0.863013698630137,0.8356164383561644,0.863013698630137,0.8356164383561644,0.8493150684931506,0.821917808219178,0.2054794520547945,0.2054794520547945,0.7808219178082192,0.7534246575342466,0.8356164383561644,0.7945205479452054,0.863013698630137,0.7808219178082192,0.8356164383561644,0.8493150684931506,0.863013698630137,0.8493150684931506,0.7808219178082192,0.8356164383561644,0.7534246575342466,0.7945205479452054,0.821917808219178,0.8356164383561644,0.2054794520547945,0.2054794520547945,0.2054794520547945,0.2054794520547945,0.2054794520547945
1221.0,120,99,0.825,99,0.825,96,0.8,49,0.4083333333333333,0.9166666666666666,0.9083333333333333,0.8583333333333333,0.85,0.9166666666666666,0.9083333333333333,0.9166666666666666,0.9083333333333333,0.45,0.425,0.8833333333333333,0.8583333333333333,0.9083333333333333,0.8916666666666667,0.9166666666666666,0.8833333333333333,0.9083333333333333,0.9166666666666666,0.8583333333333333,0.9166666666666666,0.8833333333333333,0.9083333333333333,0.8583333333333333,0.8916666666666667,0.9083333333333333,0.85,0.45,0.43333333333333335,0.45,0.45,0.425
1311.0,2400,1676,0.6983333333333334,1676,0.6983333333333334,1598,0.6658333333333334,661,0.27541666666666664,0.8704166666666666,0.8483333333333334,0.7825,0.7604166666666666,0.8533333333333334,0.8308333333333333,0.8554166666666667,0.8329166666666666,0.31416666666666665,0.30083333333333334,0.8183333333333334,0.7858333333333334,0.8408333333333333,0.8079166666666666,0.8645833333333334,0.8075,0.8320833333333333,0.8441666666666666,0.7733333333333333,0.8416666666666667,0.8033333333333333,0.84,0.7720833333333333,0.7975,0.8175,0.7495833333333334,0.31416666666666665,0.2891666666666667,0.30041666666666667,0.31333333333333335,0.28708333333333336
1381.0,340,258,0.7588235294117647,258,0.7588235294117647,245,0.7205882352941176,94,0.27647058823529413,0.8852941176470588,0.8735294117647059,0.8058823529411765,0.7941176470588235,0.8735294117647059,0.8558823529411764,0.8764705882352941,0.861764705882353,0.3235294117647059,0.3058823529411765,0.8205882352941176,0.788235294117647,0.861764705882353,0.8235294117647058,0.8823529411764706,0.8176470588235294,0.8588235294117647,0.8647058823529412,0.8029411764705883,0.8647058823529412,0.8176470588235294,0.8647058823529412,0.7794117647058824,0.8176470588235294,0.8441176470588235,0.788235294117647,0.3235294117647059,0.29411764705882354,0.31176470588235294,0.3235294117647059,0.29411764705882354
1382.0,318,252,0.7924528301886793,252,0.7924528301886793,244,0.7672955974842768,90,0.2830188679245283,0.9088050314465409,0.8867924528301887,0.8930817610062893,0.8742138364779874,0.8710691823899371,0.8522012578616353,0.8867924528301887,0.8679245283018868,0.330188679245283,0.3270440251572327,0.8773584905660378,0.8616352201257862,0.889937106918239,0.8710691823899371,0.8930817610062893,0.8522012578616353,0.8679245283018868,0.8616352201257862,0.8742138364779874,0.8553459119496856,0.8459119496855346,0.8679245283018868,0.8301886792452831,0.8427672955974843,0.8301886792452831,0.8490566037735849,0.330188679245283,0.2893081761006289,0.3113207547169811,0.32075471698113206,0.3081761006289308
1389.0,350,297,0.8485714285714285,297,0.8485714285714285,282,0.8057142857142857,139,0.39714285714285713,0.9142857142857143,0.88,0.8942857142857142,0.86,0.9,0.8657142857142858,0.8942857142857142,0.86,0.4228571428571429,0.41714285714285715,0.8942857142857142,0.86,0.8942857142857142,0.8485714285714285,0.9142857142857143,0.8942857142857142,0.8942857142857142,0.8885714285714286,0.8942857142857142,0.8885714285714286,0.8942857142857142,0.88,0.8485714285714285,0.8485714285714285,0.8542857142857143,0.86,0.4228571428571429,0.4085714285714286,0.4085714285714286,0.4228571428571429,0.4
1400.0,281,207,0.7366548042704626,207,0.7366548042704626,187,0.6654804270462633,91,0.3238434163701068,0.8896797153024911,0.8398576512455516,0.8932384341637011,0.8434163701067615,0.8540925266903915,0.8042704626334519,0.8362989323843416,0.7900355871886121,0.3914590747330961,0.38434163701067614,0.8149466192170819,0.7473309608540926,0.8754448398576512,0.8291814946619217,0.8825622775800712,0.797153024911032,0.8612099644128114,0.8220640569395018,0.8790035587188612,0.8185053380782918,0.797153024911032,0.8327402135231317,0.7259786476868327,0.8113879003558719,0.7722419928825622,0.8291814946619217,0.3914590747330961,0.33807829181494664,0.3594306049822064,0.3879003558718861,0.3487544483985765
1520.0,67,39,0.582089552238806,39,0.582089552238806,35,0.5223880597014925,30,0.44776119402985076,0.8955223880597015,0.8656716417910447,0.9104477611940298,0.8955223880597015,0.6119402985074627,0.5970149253731343,0.6268656716417911,0.6119402985074627,0.4626865671641791,0.4626865671641791,0.8955223880597015,0.8507462686567164,0.8955223880597015,0.8507462686567164,0.8805970149253731,0.8656716417910447,0.8656716417910447,0.6119402985074627,0.8805970149253731,0.5970149253731343,0.8656716417910447,0.8507462686567164,0.8059701492537313,0.8059701492537313,0.5671641791044776,0.8507462686567164,0.4626865671641791,0.44776119402985076,0.44776119402985076,0.44776119402985076,0.44776119402985076
1531.0,261,13,0.04980842911877394,13,0.04980842911877394,12,0.04597701149425287,45,0.1724137931034483,0.9693486590038314,0.9655172413793104,0.9693486590038314,0.9655172413793104,0.0842911877394636,0.0842911877394636,0.04980842911877394,0.04597701149425287,0.17624521072796934,0.1724137931034483,0.9655172413793104,0.9655172413793104,0.9501915708812261,0.9425287356321839,0.9693486590038314,0.9655172413793104,0.9501915708812261,0.04980842911877394,0.9693486590038314,0.04980842911877394,0.9501915708812261,0.9655172413793104,0.9616858237547893,0.9386973180076629,0.04597701149425287,0.9655172413793104,0.17624521072796934,0.17624521072796934,0.17624521072796934,0.17624521072796934,0.1724137931034483
1540.0,40,21,0.525,21,0.525,18,0.45,9,0.225,0.925,0.825,0.925,0.825,0.65,0.525,0.9,0.8,0.275,0.225,0.875,0.775,0.825,0.75,0.9,0.85,0.8,0.625,0.9,0.625,0.8,0.775,0.725,0.7,0.5,0.775,0.275,0.275,0.275,0.275,0.225
1600.0,117,107,0.9145299145299145,107,0.9145299145299145,97,0.8290598290598291,55,0.4700854700854701,0.9316239316239316,0.8547008547008547,0.9316239316239316,0.8547008547008547,0.9230769230769231,0.8461538461538461,0.9145299145299145,0.8376068376068376,0.5470085470085471,0.47863247863247865,0.9316239316239316,0.8461538461538461,0.9316239316239316,0.8461538461538461,0.9316239316239316,0.9316239316239316,0.9316239316239316,0.9145299145299145,0.9316239316239316,0.9145299145299145,0.9316239316239316,0.8547008547008547,0.8461538461538461,0.8461538461538461,0.8376068376068376,0.8547008547008547,0.5470085470085471,0.5384615384615384,0.5384615384615384,0.5470085470085471,0.4700854700854701
1623.0,97,88,0.9072164948453608,88,0.9072164948453608,81,0.8350515463917526,58,0.5979381443298969,0.9690721649484536,0.8865979381443299,0.9690721649484536,0.8865979381443299,0.9690721649484536,0.8865979381443299,0.9690721649484536,0.8865979381443299,0.6391752577319587,0.6391752577319587,0.9072164948453608,0.8350515463917526,0.9587628865979382,0.8865979381443299,0.9690721649484536,0.9072164948453608,0.9587628865979382,0.9690721649484536,0.9690721649484536,0.9690721649484536,0.9072164948453608,0.8865979381443299,0.8350515463917526,0.8865979381443299,0.8865979381443299,0.8865979381443299,0.6391752577319587,0.5979381443298969,0.6391752577319587,0.6391752577319587,0.6391752577319587
1700.0,174,137,0.7873563218390804,137,0.7873563218390804,130,0.7471264367816092,108,0.6206896551724138,0.9252873563218391,0.8850574712643678,0.9252873563218391,0.8908045977011494,0.8735632183908046,0.8390804597701149,0.8735632183908046,0.8390804597701149,0.6839080459770115,0.6436781609195402,0.8850574712643678,0.8390804597701149,0.8793103448275862,0.8275862068965517,0.9080459770114943,0.867816091954023,0.8735632183908046,0.8333333333333334,0.9080459770114943,0.8275862068965517,0.867816091954023,0.867816091954023,0.8103448275862069,0.8160919540229885,0.7873563218390804,0.867816091954023,0.6839080459770115,0.6551724137931034,0.6551724137931034,0.6781609195402298,0.6264367816091954
1731.0,52,51,0.9807692307692307,51,0.9807692307692307,51,0.9807692307692307,43,0.8269230769230769,0.9807692307692307,0.9807692307692307,0.9807692307692307,0.9807692307692307,0.9807692307692307,0.9807692307692307,0.9807692307692307,0.9807692307692307,0.8269230769230769,0.8269230769230769,0.9807692307692307,0.9807692307692307,0.9807692307692307,0.9807692307692307,0.9807692307692307,0.9807692307692307,0.9807692307692307,0.9807692307692307,0.9807692307692307,0.9807692307692307,0.9807692307692307,0.9807692307692307,0.9807692307692307,0.9807692307692307,0.9807692307692307,0.9807692307692307,0.8269230769230769,0.8269230769230769,0.8269230769230769,0.8269230769230769,0.8269230769230769
2000.0,167,143,0.8562874251497006,143,0.8562874251497006,93,0.5568862275449101,74,0.4431137724550898,0.9341317365269461,0.6107784431137725,0.9341317365269461,0.6107784431137725,0.9161676646706587,0.592814371257485,0.9401197604790419,0.6047904191616766,0.7365269461077845,0.5029940119760479,0.8982035928143712,0.6047904191616766,0.9221556886227545,0.6047904191616766,0.9341317365269461,0.8802395209580839,0.9041916167664671,0.9101796407185628,0.9341317365269461,0.9101796407185628,0.8802395209580839,0.6107784431137725,0.5868263473053892,0.5868263473053892,0.5688622754491018,0.6107784431137725,0.7365269461077845,0.6826347305389222,0.6946107784431138,0.7365269461077845,0.4491017964071856
2011.0,26,18,0.6923076923076923,18,0.6923076923076923,6,0.23076923076923078,3,0.11538461538461539,0.9230769230769231,0.38461538461538464,0.8461538461538461,0.38461538461538464,0.6923076923076923,0.23076923076923078,0.6923076923076923,0.23076923076923078,0.5769230769230769,0.11538461538461539,0.8846153846153846,0.38461538461538464,0.8461538461538461,0.38461538461538464,0.9230769230769231,0.8846153846153846,0.8461538461538461,0.6923076923076923,0.8461538461538461,0.6923076923076923,0.8461538461538461,0.38461538461538464,0.38461538461538464,0.38461538461538464,0.23076923076923078,0.38461538461538464,0.5769230769230769,0.5769230769230769,0.5769230769230769,0.5769230769230769,0.11538461538461539
2013.0,23,20,0.8695652173913043,20,0.8695652173913043,10,0.43478260869565216,3,0.13043478260869565,0.9130434782608695,0.4782608695652174,0.9130434782608695,0.4782608695652174,0.9130434782608695,0.4782608695652174,0.9130434782608695,0.4782608695652174,0.5217391304347826,0.13043478260869565,0.9130434782608695,0.43478260869565216,0.8695652173913043,0.43478260869565216,0.9130434782608695,0.8695652173913043,0.8695652173913043,0.9130434782608695,0.9130434782608695,0.9130434782608695,0.8695652173913043,0.4782608695652174,0.43478260869565216,0.43478260869565216,0.4782608695652174,0.4782608695652174,0.5217391304347826,0.5217391304347826,0.5217391304347826,0.5217391304347826,0.13043478260869565
2015.0,39,36,0.9230769230769231,36,0.9230769230769231,15,0.38461538461538464,12,0.3076923076923077,0.9743589743589743,0.4358974358974359,0.9743589743589743,0.4358974358974359,0.9743589743589743,0.4358974358974359,0.9743589743589743,0.4358974358974359,0.8205128205128205,0.3076923076923077,0.9230769230769231,0.38461538461538464,0.9230769230769231,0.38461538461538464,0.9743589743589743,0.9230769230769231,0.9230769230769231,0.9743589743589743,0.9743589743589743,0.9743589743589743,0.9230769230769231,0.4358974358974359,0.38461538461538464,0.38461538461538464,0.4358974358974359,0.4358974358974359,0.8205128205128205,0.8205128205128205,0.8205128205128205,0.8205128205128205,0.3076923076923077
2020.0,64,44,0.6875,44,0.6875,42,0.65625,25,0.390625,0.78125,0.71875,0.859375,0.828125,0.734375,0.703125,0.734375,0.703125,0.4375,0.40625,0.84375,0.796875,0.796875,0.734375,0.78125,0.75,0.71875,0.71875,0.78125,0.71875,0.71875,0.71875,0.6875,0.671875,0.6875,0.71875,0.4375,0.421875,0.421875,0.4375,0.390625
2024.0,25,22,0.88,22,0.88,12,0.48,8,0.32,0.96,0.56,0.96,0.56,0.92,0.52,0.92,0.52,0.76,0.4,0.92,0.48,0.92,0.48,0.96,0.92,0.92,0.92,0.96,0.92,0.92,0.52,0.48,0.48,0.48,0.52,0.72,0.72,0.72,0.76,0.32
2030.0,103,84,0.8155339805825242,84,0.8155339805825242,69,0.6699029126213593,61,0.5922330097087378,0.8640776699029126,0.7281553398058253,0.8737864077669902,0.7378640776699029,0.8640776699029126,0.7281553398058253,0.8737864077669902,0.7281553398058253,0.7184466019417476,0.6116504854368932,0.8252427184466019,0.6893203883495146,0.8446601941747572,0.7087378640776699,0.8640776699029126,0.8155339805825242,0.8349514563106796,0.8640776699029126,0.8640776699029126,0.8640776699029126,0.8155339805825242,0.7281553398058253,0.6796116504854369,0.6990291262135923,0.7184466019417476,0.7281553398058253,0.7184466019417476,0.7184466019417476,0.7184466019417476,0.7184466019417476,0.5922330097087378
2033.0,35,28,0.8,28,0.8,23,0.6571428571428571,21,0.6,0.8571428571428571,0.6857142857142857,0.8571428571428571,0.6857142857142857,0.8571428571428571,0.6857142857142857,0.8571428571428571,0.6857142857142857,0.7142857142857143,0.6,0.8285714285714286,0.6571428571428571,0.8,0.6571428571428571,0.8571428571428571,0.8285714285714286,0.8,0.8571428571428571,0.8571428571428571,0.8571428571428571,0.8,0.6857142857142857,0.6571428571428571,0.6571428571428571,0.6857142857142857,0.6857142857142857,0.7142857142857143,0.6857142857142857,0.6571428571428571,0.7142857142857143,0.6
2040.0,113,99,0.8761061946902655,99,0.8761061946902655,78,0.6902654867256637,64,0.5663716814159292,0.9292035398230089,0.7522123893805309,0.9380530973451328,0.7699115044247787,0.9292035398230089,0.7522123893805309,0.8938053097345132,0.7256637168141593,0.7345132743362832,0.5752212389380531,0.9292035398230089,0.7522123893805309,0.9203539823008849,0.7345132743362832,0.9292035398230089,0.9203539823008849,0.9203539823008849,0.8849557522123894,0.9292035398230089,0.8849557522123894,0.9203539823008849,0.7522123893805309,0.7345132743362832,0.7345132743362832,0.7079646017699115,0.7522123893805309,0.7345132743362832,0.7345132743362832,0.7345132743362832,0.7345132743362832,0.5663716814159292
2050.0,49,39,0.7959183673469388,39,0.7959183673469388,38,0.7755102040816326,17,0.3469387755102041,0.8571428571428571,0.8163265306122449,0.8571428571428571,0.8163265306122449,0.8367346938775511,0.7959183673469388,0.8163265306122449,0.7959183673469388,0.5102040816326531,0.4897959183673469,0.8571428571428571,0.8163265306122449,0.8571428571428571,0.8163265306122449,0.8571428571428571,0.8367346938775511,0.8367346938775511,0.8163265306122449,0.8571428571428571,0.8163265306122449,0.8367346938775511,0.8163265306122449,0.7959183673469388,0.7959183673469388,0.7959183673469388,0.8163265306122449,0.5102040816326531,0.3877551020408163,0.3877551020408163,0.4897959183673469,0.3673469387755102
2052.0,19,18,0.9473684210526315,18,0.9473684210526315,5,0.2631578947368421,3,0.15789473684210525,0.9473684210526315,0.2631578947368421,0.9473684210526315,0.2631578947368421,0.9473684210526315,0.2631578947368421,0.9473684210526315,0.2631578947368421,0.6842105263157895,0.15789473684210525,0.9473684210526315,0.2631578947368421,0.9473684210526315,0.2631578947368421,0.9473684210526315,0.9473684210526315,0.9473684210526315,0.9473684210526315,0.9473684210526315,0.9473684210526315,0.9473684210526315,0.2631578947368421,0.2631578947368421,0.2631578947368421,0.2631578947368421,0.2631578947368421,0.6842105263157895,0.6842105263157895,0.6842105263157895,0.6842105263157895,0.15789473684210525
2060.0,98,76,0.7755102040816326,76,0.7755102040816326,63,0.6428571428571429,40,0.40816326530612246,0.9285714285714286,0.7959183673469388,0.9285714285714286,0.7959183673469388,0.8775510204081632,0.7448979591836735,0.8979591836734694,0.7755102040816326,0.5,0.4387755102040816,0.8673469387755102,0.7346938775510204,0.8367346938775511,0.6938775510204082,0.9285714285714286,0.8673469387755102,0.8367346938775511,0.8469387755102041,0.9285714285714286,0.8469387755102041,0.8061224489795918,0.7959183673469388,0.7244897959183674,0.6938775510204082,0.7244897959183674,0.7959183673469388,0.5,0.46938775510204084,0.5,0.5,0.4387755102040816
2070.0,57,44,0.7719298245614035,44,0.7719298245614035,34,0.5964912280701754,42,0.7368421052631579,1.0,0.8245614035087719,0.7894736842105263,0.6140350877192983,1.0,0.8245614035087719,1.0,0.8245614035087719,0.8245614035087719,0.7368421052631579,0.9824561403508771,0.8070175438596491,0.9824561403508771,0.8070175438596491,1.0,0.9824561403508771,0.9824561403508771,1.0,0.7894736842105263,1.0,0.9824561403508771,0.8245614035087719,0.8070175438596491,0.8070175438596491,0.8245614035087719,0.6140350877192983,0.8245614035087719,0.8245614035087719,0.8245614035087719,0.8245614035087719,0.7368421052631579
2080.0,287,232,0.8083623693379791,232,0.8083623693379791,208,0.7247386759581882,101,0.3519163763066202,0.867595818815331,0.7979094076655052,0.867595818815331,0.8013937282229965,0.8571428571428571,0.7874564459930313,0.867595818815331,0.8048780487804879,0.4425087108013937,0.37630662020905925,0.8362369337979094,0.7700348432055749,0.8257839721254355,0.759581881533101,0.8571428571428571,0.8222996515679443,0.8118466898954704,0.8571428571428571,0.8571428571428571,0.8536585365853658,0.8118466898954704,0.7804878048780488,0.7421602787456446,0.7317073170731707,0.7770034843205574,0.7770034843205574,0.4425087108013937,0.43205574912891986,0.42160278745644597,0.43902439024390244,0.36585365853658536
2082.0,67,63,0.9402985074626866,63,0.9402985074626866,51,0.7611940298507462,12,0.1791044776119403,0.9850746268656716,0.8208955223880597,0.9850746268656716,0.835820895522388,0.9701492537313433,0.8208955223880597,0.9701492537313433,0.8059701492537313,0.22388059701492538,0.19402985074626866,0.9850746268656716,0.8059701492537313,0.9850746268656716,0.8059701492537313,0.9701492537313433,0.9701492537313433,0.9701492537313433,0.9402985074626866,0.9701492537313433,0.9402985074626866,0.9701492537313433,0.8059701492537313,0.7910447761194029,0.7910447761194029,0.7761194029850746,0.8059701492537313,0.22388059701492538,0.208955223880597,0.208955223880597,0.208955223880597,0.1791044776119403
2086.0,104,89,0.8557692307692307,89,0.8557692307692307,60,0.5769230769230769,43,0.41346153846153844,0.9423076923076923,0.6826923076923077,0.9423076923076923,0.6826923076923077,0.9423076923076923,0.6826923076923077,0.9423076923076923,0.6826923076923077,0.7403846153846154,0.5192307692307693,0.8653846153846154,0.6153846153846154,0.9134615384615384,0.6634615384615384,0.9423076923076923,0.8653846153846154,0.9134615384615384,0.9423076923076923,0.9423076923076923,0.9423076923076923,0.8557692307692307,0.6826923076923077,0.6153846153846154,0.6634615384615384,0.6538461538461539,0.6826923076923077,0.7403846153846154,0.625,0.6826923076923077,0.7403846153846154,0.47115384615384615
2090.0,115,92,0.8,92,0.8,81,0.7043478260869566,66,0.5739130434782609,0.9043478260869565,0.782608695652174,0.9043478260869565,0.782608695652174,0.8695652173913043,0.7478260869565218,0.8782608695652174,0.7565217391304347,0.7130434782608696,0.6173913043478261,0.8434782608695652,0.7652173913043478,0.8956521739130435,0.782608695652174,0.9043478260869565,0.8434782608695652,0.8956521739130435,0.8608695652173913,0.9043478260869565,0.8608695652173913,0.8434782608695652,0.7739130434782608,0.7565217391304347,0.7739130434782608,0.7217391304347827,0.7739130434782608,0.7130434782608696,0.6608695652173913,0.6956521739130435,0.7130434782608696,0.6
2092.0,7,5,0.7142857142857143,5,0.7142857142857143,3,0.42857142857142855,2,0.2857142857142857,1.0,0.8571428571428571,1.0,0.8571428571428571,1.0,0.8571428571428571,0.8571428571428571,0.7142857142857143,0.42857142857142855,0.2857142857142857,0.8571428571428571,0.5714285714285714,0.8571428571428571,0.5714285714285714,1.0,0.8571428571428571,0.8571428571428571,0.8571428571428571,1.0,0.8571428571428571,0.8571428571428571,0.7142857142857143,0.42857142857142855,0.42857142857142855,0.5714285714285714,0.7142857142857143,0.42857142857142855,0.42857142857142855,0.42857142857142855,0.42857142857142855,0.2857142857142857
2100.0,42,38,0.9047619047619048,38,0.9047619047619048,36,0.8571428571428571,18,0.42857142857142855,1.0,0.9761904761904762,1.0,0.9761904761904762,0.9523809523809523,0.9285714285714286,0.9285714285714286,0.9285714285714286,0.5714285714285714,0.5,0.9761904761904762,0.9047619047619048,0.9523809523809523,0.9047619047619048,1.0,0.9761904761904762,0.9523809523809523,0.9285714285714286,1.0,0.9285714285714286,0.9523809523809523,0.9761904761904762,0.9047619047619048,0.9047619047619048,0.9285714285714286,0.9761904761904762,0.5714285714285714,0.5238095238095238,0.5238095238095238,0.5714285714285714,0.42857142857142855
2111.0,83,74,0.891566265060241,74,0.891566265060241,72,0.8674698795180723,34,0.40963855421686746,0.927710843373494,0.9036144578313253,0.927710843373494,0.9036144578313253,0.927710843373494,0.9036144578313253,0.927710843373494,0.9036144578313253,0.43373493975903615,0.40963855421686746,0.891566265060241,0.8795180722891566,0.9156626506024096,0.9036144578313253,0.927710843373494,0.891566265060241,0.9156626506024096,0.927710843373494,0.927710843373494,0.927710843373494,0.891566265060241,0.9036144578313253,0.8674698795180723,0.891566265060241,0.9036144578313253,0.9036144578313253,0.43373493975903615,0.43373493975903615,0.43373493975903615,0.43373493975903615,0.40963855421686746
2200.0,35,27,0.7714285714285715,27,0.7714285714285715,13,0.37142857142857144,9,0.2571428571428571,0.9142857142857143,0.4857142857142857,0.9142857142857143,0.4857142857142857,0.7714285714285715,0.37142857142857144,0.9428571428571428,0.5428571428571428,0.5142857142857142,0.2857142857142857,0.9428571428571428,0.5428571428571428,0.9428571428571428,0.5428571428571428,0.8571428571428571,0.8571428571428571,0.8571428571428571,0.7714285714285715,0.8571428571428571,0.7714285714285715,0.8571428571428571,0.4,0.4,0.4,0.37142857142857144,0.4,0.5142857142857142,0.5142857142857142,0.5142857142857142,0.5142857142857142,0.2571428571428571
2211.0,24,21,0.875,21,0.875,3,0.125,2,0.08333333333333333,0.9166666666666666,0.16666666666666666,0.9166666666666666,0.16666666666666666,0.9166666666666666,0.16666666666666666,0.9166666666666666,0.16666666666666666,0.5833333333333334,0.08333333333333333,0.875,0.125,0.875,0.125,0.9166666666666666,0.875,0.875,0.9166666666666666,0.9166666666666666,0.9166666666666666,0.875,0.16666666666666666,0.125,0.125,0.16666666666666666,0.16666666666666666,0.5833333333333334,0.5833333333333334,0.5833333333333334,0.5833333333333334,0.08333333333333333
2221.0,27,24,0.8888888888888888,24,0.8888888888888888,23,0.8518518518518519,15,0.5555555555555556,0.9629629629629629,0.8888888888888888,0.9629629629629629,0.8888888888888888,0.9629629629629629,0.8888888888888888,0.9629629629629629,0.8888888888888888,0.5925925925925926,0.5925925925925926,0.8888888888888888,0.8518518518518519,0.8888888888888888,0.8518518518518519,0.9629629629629629,0.8888888888888888,0.8888888888888888,0.9629629629629629,0.9629629629629629,0.9629629629629629,0.8888888888888888,0.8888888888888888,0.8518518518518519,0.8518518518518519,0.8888888888888888,0.8888888888888888,0.5925925925925926,0.5555555555555556,0.5555555555555556,0.5925925925925926,0.5555555555555556
2253.0,4,4,1.0,4,1.0,4,1.0,4,1.0,1.0,1.0,1.0,1.0,1.0,1.0,1.0,1.0,1.0,1.0,1.0,1.0,1.0,1.0,1.0,1.0,1.0,1.0,1.0,1.0,1.0,1.0,1.0,1.0,1.0,1.0,1.0,1.0,1.0,1.0,1.0
2273.0,36,34,0.9444444444444444,34,0.9444444444444444,16,0.4444444444444444,16,0.4444444444444444,0.9722222222222222,0.4444444444444444,0.9722222222222222,0.4444444444444444,0.9722222222222222,0.4444444444444444,0.9722222222222222,0.4444444444444444,0.9444444444444444,0.4444444444444444,0.9444444444444444,0.4444444444444444,0.9444444444444444,0.4444444444444444,0.9722222222222222,0.9444444444444444,0.9444444444444444,0.9722222222222222,0.9722222222222222,0.9722222222222222,0.9444444444444444,0.4444444444444444,0.4444444444444444,0.4444444444444444,0.4444444444444444,0.4444444444444444,0.9444444444444444,0.9444444444444444,0.9444444444444444,0.9444444444444444,0.4444444444444444
2300.0,188,154,0.8191489361702128,154,0.8191489361702128,116,0.6170212765957447,85,0.4521276595744681,0.9468085106382979,0.7553191489361702,0.9521276595744681,0.7553191489361702,0.8776595744680851,0.6914893617021277,0.8776595744680851,0.6861702127659575,0.5691489361702128,0.5,0.898936170212766,0.6914893617021277,0.925531914893617,0.7127659574468085,0.9308510638297872,0.8829787234042553,0.9095744680851063,0.8670212765957447,0.9308510638297872,0.8670212765957447,0.8829787234042553,0.7287234042553191,0.6648936170212766,0.6861702127659575,0.6808510638297872,0.7287234042553191,0.5691489361702128,0.5319148936170213,0.5585106382978723,0.5691489361702128,0.48936170212765956
2320.0,92,77,0.8369565217391305,77,0.8369565217391305,37,0.40217391304347827,20,0.21739130434782608,0.967391304347826,0.45652173913043476,0.967391304347826,0.45652173913043476,0.967391304347826,0.45652173913043476,0.9456521739130435,0.44565217391304346,0.4782608695652174,0.22826086956521738,0.8586956521739131,0.42391304347826086,0.9239130434782609,0.42391304347826086,0.967391304347826,0.8586956521739131,0.9239130434782609,0.9456521739130435,0.967391304347826,0.9456521739130435,0.8586956521739131,0.45652173913043476,0.41304347826086957,0.41304347826086957,0.42391304347826086,0.45652173913043476,0.4782608695652174,0.41304347826086957,0.4782608695652174,0.4782608695652174,0.22826086956521738
2330.0,48,25,0.5208333333333334,25,0.5208333333333334,9,0.1875,5,0.10416666666666667,0.75,0.2708333333333333,0.75,0.2708333333333333,0.7291666666666666,0.2708333333333333,0.7291666666666666,0.25,0.3958333333333333,0.10416666666666667,0.5625,0.25,0.6666666666666666,0.25,0.7291666666666666,0.5208333333333334,0.6458333333333334,0.7083333333333334,0.7291666666666666,0.7083333333333334,0.5208333333333334,0.2708333333333333,0.20833333333333334,0.22916666666666666,0.22916666666666666,0.2708333333333333,0.3958333333333333,0.3125,0.375,0.3958333333333333,0.10416666666666667
2340.0,29,22,0.7586206896551724,22,0.7586206896551724,10,0.3448275862068966,3,0.10344827586206896,0.896551724137931,0.4827586206896552,0.8620689655172413,0.4482758620689655,0.8620689655172413,0.4482758620689655,0.896551724137931,0.5172413793103449,0.1724137931034483,0.13793103448275862,0.8620689655172413,0.4827586206896552,0.8275862068965517,0.4482758620689655,0.896551724137931,0.8620689655172413,0.8275862068965517,0.8620689655172413,0.8620689655172413,0.8620689655172413,0.8275862068965517,0.4827586206896552,0.4482758620689655,0.41379310344827586,0.4482758620689655,0.4482758620689655,0.1724137931034483,0.13793103448275862,0.13793103448275862,0.1724137931034483,0.13793103448275862
2390.0,35,27,0.7714285714285715,27,0.7714285714285715,23,0.6571428571428571,7,0.2,0.9142857142857143,0.8857142857142857,0.9142857142857143,0.8571428571428571,0.7714285714285715,0.7428571428571429,0.8857142857142857,0.8571428571428571,0.45714285714285713,0.37142857142857144,0.9428571428571428,0.8,0.9428571428571428,0.7714285714285715,0.9142857142857143,0.9142857142857143,0.9142857142857143,0.7714285714285715,0.9142857142857143,0.7714285714285715,0.9142857142857143,0.8857142857142857,0.7714285714285715,0.7428571428571429,0.7428571428571429,0.8571428571428571,0.45714285714285713,0.2571428571428571,0.2571428571428571,0.45714285714285713,0.22857142857142856
2400.0,63,53,0.8412698412698413,53,0.8412698412698413,50,0.7936507936507936,37,0.5873015873015873,0.9682539682539683,0.9523809523809523,0.9523809523809523,0.9365079365079365,0.9365079365079365,0.9206349206349206,0.9365079365079365,0.9206349206349206,0.7301587301587301,0.7142857142857143,0.9523809523809523,0.9206349206349206,0.9682539682539683,0.9365079365079365,0.9047619047619048,0.8888888888888888,0.9047619047619048,0.9365079365079365,0.8888888888888888,0.873015873015873,0.8888888888888888,0.873015873015873,0.8253968253968254,0.8571428571428571,0.873015873015873,0.873015873015873,0.7301587301587301,0.6190476190476191,0.6349206349206349,0.6666666666666666,0.6031746031746031
2421.0,19,18,0.9473684210526315,18,0.9473684210526315,11,0.5789473684210527,11,0.5789473684210527,0.9473684210526315,0.5789473684210527,0.9473684210526315,0.5789473684210527,0.9473684210526315,0.5789473684210527,0.9473684210526315,0.5789473684210527,0.8947368421052632,0.5789473684210527,0.9473684210526315,0.5789473684210527,0.9473684210526315,0.5789473684210527,0.9473684210526315,0.9473684210526315,0.9473684210526315,0.9473684210526315,0.9473684210526315,0.9473684210526315,0.9473684210526315,0.5789473684210527,0.5789473684210527,0.5789473684210527,0.5789473684210527,0.5789473684210527,0.8947368421052632,0.8947368421052632,0.8947368421052632,0.8947368421052632,0.5789473684210527
2430.0,79,69,0.8734177215189873,69,0.8734177215189873,60,0.759493670886076,56,0.7088607594936709,0.9240506329113924,0.810126582278481,0.9113924050632911,0.7974683544303798,0.9240506329113924,0.810126582278481,0.8987341772151899,0.7848101265822784,0.8354430379746836,0.7088607594936709,0.9113924050632911,0.7974683544303798,0.9113924050632911,0.7974683544303798,0.9240506329113924,0.9113924050632911,0.9113924050632911,0.8987341772151899,0.9113924050632911,0.8987341772151899,0.9113924050632911,0.810126582278481,0.7974683544303798,0.7974683544303798,0.7848101265822784,0.7974683544303798,0.8354430379746836,0.8354430379746836,0.8354430379746836,0.8354430379746836,0.7088607594936709
2451.0,46,39,0.8478260869565217,39,0.8478260869565217,17,0.3695652173913043,17,0.3695652173913043,0.9347826086956522,0.3695652173913043,0.8913043478260869,0.3695652173913043,0.9347826086956522,0.3695652173913043,0.9347826086956522,0.3695652173913043,0.8913043478260869,0.3695652173913043,0.8913043478260869,0.3695652173913043,0.8913043478260869,0.3695652173913043,0.9347826086956522,0.8913043478260869,0.8913043478260869,0.9347826086956522,0.8913043478260869,0.9347826086956522,0.8913043478260869,0.3695652173913043,0.3695652173913043,0.3695652173913043,0.3695652173913043,0.3695652173913043,0.8913043478260869,0.8913043478260869,0.8913043478260869,0.8913043478260869,0.3695652173913043
2452.0,12,8,0.6666666666666666,8,0.6666666666666666,6,0.5,5,0.4166666666666667,0.8333333333333334,0.75,0.9166666666666666,0.8333333333333334,0.75,0.6666666666666666,0.8333333333333334,0.75,0.4166666666666667,0.4166666666666667,0.8333333333333334,0.75,0.9166666666666666,0.8333333333333334,0.75,0.75,0.75,0.75,0.75,0.6666666666666666,0.75,0.5833333333333334,0.5833333333333334,0.5833333333333334,0.5833333333333334,0.5833333333333334,0.4166666666666667,0.4166666666666667,0.4166666666666667,0.4166666666666667,0.4166666666666667
2510.0,139,119,0.8561151079136691,119,0.8561151079136691,90,0.6474820143884892,73,0.5251798561151079,0.935251798561151,0.7266187050359713,0.9280575539568345,0.7266187050359713,0.920863309352518,0.7122302158273381,0.9280575539568345,0.7194244604316546,0.7769784172661871,0.5827338129496403,0.8920863309352518,0.6834532374100719,0.935251798561151,0.7266187050359713,0.9280575539568345,0.8776978417266187,0.920863309352518,0.9136690647482014,0.920863309352518,0.9136690647482014,0.8776978417266187,0.7122302158273381,0.6618705035971223,0.7050359712230215,0.697841726618705,0.7122302158273381,0.7769784172661871,0.7266187050359713,0.7697841726618705,0.7769784172661871,0.5755395683453237
2511.0,33,31,0.9393939393939394,31,0.9393939393939394,22,0.6666666666666666,20,0.6060606060606061,0.9393939393939394,0.6666666666666666,0.9393939393939394,0.6666666666666666,0.9393939393939394,0.6666666666666666,0.9393939393939394,0.6666666666666666,0.6666666666666666,0.6060606060606061,0.9393939393939394,0.6666666666666666,0.9393939393939394,0.6666666666666666,0.9393939393939394,0.9393939393939394,0.9393939393939394,0.9393939393939394,0.9393939393939394,0.9393939393939394,0.9393939393939394,0.6666666666666666,0.6666666666666666,0.6666666666666666,0.6666666666666666,0.6666666666666666,0.6666666666666666,0.6666666666666666,0.6666666666666666,0.6666666666666666,0.6060606060606061
2520.0,16,13,0.8125,13,0.8125,3,0.1875,3,0.1875,0.875,0.25,0.875,0.25,0.875,0.25,0.8125,0.1875,0.8125,0.1875,0.875,0.25,0.875,0.25,0.875,0.875,0.875,0.8125,0.875,0.8125,0.875,0.25,0.25,0.25,0.1875,0.25,0.8125,0.8125,0.8125,0.8125,0.1875
2522.0,24,20,0.8333333333333334,20,0.8333333333333334,4,0.16666666666666666,4,0.16666666666666666,0.875,0.16666666666666666,0.875,0.16666666666666666,0.875,0.16666666666666666,0.875,0.16666666666666666,0.8333333333333334,0.16666666666666666,0.8333333333333334,0.16666666666666666,0.8333333333333334,0.16666666666666666,0.875,0.8333333333333334,0.8333333333333334,0.875,0.875,0.875,0.8333333333333334,0.16666666666666666,0.16666666666666666,0.16666666666666666,0.16666666666666666,0.16666666666666666,0.8333333333333334,0.8333333333333334,0.8333333333333334,0.8333333333333334,0.16666666666666666
2531.0,23,21,0.9130434782608695,21,0.9130434782608695,20,0.8695652173913043,19,0.8260869565217391,0.9565217391304348,0.9130434782608695,0.9565217391304348,0.9130434782608695,0.9565217391304348,0.9130434782608695,0.9565217391304348,0.9130434782608695,0.8695652173913043,0.8260869565217391,0.9130434782608695,0.8695652173913043,0.9130434782608695,0.8695652173913043,0.9565217391304348,0.9130434782608695,0.9130434782608695,0.9565217391304348,0.9565217391304348,0.9565217391304348,0.9130434782608695,0.9130434782608695,0.8695652173913043,0.8695652173913043,0.9130434782608695,0.9130434782608695,0.8695652173913043,0.8695652173913043,0.8695652173913043,0.8695652173913043,0.8260869565217391
2540.0,3,3,1.0,3,1.0,3,1.0,3,1.0,1.0,1.0,1.0,1.0,1.0,1.0,1.0,1.0,1.0,1.0,1.0,1.0,1.0,1.0,1.0,1.0,1.0,1.0,1.0,1.0,1.0,1.0,1.0,1.0,1.0,1.0,1.0,1.0,1.0,1.0,1.0
2590.0,17,8,0.47058823529411764,8,0.47058823529411764,8,0.47058823529411764,8,0.47058823529411764,0.8235294117647058,0.7647058823529411,0.8823529411764706,0.8823529411764706,0.7058823529411765,0.7058823529411765,0.8235294117647058,0.8235294117647058,0.7058823529411765,0.6470588235294118,0.7058823529411765,0.6470588235294118,0.8235294117647058,0.7647058823529411,0.8235294117647058,0.6470588235294118,0.7647058823529411,0.6470588235294118,0.8235294117647058,0.6470588235294118,0.5882352941176471,0.7647058823529411,0.5294117647058824,0.7058823529411765,0.6470588235294118,0.7647058823529411,0.7058823529411765,0.5294117647058824,0.7058823529411765,0.7058823529411765,0.6470588235294118
2600.0,8,5,0.625,5,0.625,3,0.375,4,0.5,0.875,0.875,0.875,0.875,0.875,0.875,0.875,0.875,0.75,0.625,0.75,0.625,0.875,0.75,0.75,0.625,0.75,0.875,0.75,0.75,0.625,0.625,0.375,0.5,0.875,0.625,0.75,0.625,0.75,0.75,0.625
2611.0,18,15,0.8333333333333334,15,0.8333333333333334,15,0.8333333333333334,14,0.7777777777777778,0.8333333333333334,0.8333333333333334,0.8333333333333334,0.8333333333333334,0.8333333333333334,0.8333333333333334,0.8333333333333334,0.8333333333333334,0.7777777777777778,0.7777777777777778,0.8333333333333334,0.8333333333333334,0.8333333333333334,0.8333333333333334,0.8333333333333334,0.8333333333333334,0.8333333333333334,0.8333333333333334,0.8333333333333334,0.8333333333333334,0.8333333333333334,0.8333333333333334,0.8333333333333334,0.8333333333333334,0.8333333333333334,0.8333333333333334,0.7777777777777778,0.7777777777777778,0.7777777777777778,0.7777777777777778,0.7777777777777778
2621.0,107,87,0.8130841121495327,87,0.8130841121495327,86,0.8037383177570093,67,0.6261682242990654,0.9439252336448598,0.9439252336448598,0.9439252336448598,0.9439252336448598,0.9439252336448598,0.9439252336448598,0.9439252336448598,0.9439252336448598,0.7476635514018691,0.7383177570093458,0.822429906542056,0.822429906542056,0.9252336448598131,0.9158878504672897,0.9439252336448598,0.822429906542056,0.9252336448598131,0.9439252336448598,0.9439252336448598,0.9439252336448598,0.8130841121495327,0.9439252336448598,0.822429906542056,0.9158878504672897,0.9439252336448598,0.9439252336448598,0.7476635514018691,0.6355140186915887,0.7476635514018691,0.7476635514018691,0.7383177570093458
2631.0,16,8,0.5,8,0.5,7,0.4375,6,0.375,0.6875,0.625,0.5,0.4375,0.6875,0.625,0.6875,0.625,0.375,0.375,0.6875,0.6875,0.6875,0.6875,0.6875,0.6875,0.6875,0.6875,0.5,0.6875,0.6875,0.625,0.625,0.625,0.625,0.4375,0.375,0.375,0.375,0.375,0.375
2650.0,72,69,0.9583333333333334,69,0.9583333333333334,69,0.9583333333333334,47,0.6527777777777778,0.9583333333333334,0.9583333333333334,0.9583333333333334,0.9583333333333334,0.9583333333333334,0.9583333333333334,0.9583333333333334,0.9583333333333334,0.6666666666666666,0.6527777777777778,0.9583333333333334,0.9583333333333334,0.9583333333333334,0.9583333333333334,0.9583333333333334,0.9583333333333334,0.9583333333333334,0.9583333333333334,0.9583333333333334,0.9583333333333334,0.9583333333333334,0.9583333333333334,0.9583333333333334,0.9583333333333334,0.9583333333333334,0.9583333333333334,0.6666666666666666,0.6666666666666666,0.6666666666666666,0.6666666666666666,0.6527777777777778
2670.0,76,52,0.6842105263157895,52,0.6842105263157895,44,0.5789473684210527,40,0.5263157894736842,0.8289473684210527,0.6578947368421053,0.7763157894736842,0.6447368421052632,0.8289473684210527,0.6578947368421053,0.8289473684210527,0.6578947368421053,0.6842105263157895,0.5526315789473685,0.7368421052631579,0.5921052631578947,0.8157894736842105,0.618421052631579,0.8289473684210527,0.7368421052631579,0.8157894736842105,0.8289473684210527,0.7763157894736842,0.8289473684210527,0.7368421052631579,0.6578947368421053,0.5921052631578947,0.618421052631579,0.6447368421052632,0.6447368421052632,0.6842105263157895,0.618421052631579,0.6842105263157895,0.6842105263157895,0.5526315789473685
2673.0,18,11,0.6111111111111112,11,0.6111111111111112,9,0.5,5,0.2777777777777778,0.8888888888888888,0.7777777777777778,0.8888888888888888,0.8333333333333334,0.7777777777777778,0.6666666666666666,0.7222222222222222,0.6666666666666666,0.4444444444444444,0.3333333333333333,0.8888888888888888,0.7777777777777778,0.8888888888888888,0.7777777777777778,0.8333333333333334,0.7777777777777778,0.7777777777777778,0.6666666666666666,0.8333333333333334,0.6666666666666666,0.7777777777777778,0.7222222222222222,0.6111111111111112,0.6111111111111112,0.6111111111111112,0.7222222222222222,0.4444444444444444,0.4444444444444444,0.4444444444444444,0.3888888888888889,0.3333333333333333
2711.0,117,108,0.9230769230769231,108,0.9230769230769231,67,0.5726495726495726,22,0.18803418803418803,0.9572649572649573,0.5982905982905983,0.9572649572649573,0.5982905982905983,0.9572649572649573,0.5982905982905983,0.9572649572649573,0.5982905982905983,0.37606837606837606,0.20512820512820512,0.9401709401709402,0.5897435897435898,0.9230769230769231,0.5726495726495726,0.9572649572649573,0.9401709401709402,0.9230769230769231,0.9572649572649573,0.9572649572649573,0.9572649572649573,0.9230769230769231,0.5982905982905983,0.5897435897435898,0.5726495726495726,0.5982905982905983,0.5982905982905983,0.37606837606837606,0.37606837606837606,0.36752136752136755,0.37606837606837606,0.20512820512820512
2721.0,75,44,0.5866666666666667,44,0.5866666666666667,39,0.52,19,0.25333333333333335,0.8533333333333334,0.8,0.8533333333333334,0.8,0.6266666666666667,0.5733333333333334,0.7066666666666667,0.64,0.3333333333333333,0.32,0.8666666666666667,0.8133333333333334,0.8266666666666667,0.7733333333333333,0.8266666666666667,0.8,0.8133333333333334,0.6,0.8133333333333334,0.6,0.8,0.76,0.7333333333333333,0.7466666666666667,0.5466666666666666,0.7466666666666667,0.3333333333333333,0.28,0.29333333333333333,0.32,0.26666666666666666
2731.0,67,52,0.7761194029850746,52,0.7761194029850746,48,0.7164179104477612,38,0.5671641791044776,0.9104477611940298,0.8805970149253731,0.9253731343283582,0.9104477611940298,0.835820895522388,0.7910447761194029,0.8955223880597015,0.8805970149253731,0.6119402985074627,0.582089552238806,0.8955223880597015,0.8805970149253731,0.8656716417910447,0.835820895522388,0.8955223880597015,0.8656716417910447,0.835820895522388,0.8208955223880597,0.8955223880597015,0.8208955223880597,0.835820895522388,0.8507462686567164,0.8208955223880597,0.7761194029850746,0.7761194029850746,0.8507462686567164,0.6119402985074627,0.6119402985074627,0.5970149253731343,0.5970149253731343,0.582089552238806
2732.0,4,0,0.0,0,0.0,0,0.0,0,0.0,1.0,0.25,1.0,0.25,1.0,0.25,1.0,0.25,1.0,0.25,0.0,0.0,1.0,0.25,1.0,0.0,1.0,1.0,1.0,1.0,0.0,0.25,0.0,0.25,0.25,0.25,1.0,0.0,1.0,1.0,0.25
2741.0,27,23,0.8518518518518519,23,0.8518518518518519,23,0.8518518518518519,13,0.48148148148148145,0.8518518518518519,0.8518518518518519,0.8888888888888888,0.8888888888888888,0.8518518518518519,0.8518518518518519,0.8888888888888888,0.8888888888888888,0.5185185185185185,0.5185185185185185,0.8888888888888888,0.8888888888888888,0.8888888888888888,0.8888888888888888,0.8518518518518519,0.8518518518518519,0.8518518518518519,0.8518518518518519,0.8518518518518519,0.8518518518518519,0.8518518518518519,0.8518518518518519,0.8518518518518519,0.8518518518518519,0.8518518518518519,0.8518518518518519,0.5185185185185185,0.5185185185185185,0.5185185185185185,0.5185185185185185,0.48148148148148145
2750.0,113,83,0.7345132743362832,83,0.7345132743362832,76,0.672566371681416,53,0.4690265486725664,0.8849557522123894,0.8407079646017699,0.8849557522123894,0.8407079646017699,0.831858407079646,0.7876106194690266,0.8141592920353983,0.7699115044247787,0.6283185840707964,0.5929203539823009,0.8407079646017699,0.7964601769911505,0.831858407079646,0.7699115044247787,0.8761061946902655,0.8230088495575221,0.8230088495575221,0.8053097345132744,0.8761061946902655,0.8053097345132744,0.8053097345132744,0.831858407079646,0.7787610619469026,0.7610619469026548,0.7610619469026548,0.831858407079646,0.6283185840707964,0.5132743362831859,0.5221238938053098,0.6194690265486725,0.48672566371681414
2761.0,15,11,0.7333333333333333,11,0.7333333333333333,9,0.6,8,0.5333333333333333,0.8666666666666667,0.6666666666666666,0.8666666666666667,0.6666666666666666,0.8666666666666667,0.6666666666666666,0.8666666666666667,0.6666666666666666,0.6666666666666666,0.5333333333333333,0.7333333333333333,0.6,0.7333333333333333,0.6,0.8666666666666667,0.7333333333333333,0.7333333333333333,0.8666666666666667,0.8666666666666667,0.8666666666666667,0.7333333333333333,0.6666666666666666,0.6,0.6,0.6666666666666666,0.6666666666666666,0.6666666666666666,0.6666666666666666,0.6666666666666666,0.6666666666666666,0.5333333333333333
2771.0,13,11,0.8461538461538461,11,0.8461538461538461,10,0.7692307692307693,5,0.38461538461538464,0.9230769230769231,0.8461538461538461,0.9230769230769231,0.8461538461538461,0.9230769230769231,0.8461538461538461,0.9230769230769231,0.8461538461538461,0.46153846153846156,0.38461538461538464,0.8461538461538461,0.7692307692307693,0.8461538461538461,0.7692307692307693,0.9230769230769231,0.8461538461538461,0.8461538461538461,0.9230769230769231,0.9230769230769231,0.9230769230769231,0.8461538461538461,0.8461538461538461,0.7692307692307693,0.7692307692307693,0.8461538461538461,0.8461538461538461,0.46153846153846156,0.46153846153846156,0.46153846153846156,0.46153846153846156,0.38461538461538464
2780.0,26,24,0.9230769230769231,24,0.9230769230769231,24,0.9230769230769231,19,0.7307692307692307,0.9615384615384616,0.9615384615384616,0.9615384615384616,0.9615384615384616,0.9615384615384616,0.9615384615384616,0.9615384615384616,0.9615384615384616,0.7307692307692307,0.7307692307692307,0.9230769230769231,0.9230769230769231,0.9230769230769231,0.9230769230769231,0.9615384615384616,0.9230769230769231,0.9230769230769231,0.9615384615384616,0.9615384615384616,0.9615384615384616,0.9230769230769231,0.9615384615384616,0.9230769230769231,0.9230769230769231,0.9615384615384616,0.9615384615384616,0.7307692307692307,0.7307692307692307,0.7307692307692307,0.7307692307692307,0.7307692307692307
2790.0,12,10,0.8333333333333334,10,0.8333333333333334,8,0.6666666666666666,7,0.5833333333333334,0.9166666666666666,0.8333333333333334,0.9166666666666666,0.8333333333333334,0.9166666666666666,0.8333333333333334,0.9166666666666666,0.8333333333333334,0.6666666666666666,0.5833333333333334,0.8333333333333334,0.75,0.8333333333333334,0.6666666666666666,0.9166666666666666,0.8333333333333334,0.8333333333333334,0.9166666666666666,0.9166666666666666,0.9166666666666666,0.8333333333333334,0.8333333333333334,0.75,0.6666666666666666,0.8333333333333334,0.8333333333333334,0.6666666666666666,0.6666666666666666,0.6666666666666666,0.6666666666666666,0.5833333333333334
2800.0,186,163,0.8763440860215054,163,0.8763440860215054,162,0.8709677419354839,126,0.6774193548387096,0.9086021505376344,0.9032258064516129,0.9086021505376344,0.9032258064516129,0.8924731182795699,0.8924731182795699,0.9086021505376344,0.9032258064516129,0.7258064516129032,0.7204301075268817,0.8978494623655914,0.8817204301075269,0.9086021505376344,0.8924731182795699,0.9032258064516129,0.8870967741935484,0.8978494623655914,0.8924731182795699,0.9032258064516129,0.8924731182795699,0.8870967741935484,0.9032258064516129,0.8817204301075269,0.8924731182795699,0.8924731182795699,0.9032258064516129,0.7258064516129032,0.6881720430107527,0.6935483870967742,0.7258064516129032,0.6827956989247311
2810.0,140,130,0.9285714285714286,130,0.9285714285714286,129,0.9214285714285714,102,0.7285714285714285,0.9714285714285714,0.9714285714285714,0.9714285714285714,0.9714285714285714,0.9642857142857143,0.9642857142857143,0.9571428571428572,0.9571428571428572,0.7642857142857142,0.7571428571428571,0.95,0.9357142857142857,0.9714285714285714,0.9642857142857143,0.9714285714285714,0.9428571428571428,0.9714285714285714,0.9571428571428572,0.9714285714285714,0.9571428571428572,0.9428571428571428,0.9714285714285714,0.9357142857142857,0.9642857142857143,0.9571428571428572,0.9714285714285714,0.7642857142857142,0.7357142857142858,0.7642857142857142,0.7642857142857142,0.7571428571428571
2820.0,70,62,0.8857142857142857,62,0.8857142857142857,58,0.8285714285714286,45,0.6428571428571429,0.9428571428571428,0.9142857142857143,0.9428571428571428,0.9142857142857143,0.9428571428571428,0.9142857142857143,0.9285714285714286,0.9,0.7142857142857143,0.6857142857142857,0.9,0.8285714285714286,0.9,0.8714285714285714,0.9428571428571428,0.9,0.9,0.9285714285714286,0.9428571428571428,0.9285714285714286,0.9,0.9142857142857143,0.8285714285714286,0.8714285714285714,0.9,0.9142857142857143,0.7142857142857143,0.6857142857142857,0.6857142857142857,0.7142857142857143,0.6428571428571429
2821.0,173,144,0.8323699421965318,144,0.8323699421965318,134,0.7745664739884393,111,0.6416184971098265,0.9075144508670521,0.8670520231213873,0.9248554913294798,0.884393063583815,0.9075144508670521,0.8670520231213873,0.9248554913294798,0.884393063583815,0.7225433526011561,0.6936416184971098,0.861271676300578,0.8034682080924855,0.8786127167630058,0.838150289017341,0.9075144508670521,0.8439306358381503,0.8728323699421965,0.9075144508670521,0.9075144508670521,0.9075144508670521,0.8323699421965318,0.8670520231213873,0.7861271676300579,0.8323699421965318,0.8670520231213873,0.8670520231213873,0.7225433526011561,0.6820809248554913,0.7109826589595376,0.7225433526011561,0.6936416184971098
2833.0,299,224,0.7491638795986622,224,0.7491638795986622,203,0.6789297658862876,130,0.43478260869565216,0.8795986622073578,0.7959866220735786,0.8729096989966555,0.7892976588628763,0.8494983277591973,0.7692307692307693,0.8528428093645485,0.7792642140468228,0.6086956521739131,0.5217391304347826,0.8160535117056856,0.7224080267558528,0.8494983277591973,0.7525083612040134,0.862876254180602,0.7959866220735786,0.8327759197324415,0.8294314381270903,0.8561872909698997,0.8193979933110368,0.7959866220735786,0.7792642140468228,0.6989966555183946,0.7324414715719063,0.745819397993311,0.7725752508361204,0.6086956521739131,0.5317725752508361,0.5618729096989966,0.6086956521739131,0.4782608695652174
2834.0,5260,4676,0.8889733840304183,4676,0.8889733840304183,4542,0.8634980988593156,1483,0.28193916349809883,0.9509505703422053,0.9346007604562737,0.9503802281368822,0.9332699619771863,0.9393536121673004,0.9230038022813688,0.9334600760456274,0.9159695817490494,0.3511406844106464,0.33041825095057037,0.9184410646387833,0.8952471482889733,0.9372623574144486,0.9138783269961978,0.9477186311787072,0.9144486692015209,0.935361216730038,0.9239543726235742,0.9461977186311787,0.9235741444866921,0.9131178707224334,0.9309885931558936,0.8901140684410647,0.911787072243346,0.905893536121673,0.929277566539924,0.35076045627376423,0.30931558935361214,0.3203422053231939,0.35038022813688213,0.2994296577946768
2835.0,299,243,0.8127090301003345,243,0.8127090301003345,238,0.7959866220735786,112,0.3745819397993311,0.9431438127090301,0.9264214046822743,0.9431438127090301,0.9264214046822743,0.939799331103679,0.9230769230769231,0.9163879598662207,0.8996655518394648,0.42474916387959866,0.4080267558528428,0.8327759197324415,0.8193979933110368,0.919732441471572,0.903010033444816,0.9431438127090301,0.8327759197324415,0.919732441471572,0.9163879598662207,0.9431438127090301,0.9163879598662207,0.8294314381270903,0.9230769230769231,0.8160535117056856,0.8996655518394648,0.8963210702341137,0.9230769230769231,0.42474916387959866,0.39464882943143814,0.42474916387959866,0.42474916387959866,0.4080267558528428
2836.0,1295,1158,0.8942084942084942,1158,0.8942084942084942,1126,0.8694980694980695,395,0.305019305019305,0.9513513513513514,0.9382239382239382,0.9528957528957529,0.9397683397683397,0.938996138996139,0.9258687258687258,0.9343629343629344,0.922007722007722,0.37142857142857144,0.35057915057915057,0.9297297297297298,0.9088803088803089,0.9436293436293436,0.9212355212355212,0.9413127413127413,0.9173745173745174,0.9312741312741313,0.9243243243243243,0.9413127413127413,0.918918918918919,0.915057915057915,0.9274131274131274,0.8942084942084942,0.9104247104247104,0.9065637065637066,0.9258687258687258,0.37142857142857144,0.33436293436293435,0.338996138996139,0.37065637065637064,0.31891891891891894
2840.0,66,56,0.8484848484848485,56,0.8484848484848485,53,0.803030303030303,39,0.5909090909090909,0.9393939393939394,0.9242424242424242,0.9393939393939394,0.9242424242424242,0.9242424242424242,0.8787878787878788,0.8939393939393939,0.8787878787878788,0.6060606060606061,0.6060606060606061,0.9090909090909091,0.8636363636363636,0.8939393939393939,0.8636363636363636,0.9242424242424242,0.8939393939393939,0.8787878787878788,0.8787878787878788,0.9242424242424242,0.8787878787878788,0.8636363636363636,0.8787878787878788,0.8333333333333334,0.8333333333333334,0.8484848484848485,0.8787878787878788,0.6060606060606061,0.5909090909090909,0.5909090909090909,0.6060606060606061,0.5909090909090909
2842.0,54,45,0.8333333333333334,45,0.8333333333333334,43,0.7962962962962963,23,0.42592592592592593,0.8703703703703703,0.8333333333333334,0.8703703703703703,0.8333333333333334,0.8703703703703703,0.8333333333333334,0.8703703703703703,0.8333333333333334,0.46296296296296297,0.42592592592592593,0.8518518518518519,0.7962962962962963,0.8333333333333334,0.7962962962962963,0.8703703703703703,0.8518518518518519,0.8333333333333334,0.8703703703703703,0.8703703703703703,0.8703703703703703,0.8333333333333334,0.8333333333333334,0.7962962962962963,0.7962962962962963,0.8333333333333334,0.8333333333333334,0.46296296296296297,0.46296296296296297,0.46296296296296297,0.46296296296296297,0.42592592592592593
2844.0,268,216,0.8059701492537313,216,0.8059701492537313,210,0.7835820895522388,153,0.5708955223880597,0.9291044776119403,0.9104477611940298,0.9328358208955224,0.914179104477612,0.8880597014925373,0.8656716417910447,0.8432835820895522,0.832089552238806,0.6268656716417911,0.6119402985074627,0.914179104477612,0.8768656716417911,0.917910447761194,0.8805970149253731,0.9216417910447762,0.9029850746268657,0.9067164179104478,0.8246268656716418,0.9216417910447762,0.8246268656716418,0.8992537313432836,0.8917910447761194,0.8582089552238806,0.8619402985074627,0.8097014925373134,0.8917910447761194,0.6268656716417911,0.585820895522388,0.5895522388059702,0.6268656716417911,0.5783582089552238
2851.0,65,56,0.8615384615384616,56,0.8615384615384616,52,0.8,48,0.7384615384615385,0.9076923076923077,0.8461538461538461,0.9076923076923077,0.8461538461538461,0.8615384615384616,0.8,0.9076923076923077,0.8461538461538461,0.8,0.7384615384615385,0.9076923076923077,0.8461538461538461,0.9076923076923077,0.8461538461538461,0.9076923076923077,0.9076923076923077,0.9076923076923077,0.8615384615384616,0.9076923076923077,0.8615384615384616,0.9076923076923077,0.8461538461538461,0.8461538461538461,0.8461538461538461,0.8,0.8461538461538461,0.8,0.8,0.8,0.8,0.7384615384615385
2860.0,560,460,0.8214285714285714,460,0.8214285714285714,442,0.7892857142857143,275,0.49107142857142855,0.925,0.9107142857142857,0.8928571428571429,0.8803571428571428,0.9053571428571429,0.8821428571428571,0.8928571428571429,0.8839285714285714,0.525,0.5107142857142857,0.9196428571428571,0.9071428571428571,0.9142857142857143,0.9035714285714286,0.9071428571428571,0.8910714285714286,0.8928571428571429,0.875,0.8714285714285714,0.8696428571428572,0.8892857142857142,0.8875,0.8678571428571429,0.8732142857142857,0.8464285714285714,0.8464285714285714,0.525,0.5035714285714286,0.5053571428571428,0.5178571428571429,0.4928571428571429
2870.0,199,154,0.7738693467336684,154,0.7738693467336684,150,0.7537688442211056,97,0.48743718592964824,0.8994974874371859,0.8793969849246231,0.8040201005025126,0.7839195979899497,0.8944723618090452,0.8743718592964824,0.8894472361809045,0.8693467336683417,0.5477386934673367,0.5226130653266332,0.8442211055276382,0.8241206030150754,0.8793969849246231,0.8592964824120602,0.8994974874371859,0.8442211055276382,0.8793969849246231,0.8894472361809045,0.8040201005025126,0.8894472361809045,0.8442211055276382,0.8793969849246231,0.8241206030150754,0.8592964824120602,0.8693467336683417,0.7839195979899497,0.5477386934673367,0.5226130653266332,0.5226130653266332,0.5477386934673367,0.49748743718592964
2890.0,176,151,0.8579545454545454,151,0.8579545454545454,145,0.8238636363636364,94,0.5340909090909091,0.9375,0.9090909090909091,0.9488636363636364,0.9261363636363636,0.9261363636363636,0.9034090909090909,0.9375,0.9147727272727273,0.5738636363636364,0.5568181818181818,0.9034090909090909,0.8806818181818182,0.9204545454545454,0.8863636363636364,0.9261363636363636,0.875,0.8920454545454546,0.9090909090909091,0.9261363636363636,0.9090909090909091,0.875,0.9034090909090909,0.8522727272727273,0.8636363636363636,0.8863636363636364,0.9034090909090909,0.5738636363636364,0.5454545454545454,0.5625,0.5738636363636364,0.5568181818181818
2891.0,25,22,0.88,22,0.88,13,0.52,13,0.52,0.92,0.56,0.92,0.56,0.92,0.56,0.92,0.56,0.8,0.52,0.88,0.52,0.88,0.52,0.92,0.88,0.88,0.92,0.92,0.92,0.88,0.56,0.52,0.52,0.56,0.56,0.8,0.8,0.8,0.8,0.52
2911.0,281,214,0.7615658362989324,214,0.7615658362989324,214,0.7615658362989324,59,0.2099644128113879,0.8505338078291815,0.8505338078291815,0.8113879003558719,0.8113879003558719,0.8113879003558719,0.8113879003558719,0.8398576512455516,0.8398576512455516,0.2099644128113879,0.2099644128113879,0.8469750889679716,0.8469750889679716,0.8434163701067615,0.8434163701067615,0.8505338078291815,0.8469750889679716,0.8434163701067615,0.8113879003558719,0.8113879003558719,0.8113879003558719,0.8398576512455516,0.8505338078291815,0.8469750889679716,0.8434163701067615,0.8113879003558719,0.8113879003558719,0.2099644128113879,0.2099644128113879,0.2099644128113879,0.2099644128113879,0.2099644128113879
2990.0,32,26,0.8125,26,0.8125,26,0.8125,20,0.625,0.90625,0.875,0.90625,0.875,0.84375,0.8125,0.90625,0.875,0.625,0.625,0.875,0.84375,0.875,0.84375,0.90625,0.875,0.875,0.84375,0.90625,0.84375,0.875,0.875,0.84375,0.84375,0.8125,0.875,0.625,0.625,0.625,0.625,0.625
3011.0,35,31,0.8857142857142857,31,0.8857142857142857,31,0.8857142857142857,28,0.8,0.8857142857142857,0.8857142857142857,0.8857142857142857,0.8857142857142857,0.8857142857142857,0.8857142857142857,0.8857142857142857,0.8857142857142857,0.8285714285714286,0.8,0.8857142857142857,0.8857142857142857,0.8857142857142857,0.8857142857142857,0.8857142857142857,0.8857142857142857,0.8857142857142857,0.8857142857142857,0.8857142857142857,0.8857142857142857,0.8857142857142857,0.8857142857142857,0.8857142857142857,0.8857142857142857,0.8857142857142857,0.8857142857142857,0.8285714285714286,0.8285714285714286,0.8285714285714286,0.8285714285714286,0.8
3021.0,41,39,0.9512195121951219,39,0.9512195121951219,38,0.926829268292683,35,0.8536585365853658,0.975609756097561,0.9512195121951219,0.975609756097561,0.9512195121951219,0.975609756097561,0.9512195121951219,0.975609756097561,0.9512195121951219,0.8536585365853658,0.8536585365853658,0.9512195121951219,0.926829268292683,0.9512195121951219,0.926829268292683,0.975609756097561,0.9512195121951219,0.9512195121951219,0.975609756097561,0.975609756097561,0.975609756097561,0.9512195121951219,0.9512195121951219,0.926829268292683,0.926829268292683,0.9512195121951219,0.9512195121951219,0.8536585365853658,0.8536585365853658,0.8536585365853658,0.8536585365853658,0.8536585365853658
3050.0,22,21,0.9545454545454546,21,0.9545454545454546,21,0.9545454545454546,17,0.7727272727272727,0.9545454545454546,0.9545454545454546,0.9545454545454546,0.9545454545454546,0.9545454545454546,0.9545454545454546,0.9545454545454546,0.9545454545454546,0.7727272727272727,0.7727272727272727,0.9545454545454546,0.9545454545454546,0.9545454545454546,0.9545454545454546,0.9545454545454546,0.9545454545454546,0.9545454545454546,0.9545454545454546,0.9545454545454546,0.9545454545454546,0.9545454545454546,0.9545454545454546,0.9545454545454546,0.9545454545454546,0.9545454545454546,0.9545454545454546,0.7727272727272727,0.7727272727272727,0.7727272727272727,0.7727272727272727,0.7727272727272727
3060.0,72,64,0.8888888888888888,64,0.8888888888888888,64,0.8888888888888888,59,0.8194444444444444,0.9027777777777778,0.9027777777777778,0.9027777777777778,0.9027777777777778,0.9027777777777778,0.9027777777777778,0.8888888888888888,0.8888888888888888,0.8333333333333334,0.8194444444444444,0.9027777777777778,0.8888888888888888,0.9027777777777778,0.8888888888888888,0.9027777777777778,0.9027777777777778,0.9027777777777778,0.8888888888888888,0.9027777777777778,0.8888888888888888,0.9027777777777778,0.9027777777777778,0.8888888888888888,0.8888888888888888,0.8888888888888888,0.9027777777777778,0.8333333333333334,0.8333333333333334,0.8333333333333334,0.8333333333333334,0.8194444444444444
3080.0,56,38,0.6785714285714286,38,0.6785714285714286,36,0.6428571428571429,24,0.42857142857142855,0.875,0.8571428571428571,0.875,0.8571428571428571,0.875,0.8571428571428571,0.7857142857142857,0.7678571428571429,0.5892857142857143,0.5357142857142857,0.8214285714285714,0.8035714285714286,0.8571428571428571,0.8392857142857143,0.875,0.8035714285714286,0.8392857142857143,0.7857142857142857,0.875,0.7857142857142857,0.7678571428571429,0.8571428571428571,0.7857142857142857,0.8214285714285714,0.75,0.8571428571428571,0.5892857142857143,0.5178571428571429,0.5535714285714286,0.5892857142857143,0.5357142857142857
3081.0,55,42,0.7636363636363637,42,0.7636363636363637,41,0.7454545454545455,24,0.43636363636363634,0.9272727272727272,0.9090909090909091,0.9272727272727272,0.9090909090909091,0.9090909090909091,0.8909090909090909,0.9272727272727272,0.9090909090909091,0.6181818181818182,0.6,0.7818181818181819,0.7636363636363637,0.9090909090909091,0.8909090909090909,0.9272727272727272,0.7818181818181819,0.9090909090909091,0.9090909090909091,0.9272727272727272,0.9090909090909091,0.7818181818181819,0.9090909090909091,0.7636363636363637,0.8909090909090909,0.8909090909090909,0.9090909090909091,0.6181818181818182,0.4727272727272727,0.6,0.6181818181818182,0.5636363636363636
3086.0,35,31,0.8857142857142857,31,0.8857142857142857,28,0.8,27,0.7714285714285715,0.9428571428571428,0.8857142857142857,0.9428571428571428,0.8857142857142857,0.9428571428571428,0.8857142857142857,0.9428571428571428,0.8857142857142857,0.8571428571428571,0.7714285714285715,0.8857142857142857,0.8,0.8857142857142857,0.8,0.9428571428571428,0.8857142857142857,0.8857142857142857,0.9428571428571428,0.9428571428571428,0.9428571428571428,0.8857142857142857,0.8857142857142857,0.8,0.8,0.8857142857142857,0.8857142857142857,0.8571428571428571,0.8571428571428571,0.8571428571428571,0.8571428571428571,0.7714285714285715
3089.0,185,166,0.8972972972972973,166,0.8972972972972973,142,0.7675675675675676,114,0.6162162162162163,0.9567567567567568,0.8216216216216217,0.9621621621621622,0.8324324324324325,0.9405405405405406,0.8,0.9459459459459459,0.8108108108108109,0.7081081081081081,0.6324324324324324,0.9405405405405406,0.8,0.9459459459459459,0.8108108108108109,0.9459459459459459,0.9243243243243243,0.9297297297297298,0.9243243243243243,0.9459459459459459,0.9243243243243243,0.918918918918919,0.8,0.7783783783783784,0.7891891891891892,0.7837837837837838,0.8,0.7081081081081081,0.6864864864864865,0.6972972972972973,0.7081081081081081,0.6270270270270271
3100.0,61,52,0.8524590163934426,52,0.8524590163934426,23,0.3770491803278688,21,0.3442622950819672,0.9344262295081968,0.45901639344262296,0.9344262295081968,0.47540983606557374,0.9180327868852459,0.4426229508196721,0.9016393442622951,0.4426229508196721,0.7540983606557377,0.3770491803278688,0.9180327868852459,0.47540983606557374,0.9016393442622951,0.45901639344262296,0.9016393442622951,0.8852459016393442,0.8852459016393442,0.8688524590163934,0.9016393442622951,0.8688524590163934,0.8852459016393442,0.4098360655737705,0.4098360655737705,0.4098360655737705,0.39344262295081966,0.4098360655737705,0.7540983606557377,0.7540983606557377,0.7540983606557377,0.7377049180327869,0.36065573770491804
3140.0,78,73,0.9358974358974359,73,0.9358974358974359,55,0.7051282051282052,39,0.5,0.9487179487179487,0.7051282051282052,0.9487179487179487,0.7051282051282052,0.9487179487179487,0.7051282051282052,0.9487179487179487,0.7051282051282052,0.6410256410256411,0.5,0.9358974358974359,0.7051282051282052,0.9358974358974359,0.7051282051282052,0.9487179487179487,0.9358974358974359,0.9358974358974359,0.9487179487179487,0.9487179487179487,0.9487179487179487,0.9358974358974359,0.7051282051282052,0.7051282051282052,0.7051282051282052,0.7051282051282052,0.7051282051282052,0.6410256410256411,0.6410256410256411,0.6410256410256411,0.6410256410256411,0.5
3211.0,12,11,0.9166666666666666,11,0.9166666666666666,10,0.8333333333333334,4,0.3333333333333333,0.9166666666666666,0.9166666666666666,0.9166666666666666,0.9166666666666666,0.9166666666666666,0.9166666666666666,0.9166666666666666,0.9166666666666666,0.4166666666666667,0.3333333333333333,0.9166666666666666,0.8333333333333334,0.9166666666666666,0.8333333333333334,0.9166666666666666,0.9166666666666666,0.9166666666666666,0.9166666666666666,0.9166666666666666,0.9166666666666666,0.9166666666666666,0.9166666666666666,0.8333333333333334,0.8333333333333334,0.9166666666666666,0.9166666666666666,0.4166666666666667,0.4166666666666667,0.4166666666666667,0.4166666666666667,0.3333333333333333
3220.0,21,19,0.9047619047619048,19,0.9047619047619048,19,0.9047619047619048,9,0.42857142857142855,0.9047619047619048,0.9047619047619048,0.9047619047619048,0.9047619047619048,0.9047619047619048,0.9047619047619048,0.9047619047619048,0.9047619047619048,0.42857142857142855,0.42857142857142855,0.9047619047619048,0.9047619047619048,0.9047619047619048,0.9047619047619048,0.9047619047619048,0.9047619047619048,0.9047619047619048,0.9047619047619048,0.9047619047619048,0.9047619047619048,0.9047619047619048,0.9047619047619048,0.9047619047619048,0.9047619047619048,0.9047619047619048,0.9047619047619048,0.42857142857142855,0.42857142857142855,0.42857142857142855,0.42857142857142855,0.42857142857142855
3221.0,20,20,1.0,20,1.0,20,1.0,20,1.0,1.0,1.0,1.0,1.0,1.0,1.0,1.0,1.0,1.0,1.0,1.0,1.0,1.0,1.0,1.0,1.0,1.0,1.0,1.0,1.0,1.0,1.0,1.0,1.0,1.0,1.0,1.0,1.0,1.0,1.0,1.0
3231.0,32,23,0.71875,23,0.71875,14,0.4375,13,0.40625,0.84375,0.5625,0.8125,0.5,0.84375,0.5625,0.78125,0.5,0.65625,0.40625,0.8125,0.5625,0.8125,0.5625,0.84375,0.8125,0.8125,0.78125,0.8125,0.78125,0.8125,0.5625,0.5625,0.5625,0.5,0.5,0.65625,0.65625,0.65625,0.65625,0.40625
3241.0,15,15,1.0,15,1.0,15,1.0,15,1.0,1.0,1.0,1.0,1.0,1.0,1.0,1.0,1.0,1.0,1.0,1.0,1.0,1.0,1.0,1.0,1.0,1.0,1.0,1.0,1.0,1.0,1.0,1.0,1.0,1.0,1.0,1.0,1.0,1.0,1.0,1.0
3250.0,1,1,1.0,1,1.0,1,1.0,1,1.0,1.0,1.0,1.0,1.0,1.0,1.0,1.0,1.0,1.0,1.0,1.0,1.0,1.0,1.0,1.0,1.0,1.0,1.0,1.0,1.0,1.0,1.0,1.0,1.0,1.0,1.0,1.0,1.0,1.0,1.0,1.0
3260.0,12,9,0.75,9,0.75,2,0.16666666666666666,2,0.16666666666666666,0.9166666666666666,0.25,0.9166666666666666,0.25,0.9166666666666666,0.25,0.9166666666666666,0.25,0.4166666666666667,0.25,0.9166666666666666,0.25,0.75,0.16666666666666666,0.9166666666666666,0.8333333333333334,0.75,0.9166666666666666,0.9166666666666666,0.9166666666666666,0.75,0.25,0.25,0.16666666666666666,0.25,0.25,0.4166666666666667,0.4166666666666667,0.3333333333333333,0.4166666666666667,0.25
3270.0,30,19,0.6333333333333333,19,0.6333333333333333,16,0.5333333333333333,15,0.5,0.9,0.6666666666666666,0.9,0.6666666666666666,0.9,0.6666666666666666,0.9,0.6666666666666666,0.7333333333333333,0.5333333333333333,0.6333333333333333,0.5666666666666667,0.8,0.6,0.9,0.6333333333333333,0.8,0.9,0.9,0.9,0.6333333333333333,0.6333333333333333,0.5333333333333333,0.5666666666666667,0.6666666666666666,0.6333333333333333,0.7333333333333333,0.6,0.7333333333333333,0.7333333333333333,0.5
3272.0,48,35,0.7291666666666666,35,0.7291666666666666,35,0.7291666666666666,21,0.4375,0.8333333333333334,0.8125,0.8333333333333334,0.8125,0.8333333333333334,0.8125,0.7916666666666666,0.7708333333333334,0.5208333333333334,0.5208333333333334,0.7916666666666666,0.7708333333333334,0.75,0.75,0.8333333333333334,0.7916666666666666,0.75,0.7916666666666666,0.8333333333333334,0.7916666666666666,0.75,0.8125,0.7708333333333334,0.75,0.7708333333333334,0.8125,0.5208333333333334,0.4375,0.4375,0.5208333333333334,0.4583333333333333
3281.0,9,2,0.2222222222222222,2,0.2222222222222222,1,0.1111111111111111,0,0.0,0.4444444444444444,0.3333333333333333,0.6666666666666666,0.5555555555555556,0.3333333333333333,0.1111111111111111,0.3333333333333333,0.3333333333333333,0.0,0.0,0.5555555555555556,0.4444444444444444,0.4444444444444444,0.2222222222222222,0.4444444444444444,0.3333333333333333,0.3333333333333333,0.2222222222222222,0.4444444444444444,0.2222222222222222,0.3333333333333333,0.1111111111111111,0.1111111111111111,0.1111111111111111,0.1111111111111111,0.1111111111111111,0.0,0.0,0.0,0.0,0.0
3290.0,36,30,0.8333333333333334,30,0.8333333333333334,30,0.8333333333333334,26,0.7222222222222222,0.8333333333333334,0.8333333333333334,0.8333333333333334,0.8333333333333334,0.8333333333333334,0.8333333333333334,0.8333333333333334,0.8333333333333334,0.75,0.75,0.8333333333333334,0.8333333333333334,0.8333333333333334,0.8333333333333334,0.8333333333333334,0.8333333333333334,0.8333333333333334,0.8333333333333334,0.8333333333333334,0.8333333333333334,0.8333333333333334,0.8333333333333334,0.8333333333333334,0.8333333333333334,0.8333333333333334,0.8333333333333334,0.75,0.75,0.75,0.75,0.75
3310.0,77,72,0.935064935064935,72,0.935064935064935,61,0.7922077922077922,53,0.6883116883116883,0.961038961038961,0.8181818181818182,0.961038961038961,0.8181818181818182,0.961038961038961,0.8181818181818182,0.961038961038961,0.8181818181818182,0.8441558441558441,0.7012987012987013,0.935064935064935,0.7922077922077922,0.948051948051948,0.8051948051948052,0.961038961038961,0.935064935064935,0.948051948051948,0.961038961038961,0.961038961038961,0.961038961038961,0.935064935064935,0.8181818181818182,0.7922077922077922,0.8051948051948052,0.8181818181818182,0.8181818181818182,0.8441558441558441,0.8311688311688312,0.8441558441558441,0.8441558441558441,0.7012987012987013
3312.0,133,127,0.9548872180451128,127,0.9548872180451128,127,0.9548872180451128,91,0.6842105263157895,0.9624060150375939,0.9548872180451128,0.9548872180451128,0.9548872180451128,0.9548872180451128,0.9548872180451128,0.9548872180451128,0.9548872180451128,0.6842105263157895,0.6842105263157895,0.9624060150375939,0.9548872180451128,0.9548872180451128,0.9548872180451128,0.9624060150375939,0.9624060150375939,0.9548872180451128,0.9548872180451128,0.9548872180451128,0.9548872180451128,0.9548872180451128,0.9548872180451128,0.9548872180451128,0.9548872180451128,0.9548872180451128,0.9548872180451128,0.6842105263157895,0.6842105263157895,0.6842105263157895,0.6842105263157895,0.6842105263157895
3317.0,39,34,0.8717948717948718,34,0.8717948717948718,31,0.7948717948717948,26,0.6666666666666666,0.9487179487179487,0.8205128205128205,0.9487179487179487,0.8205128205128205,0.9487179487179487,0.8205128205128205,0.9487179487179487,0.8205128205128205,0.7435897435897436,0.6666666666666666,0.8717948717948718,0.7948717948717948,0.8717948717948718,0.7948717948717948,0.9487179487179487,0.8717948717948718,0.8717948717948718,0.9487179487179487,0.9487179487179487,0.9487179487179487,0.8717948717948718,0.8205128205128205,0.7948717948717948,0.7948717948717948,0.8205128205128205,0.8205128205128205,0.7435897435897436,0.7435897435897436,0.7435897435897436,0.7435897435897436,0.6666666666666666
3320.0,4,4,1.0,4,1.0,2,0.5,2,0.5,1.0,0.5,1.0,0.5,1.0,0.5,1.0,0.5,0.75,0.5,1.0,0.5,1.0,0.5,1.0,1.0,1.0,1.0,1.0,1.0,1.0,0.5,0.5,0.5,0.5,0.5,0.75,0.75,0.75,0.75,0.5
3330.0,27,25,0.9259259259259259,25,0.9259259259259259,25,0.9259259259259259,14,0.5185185185185185,0.9259259259259259,0.9259259259259259,0.9259259259259259,0.9259259259259259,0.9259259259259259,0.9259259259259259,0.9259259259259259,0.9259259259259259,0.5185185185185185,0.5185185185185185,0.9259259259259259,0.9259259259259259,0.9259259259259259,0.9259259259259259,0.9259259259259259,0.9259259259259259,0.9259259259259259,0.9259259259259259,0.9259259259259259,0.9259259259259259,0.9259259259259259,0.9259259259259259,0.9259259259259259,0.9259259259259259,0.9259259259259259,0.9259259259259259,0.5185185185185185,0.5185185185185185,0.5185185185185185,0.5185185185185185,0.5185185185185185
3334.0,23,22,0.9565217391304348,22,0.9565217391304348,22,0.9565217391304348,7,0.30434782608695654,0.9565217391304348,0.9565217391304348,0.9565217391304348,0.9565217391304348,0.9565217391304348,0.9565217391304348,0.9565217391304348,0.9565217391304348,0.30434782608695654,0.30434782608695654,0.9565217391304348,0.9565217391304348,0.9565217391304348,0.9565217391304348,0.9565217391304348,0.9565217391304348,0.9565217391304348,0.9565217391304348,0.9565217391304348,0.9565217391304348,0.9565217391304348,0.9565217391304348,0.9565217391304348,0.9565217391304348,0.9565217391304348,0.9565217391304348,0.30434782608695654,0.30434782608695654,0.30434782608695654,0.30434782608695654,0.30434782608695654
3341.0,30,24,0.8,24,0.8,23,0.7666666666666667,16,0.5333333333333333,0.9,0.8666666666666667,0.9333333333333333,0.9333333333333333,0.9,0.8666666666666667,0.8333333333333334,0.8333333333333334,0.5666666666666667,0.5666666666666667,0.9,0.8666666666666667,0.9,0.8666666666666667,0.8666666666666667,0.8333333333333334,0.8333333333333334,0.8333333333333334,0.8666666666666667,0.8333333333333334,0.8333333333333334,0.8333333333333334,0.7666666666666667,0.7666666666666667,0.8333333333333334,0.8333333333333334,0.5666666666666667,0.5666666666666667,0.5666666666666667,0.5333333333333333,0.5666666666666667
3350.0,103,97,0.941747572815534,97,0.941747572815534,87,0.8446601941747572,59,0.5728155339805825,0.9514563106796117,0.8543689320388349,0.9514563106796117,0.8543689320388349,0.9514563106796117,0.8543689320388349,0.9514563106796117,0.8543689320388349,0.6407766990291263,0.5728155339805825,0.941747572815534,0.8446601941747572,0.941747572815534,0.8446601941747572,0.9514563106796117,0.941747572815534,0.941747572815534,0.9514563106796117,0.9514563106796117,0.9514563106796117,0.941747572815534,0.8543689320388349,0.8446601941747572,0.8446601941747572,0.8543689320388349,0.8543689320388349,0.6407766990291263,0.6407766990291263,0.6407766990291263,0.6407766990291263,0.5728155339805825
3357.0,49,49,1.0,49,1.0,49,1.0,41,0.8367346938775511,1.0,1.0,1.0,1.0,1.0,1.0,1.0,1.0,0.8367346938775511,0.8367346938775511,1.0,1.0,1.0,1.0,1.0,1.0,1.0,1.0,1.0,1.0,1.0,1.0,1.0,1.0,1.0,1.0,0.8367346938775511,0.8367346938775511,0.8367346938775511,0.8367346938775511,0.8367346938775511
3360.0,26,18,0.6923076923076923,18,0.6923076923076923,18,0.6923076923076923,17,0.6538461538461539,1.0,1.0,1.0,1.0,1.0,1.0,1.0,1.0,0.8846153846153846,0.8846153846153846,0.6923076923076923,0.6923076923076923,0.9615384615384616,0.9615384615384616,1.0,0.6923076923076923,0.9615384615384616,1.0,1.0,1.0,0.6923076923076923,1.0,0.6923076923076923,0.9615384615384616,1.0,1.0,0.8846153846153846,0.6538461538461539,0.8846153846153846,0.8846153846153846,0.8846153846153846
3390.0,35,34,0.9714285714285714,34,0.9714285714285714,34,0.9714285714285714,24,0.6857142857142857,0.9714285714285714,0.9714285714285714,0.9714285714285714,0.9714285714285714,0.9714285714285714,0.9714285714285714,0.9714285714285714,0.9714285714285714,0.7142857142857143,0.6857142857142857,0.9714285714285714,0.9714285714285714,0.9714285714285714,0.9714285714285714,0.9714285714285714,0.9714285714285714,0.9714285714285714,0.9714285714285714,0.9714285714285714,0.9714285714285714,0.9714285714285714,0.9714285714285714,0.9714285714285714,0.9714285714285714,0.9714285714285714,0.9714285714285714,0.7142857142857143,0.7142857142857143,0.7142857142857143,0.7142857142857143,0.6857142857142857
3411.0,38,36,0.9473684210526315,36,0.9473684210526315,36,0.9473684210526315,25,0.6578947368421053,1.0,1.0,1.0,1.0,1.0,1.0,1.0,1.0,0.6578947368421053,0.6578947368421053,0.9736842105263158,0.9736842105263158,0.9473684210526315,0.9473684210526315,1.0,0.9736842105263158,0.9473684210526315,1.0,1.0,1.0,0.9473684210526315,1.0,0.9736842105263158,0.9473684210526315,1.0,1.0,0.6578947368421053,0.6578947368421053,0.6578947368421053,0.6578947368421053,0.6578947368421053
3412.0,9,9,1.0,9,1.0,9,1.0,9,1.0,1.0,1.0,1.0,1.0,1.0,1.0,1.0,1.0,1.0,1.0,1.0,1.0,1.0,1.0,1.0,1.0,1.0,1.0,1.0,1.0,1.0,1.0,1.0,1.0,1.0,1.0,1.0,1.0,1.0,1.0,1.0
3420.0,142,122,0.8591549295774648,122,0.8591549295774648,90,0.6338028169014085,68,0.4788732394366197,0.971830985915493,0.7535211267605634,0.9647887323943662,0.7464788732394366,0.9436619718309859,0.7253521126760564,0.9225352112676056,0.704225352112676,0.676056338028169,0.5211267605633803,0.9366197183098591,0.7112676056338029,0.9647887323943662,0.7394366197183099,0.9647887323943662,0.9225352112676056,0.9507042253521126,0.9084507042253521,0.9577464788732394,0.9084507042253521,0.9225352112676056,0.7394366197183099,0.6901408450704225,0.7183098591549296,0.6830985915492958,0.7323943661971831,0.676056338028169,0.6267605633802817,0.6549295774647887,0.676056338028169,0.5070422535211268
3430.0,31,25,0.8064516129032258,25,0.8064516129032258,22,0.7096774193548387,17,0.5483870967741935,0.9032258064516129,0.8387096774193549,0.9032258064516129,0.8387096774193549,0.8387096774193549,0.7419354838709677,0.8709677419354839,0.8387096774193549,0.6129032258064516,0.5483870967741935,0.9032258064516129,0.7741935483870968,0.9032258064516129,0.7741935483870968,0.9032258064516129,0.8709677419354839,0.8709677419354839,0.8387096774193549,0.9032258064516129,0.8387096774193549,0.8709677419354839,0.8064516129032258,0.7419354838709677,0.7419354838709677,0.7419354838709677,0.8064516129032258,0.6129032258064516,0.6129032258064516,0.6129032258064516,0.6129032258064516,0.5483870967741935
3433.0,46,35,0.7608695652173914,35,0.7608695652173914,33,0.717391304347826,28,0.6086956521739131,0.782608695652174,0.782608695652174,0.782608695652174,0.782608695652174,0.782608695652174,0.782608695652174,0.782608695652174,0.782608695652174,0.6956521739130435,0.6739130434782609,0.782608695652174,0.7391304347826086,0.7608695652173914,0.717391304347826,0.782608695652174,0.782608695652174,0.7608695652173914,0.782608695652174,0.782608695652174,0.782608695652174,0.7608695652173914,0.782608695652174,0.7391304347826086,0.717391304347826,0.782608695652174,0.782608695652174,0.6956521739130435,0.6304347826086957,0.6086956521739131,0.6956521739130435,0.6304347826086957
3440.0,83,67,0.8072289156626506,67,0.8072289156626506,55,0.6626506024096386,43,0.5180722891566265,0.963855421686747,0.8433734939759037,0.963855421686747,0.8433734939759037,0.9036144578313253,0.7831325301204819,0.9036144578313253,0.7831325301204819,0.6626506024096386,0.5783132530120482,0.8674698795180723,0.7228915662650602,0.9397590361445783,0.7951807228915663,0.963855421686747,0.8674698795180723,0.9397590361445783,0.9036144578313253,0.963855421686747,0.9036144578313253,0.8674698795180723,0.8433734939759037,0.7228915662650602,0.7951807228915663,0.7831325301204819,0.8433734939759037,0.6626506024096386,0.5903614457831325,0.6626506024096386,0.6626506024096386,0.5783132530120482
3442.0,35,30,0.8571428571428571,30,0.8571428571428571,20,0.5714285714285714,14,0.4,0.9428571428571428,0.6285714285714286,0.9428571428571428,0.6285714285714286,0.9142857142857143,0.6,0.9142857142857143,0.6,0.6285714285714286,0.42857142857142855,0.9142857142857143,0.6285714285714286,0.9142857142857143,0.6285714285714286,0.9428571428571428,0.9142857142857143,0.9142857142857143,0.8857142857142857,0.9428571428571428,0.8857142857142857,0.9142857142857143,0.6285714285714286,0.6285714285714286,0.6285714285714286,0.5714285714285714,0.6285714285714286,0.6285714285714286,0.6285714285714286,0.6285714285714286,0.6285714285714286,0.4
3443.0,46,36,0.782608695652174,36,0.782608695652174,36,0.782608695652174,29,0.6304347826086957,0.9782608695652174,0.9782608695652174,0.9782608695652174,0.9782608695652174,0.782608695652174,0.782608695652174,0.782608695652174,0.782608695652174,0.6304347826086957,0.6304347826086957,0.9782608695652174,0.9782608695652174,0.9782608695652174,0.9782608695652174,0.9782608695652174,0.9782608695652174,0.9782608695652174,0.782608695652174,0.9782608695652174,0.782608695652174,0.9782608695652174,0.9782608695652174,0.9782608695652174,0.9782608695652174,0.782608695652174,0.9782608695652174,0.6304347826086957,0.6304347826086957,0.6304347826086957,0.6304347826086957,0.6304347826086957
3444.0,9,5,0.5555555555555556,5,0.5555555555555556,5,0.5555555555555556,2,0.2222222222222222,0.8888888888888888,0.8888888888888888,0.8888888888888888,0.8888888888888888,0.7777777777777778,0.7777777777777778,0.5555555555555556,0.5555555555555556,0.4444444444444444,0.4444444444444444,0.8888888888888888,0.8888888888888888,0.8888888888888888,0.8888888888888888,0.7777777777777778,0.7777777777777778,0.7777777777777778,0.5555555555555556,0.7777777777777778,0.5555555555555556,0.7777777777777778,0.7777777777777778,0.7777777777777778,0.7777777777777778,0.5555555555555556,0.7777777777777778,0.4444444444444444,0.2222222222222222,0.2222222222222222,0.3333333333333333,0.3333333333333333
3448.0,16,13,0.8125,13,0.8125,4,0.25,2,0.125,1.0,0.4375,1.0,0.4375,1.0,0.4375,1.0,0.4375,0.625,0.125,0.875,0.25,0.8125,0.25,1.0,0.875,0.8125,1.0,1.0,1.0,0.8125,0.4375,0.25,0.25,0.4375,0.4375,0.625,0.625,0.625,0.625,0.125
3452.0,5,5,1.0,5,1.0,5,1.0,5,1.0,1.0,1.0,1.0,1.0,1.0,1.0,1.0,1.0,1.0,1.0,1.0,1.0,1.0,1.0,1.0,1.0,1.0,1.0,1.0,1.0,1.0,1.0,1.0,1.0,1.0,1.0,1.0,1.0,1.0,1.0,1.0
3460.0,61,60,0.9836065573770492,60,0.9836065573770492,60,0.9836065573770492,57,0.9344262295081968,0.9836065573770492,0.9836065573770492,0.9836065573770492,0.9836065573770492,0.9836065573770492,0.9836065573770492,0.9836065573770492,0.9836065573770492,0.9344262295081968,0.9344262295081968,0.9836065573770492,0.9836065573770492,0.9836065573770492,0.9836065573770492,0.9836065573770492,0.9836065573770492,0.9836065573770492,0.9836065573770492,0.9836065573770492,0.9836065573770492,0.9836065573770492,0.9836065573770492,0.9836065573770492,0.9836065573770492,0.9836065573770492,0.9836065573770492,0.9344262295081968,0.9344262295081968,0.9344262295081968,0.9344262295081968,0.9344262295081968
3470.0,50,40,0.8,40,0.8,39,0.78,23,0.46,0.9,0.86,0.88,0.84,0.9,0.86,0.86,0.82,0.48,0.46,0.84,0.82,0.86,0.82,0.9,0.84,0.86,0.86,0.88,0.86,0.84,0.86,0.82,0.82,0.82,0.84,0.48,0.46,0.48,0.48,0.46
3480.0,79,65,0.8227848101265823,65,0.8227848101265823,64,0.810126582278481,43,0.5443037974683544,0.9493670886075949,0.9367088607594937,0.9493670886075949,0.9367088607594937,0.9493670886075949,0.9367088607594937,0.9493670886075949,0.9367088607594937,0.6708860759493671,0.6708860759493671,0.8227848101265823,0.810126582278481,0.9367088607594937,0.9240506329113924,0.9493670886075949,0.8227848101265823,0.9367088607594937,0.9493670886075949,0.9493670886075949,0.9493670886075949,0.8227848101265823,0.9367088607594937,0.810126582278481,0.9240506329113924,0.9367088607594937,0.9367088607594937,0.6708860759493671,0.5569620253164557,0.6708860759493671,0.6708860759493671,0.6582278481012658
3490.0,115,102,0.8869565217391304,102,0.8869565217391304,93,0.808695652173913,87,0.7565217391304347,0.9304347826086956,0.8434782608695652,0.9304347826086956,0.8434782608695652,0.9304347826086956,0.8434782608695652,0.9217391304347826,0.8347826086956521,0.8521739130434782,0.782608695652174,0.8956521739130435,0.8173913043478261,0.9217391304347826,0.8434782608695652,0.9304347826086956,0.8956521739130435,0.9217391304347826,0.9217391304347826,0.9304347826086956,0.9217391304347826,0.8956521739130435,0.8434782608695652,0.8173913043478261,0.8434782608695652,0.8347826086956521,0.8434782608695652,0.8521739130434782,0.8260869565217391,0.8521739130434782,0.8521739130434782,0.782608695652174
3510.0,152,124,0.8157894736842105,124,0.8157894736842105,115,0.756578947368421,83,0.5460526315789473,0.9078947368421053,0.8421052631578947,0.9144736842105263,0.8552631578947368,0.875,0.8092105263157895,0.9144736842105263,0.8552631578947368,0.6052631578947368,0.5657894736842105,0.8552631578947368,0.8026315789473685,0.881578947368421,0.8223684210526315,0.9078947368421053,0.8486842105263158,0.875,0.875,0.9078947368421053,0.875,0.8486842105263158,0.8421052631578947,0.7894736842105263,0.8092105263157895,0.8092105263157895,0.8421052631578947,0.6052631578947368,0.5789473684210527,0.6052631578947368,0.6052631578947368,0.5657894736842105
3523.0,76,56,0.7368421052631579,56,0.7368421052631579,55,0.7236842105263158,40,0.5263157894736842,0.9342105263157895,0.868421052631579,0.9342105263157895,0.868421052631579,0.7368421052631579,0.7368421052631579,0.7763157894736842,0.7763157894736842,0.5657894736842105,0.5657894736842105,0.9342105263157895,0.868421052631579,0.9342105263157895,0.868421052631579,0.8947368421052632,0.8947368421052632,0.8947368421052632,0.7368421052631579,0.8947368421052632,0.7368421052631579,0.8947368421052632,0.8157894736842105,0.8157894736842105,0.8157894736842105,0.7236842105263158,0.8157894736842105,0.5657894736842105,0.5263157894736842,0.5263157894736842,0.5657894736842105,0.5263157894736842
3524.0,14,3,0.21428571428571427,3,0.21428571428571427,3,0.21428571428571427,3,0.21428571428571427,1.0,1.0,1.0,1.0,0.8571428571428571,0.8571428571428571,0.8571428571428571,0.8571428571428571,0.9285714285714286,0.9285714285714286,0.35714285714285715,0.35714285714285715,1.0,1.0,0.8571428571428571,0.21428571428571427,0.8571428571428571,0.8571428571428571,0.8571428571428571,0.8571428571428571,0.21428571428571427,0.8571428571428571,0.21428571428571427,0.8571428571428571,0.8571428571428571,0.8571428571428571,0.9285714285714286,0.21428571428571427,0.8571428571428571,0.8571428571428571,0.8571428571428571
3530.0,26,25,0.9615384615384616,25,0.9615384615384616,25,0.9615384615384616,18,0.6923076923076923,0.9615384615384616,0.9615384615384616,0.9615384615384616,0.9615384615384616,0.9615384615384616,0.9615384615384616,0.9615384615384616,0.9615384615384616,0.6923076923076923,0.6923076923076923,0.9615384615384616,0.9615384615384616,0.9615384615384616,0.9615384615384616,0.9615384615384616,0.9615384615384616,0.9615384615384616,0.9615384615384616,0.9615384615384616,0.9615384615384616,0.9615384615384616,0.9615384615384616,0.9615384615384616,0.9615384615384616,0.9615384615384616,0.9615384615384616,0.6923076923076923,0.6923076923076923,0.6923076923076923,0.6923076923076923,0.6923076923076923
3531.0,91,72,0.7912087912087912,72,0.7912087912087912,66,0.7252747252747253,56,0.6153846153846154,0.9340659340659341,0.9230769230769231,0.9230769230769231,0.9120879120879121,0.9230769230769231,0.9120879120879121,0.8791208791208791,0.8681318681318682,0.7032967032967034,0.6813186813186813,0.8681318681318682,0.8021978021978022,0.9340659340659341,0.9230769230769231,0.9230769230769231,0.8461538461538461,0.9120879120879121,0.8681318681318682,0.9120879120879121,0.8681318681318682,0.8461538461538461,0.9010989010989011,0.7692307692307693,0.8901098901098901,0.8571428571428571,0.8901098901098901,0.7032967032967034,0.6373626373626373,0.7032967032967034,0.7032967032967034,0.6813186813186813
3532.0,7,5,0.7142857142857143,5,0.7142857142857143,2,0.2857142857142857,2,0.2857142857142857,1.0,0.2857142857142857,1.0,0.2857142857142857,1.0,0.2857142857142857,0.8571428571428571,0.2857142857142857,0.8571428571428571,0.2857142857142857,0.8571428571428571,0.2857142857142857,0.8571428571428571,0.2857142857142857,1.0,0.8571428571428571,0.8571428571428571,0.8571428571428571,1.0,0.8571428571428571,0.8571428571428571,0.2857142857142857,0.2857142857142857,0.2857142857142857,0.2857142857142857,0.2857142857142857,0.8571428571428571,0.8571428571428571,0.8571428571428571,0.8571428571428571,0.2857142857142857
3533.0,197,182,0.9238578680203046,182,0.9238578680203046,175,0.8883248730964467,84,0.4263959390862944,0.949238578680203,0.9441624365482234,0.9441624365482234,0.9390862944162437,0.949238578680203,0.9441624365482234,0.9390862944162437,0.934010152284264,0.47715736040609136,0.4619289340101523,0.949238578680203,0.9137055837563451,0.9390862944162437,0.9035532994923858,0.949238578680203,0.9441624365482234,0.9390862944162437,0.934010152284264,0.9441624365482234,0.9390862944162437,0.9390862944162437,0.9441624365482234,0.9086294416243654,0.9035532994923858,0.9289340101522843,0.9390862944162437,0.47715736040609136,0.4416243654822335,0.4416243654822335,0.47715736040609136,0.43147208121827413
3537.0,33,30,0.9090909090909091,30,0.9090909090909091,30,0.9090909090909091,30,0.9090909090909091,0.9090909090909091,0.9090909090909091,0.9090909090909091,0.9090909090909091,0.9090909090909091,0.9090909090909091,0.9090909090909091,0.9090909090909091,0.9090909090909091,0.9090909090909091,0.9090909090909091,0.9090909090909091,0.9090909090909091,0.9090909090909091,0.9090909090909091,0.9090909090909091,0.9090909090909091,0.9090909090909091,0.9090909090909091,0.9090909090909091,0.9090909090909091,0.9090909090909091,0.9090909090909091,0.9090909090909091,0.9090909090909091,0.9090909090909091,0.9090909090909091,0.9090909090909091,0.9090909090909091,0.9090909090909091,0.9090909090909091
3540.0,76,70,0.9210526315789473,70,0.9210526315789473,64,0.8421052631578947,64,0.8421052631578947,0.9473684210526315,0.881578947368421,0.9473684210526315,0.881578947368421,0.9342105263157895,0.868421052631579,0.9473684210526315,0.881578947368421,0.9078947368421053,0.8421052631578947,0.9342105263157895,0.8421052631578947,0.9342105263157895,0.8552631578947368,0.9473684210526315,0.9342105263157895,0.9342105263157895,0.9342105263157895,0.9473684210526315,0.9342105263157895,0.9342105263157895,0.881578947368421,0.8421052631578947,0.8552631578947368,0.868421052631579,0.881578947368421,0.9078947368421053,0.9078947368421053,0.9078947368421053,0.9078947368421053,0.8421052631578947
3541.0,22,22,1.0,22,1.0,21,0.9545454545454546,19,0.8636363636363636,1.0,1.0,1.0,1.0,1.0,1.0,1.0,1.0,0.9090909090909091,0.8636363636363636,1.0,0.9545454545454546,1.0,0.9545454545454546,1.0,1.0,1.0,1.0,1.0,1.0,1.0,1.0,0.9545454545454546,0.9545454545454546,1.0,1.0,0.9090909090909091,0.9090909090909091,0.9090909090909091,0.9090909090909091,0.8636363636363636
3550.0,61,58,0.9508196721311475,58,0.9508196721311475,49,0.8032786885245902,39,0.639344262295082,0.9672131147540983,0.8032786885245902,0.9672131147540983,0.8032786885245902,0.9672131147540983,0.8032786885245902,0.9672131147540983,0.8032786885245902,0.7868852459016393,0.6557377049180327,0.9508196721311475,0.8032786885245902,0.9508196721311475,0.8032786885245902,0.9672131147540983,0.9508196721311475,0.9508196721311475,0.9672131147540983,0.9672131147540983,0.9672131147540983,0.9508196721311475,0.8032786885245902,0.8032786885245902,0.8032786885245902,0.8032786885245902,0.8032786885245902,0.7868852459016393,0.7868852459016393,0.7868852459016393,0.7868852459016393,0.6557377049180327
3555.0,11,8,0.7272727272727273,8,0.7272727272727273,8,0.7272727272727273,8,0.7272727272727273,0.7272727272727273,0.7272727272727273,0.7272727272727273,0.7272727272727273,0.7272727272727273,0.7272727272727273,0.7272727272727273,0.7272727272727273,0.7272727272727273,0.7272727272727273,0.7272727272727273,0.7272727272727273,0.7272727272727273,0.7272727272727273,0.7272727272727273,0.7272727272727273,0.7272727272727273,0.7272727272727273,0.7272727272727273,0.7272727272727273,0.7272727272727273,0.7272727272727273,0.7272727272727273,0.7272727272727273,0.7272727272727273,0.7272727272727273,0.7272727272727273,0.7272727272727273,0.7272727272727273,0.7272727272727273,0.7272727272727273
3559.0,232,200,0.8620689655172413,200,0.8620689655172413,181,0.7801724137931034,119,0.5129310344827587,0.9439655172413793,0.8577586206896551,0.9396551724137931,0.853448275862069,0.9439655172413793,0.8577586206896551,0.9353448275862069,0.8491379310344828,0.625,0.5689655172413793,0.8793103448275862,0.8017241379310345,0.9267241379310345,0.8491379310344828,0.9396551724137931,0.875,0.9224137931034483,0.9353448275862069,0.9353448275862069,0.9310344827586207,0.875,0.8491379310344828,0.7931034482758621,0.8405172413793104,0.8448275862068966,0.8448275862068966,0.625,0.5689655172413793,0.6163793103448276,0.6206896551724138,0.5603448275862069
3560.0,87,75,0.8620689655172413,75,0.8620689655172413,65,0.7471264367816092,56,0.6436781609195402,0.9080459770114943,0.8275862068965517,0.9080459770114943,0.8275862068965517,0.9080459770114943,0.8275862068965517,0.9080459770114943,0.8275862068965517,0.7471264367816092,0.6436781609195402,0.8620689655172413,0.7586206896551724,0.8620689655172413,0.7471264367816092,0.9080459770114943,0.8620689655172413,0.8620689655172413,0.9080459770114943,0.9080459770114943,0.9080459770114943,0.8620689655172413,0.8275862068965517,0.7586206896551724,0.7471264367816092,0.8275862068965517,0.8275862068965517,0.7471264367816092,0.7471264367816092,0.7471264367816092,0.7471264367816092,0.6436781609195402
3561.0,97,85,0.8762886597938144,85,0.8762886597938144,80,0.8247422680412371,78,0.8041237113402062,0.9690721649484536,0.865979381443299,0.9690721649484536,0.865979381443299,0.9690721649484536,0.865979381443299,0.9690721649484536,0.865979381443299,0.9484536082474226,0.845360824742268,0.8762886597938144,0.8247422680412371,0.9690721649484536,0.865979381443299,0.9690721649484536,0.8762886597938144,0.9690721649484536,0.9690721649484536,0.9690721649484536,0.9690721649484536,0.8762886597938144,0.865979381443299,0.8247422680412371,0.865979381443299,0.865979381443299,0.865979381443299,0.9484536082474226,0.8556701030927835,0.9484536082474226,0.9484536082474226,0.845360824742268
3562.0,36,36,1.0,36,1.0,22,0.6111111111111112,23,0.6388888888888888,1.0,0.75,1.0,0.75,1.0,0.75,1.0,0.75,0.8611111111111112,0.6388888888888888,1.0,0.6111111111111112,1.0,0.75,1.0,1.0,1.0,1.0,1.0,1.0,1.0,0.75,0.6111111111111112,0.75,0.75,0.75,0.8611111111111112,0.8611111111111112,0.8611111111111112,0.8611111111111112,0.6388888888888888
3564.0,79,63,0.7974683544303798,63,0.7974683544303798,60,0.759493670886076,53,0.6708860759493671,0.8354430379746836,0.7974683544303798,0.8354430379746836,0.7974683544303798,0.8354430379746836,0.7974683544303798,0.8354430379746836,0.7974683544303798,0.6835443037974683,0.6708860759493671,0.7974683544303798,0.759493670886076,0.7974683544303798,0.7721518987341772,0.8354430379746836,0.7974683544303798,0.7974683544303798,0.8354430379746836,0.8354430379746836,0.8354430379746836,0.7974683544303798,0.7974683544303798,0.759493670886076,0.7721518987341772,0.7974683544303798,0.7974683544303798,0.6835443037974683,0.6835443037974683,0.6835443037974683,0.6835443037974683,0.6708860759493671
3567.0,1,0,0.0,0,0.0,0,0.0,0,0.0,0.0,0.0,0.0,0.0,0.0,0.0,1.0,0.0,0.0,0.0,1.0,1.0,1.0,1.0,0.0,0.0,0.0,0.0,0.0,0.0,0.0,0.0,0.0,0.0,0.0,0.0,0.0,0.0,0.0,0.0,0.0
3569.0,102,87,0.8529411764705882,87,0.8529411764705882,81,0.7941176470588235,65,0.6372549019607843,0.9607843137254902,0.9019607843137255,0.9607843137254902,0.9019607843137255,0.9607843137254902,0.9019607843137255,0.9607843137254902,0.9117647058823529,0.7352941176470589,0.7058823529411765,0.9019607843137255,0.8431372549019608,0.8921568627450981,0.8333333333333334,0.8921568627450981,0.8627450980392157,0.8529411764705882,0.9607843137254902,0.8921568627450981,0.8921568627450981,0.8529411764705882,0.8333333333333334,0.7941176470588235,0.7941176470588235,0.8333333333333334,0.8333333333333334,0.7352941176470589,0.6666666666666666,0.6666666666666666,0.6666666666666666,0.6372549019607843
3570.0,62,51,0.8225806451612904,51,0.8225806451612904,49,0.7903225806451613,32,0.5161290322580645,0.8548387096774194,0.8225806451612904,0.8548387096774194,0.8225806451612904,0.8548387096774194,0.8225806451612904,0.8548387096774194,0.8225806451612904,0.5483870967741935,0.5161290322580645,0.8225806451612904,0.7903225806451613,0.8225806451612904,0.7903225806451613,0.8548387096774194,0.8225806451612904,0.8225806451612904,0.8548387096774194,0.8548387096774194,0.8548387096774194,0.8225806451612904,0.8225806451612904,0.7903225806451613,0.7903225806451613,0.8225806451612904,0.8225806451612904,0.5483870967741935,0.5483870967741935,0.5483870967741935,0.5483870967741935,0.5161290322580645
3571.0,109,99,0.908256880733945,99,0.908256880733945,80,0.7339449541284404,59,0.5412844036697247,0.926605504587156,0.7614678899082569,0.926605504587156,0.7614678899082569,0.926605504587156,0.7614678899082569,0.9174311926605505,0.7522935779816514,0.6605504587155964,0.5504587155963303,0.9174311926605505,0.7431192660550459,0.926605504587156,0.7522935779816514,0.926605504587156,0.9174311926605505,0.926605504587156,0.9174311926605505,0.926605504587156,0.9174311926605505,0.9174311926605505,0.7522935779816514,0.7339449541284404,0.7431192660550459,0.7522935779816514,0.7522935779816514,0.6605504587155964,0.6513761467889908,0.6605504587155964,0.6605504587155964,0.5504587155963303
3572.0,109,85,0.7798165137614679,85,0.7798165137614679,49,0.44954128440366975,30,0.27522935779816515,0.8623853211009175,0.5137614678899083,0.8623853211009175,0.5137614678899083,0.8348623853211009,0.48623853211009177,0.8256880733944955,0.47706422018348627,0.5412844036697247,0.27522935779816515,0.8165137614678899,0.48623853211009177,0.8073394495412844,0.46788990825688076,0.8623853211009175,0.8165137614678899,0.8073394495412844,0.8256880733944955,0.8623853211009175,0.8256880733944955,0.8073394495412844,0.5137614678899083,0.48623853211009177,0.46788990825688076,0.47706422018348627,0.5137614678899083,0.5412844036697247,0.5412844036697247,0.5412844036697247,0.5412844036697247,0.27522935779816515
3576.0,199,185,0.9296482412060302,185,0.9296482412060302,166,0.8341708542713567,93,0.46733668341708545,0.9547738693467337,0.8693467336683417,0.9597989949748744,0.8743718592964824,0.9447236180904522,0.8592964824120602,0.949748743718593,0.864321608040201,0.542713567839196,0.4824120603015075,0.9447236180904522,0.8542713567839196,0.9547738693467337,0.864321608040201,0.9547738693467337,0.9396984924623115,0.949748743718593,0.9447236180904522,0.9547738693467337,0.9447236180904522,0.9396984924623115,0.864321608040201,0.8442211055276382,0.8542713567839196,0.8542713567839196,0.864321608040201,0.542713567839196,0.5276381909547738,0.5376884422110553,0.542713567839196,0.4824120603015075
3577.0,204,169,0.8284313725490197,169,0.8284313725490197,162,0.7941176470588235,114,0.5588235294117647,0.9264705882352942,0.8921568627450981,0.9264705882352942,0.8921568627450981,0.9264705882352942,0.8921568627450981,0.9117647058823529,0.8774509803921569,0.6568627450980392,0.6176470588235294,0.8431372549019608,0.8088235294117647,0.9166666666666666,0.8823529411764706,0.9264705882352942,0.8431372549019608,0.9166666666666666,0.9117647058823529,0.9264705882352942,0.9117647058823529,0.8431372549019608,0.8921568627450981,0.8088235294117647,0.8823529411764706,0.8774509803921569,0.8921568627450981,0.6568627450980392,0.5980392156862745,0.6568627450980392,0.6568627450980392,0.6176470588235294
3578.0,59,53,0.8983050847457628,53,0.8983050847457628,53,0.8983050847457628,34,0.576271186440678,0.9152542372881356,0.9152542372881356,0.9152542372881356,0.9152542372881356,0.9152542372881356,0.9152542372881356,0.8983050847457628,0.8983050847457628,0.5932203389830508,0.5932203389830508,0.9152542372881356,0.9152542372881356,0.9152542372881356,0.9152542372881356,0.9152542372881356,0.9152542372881356,0.9152542372881356,0.8983050847457628,0.9152542372881356,0.8983050847457628,0.9152542372881356,0.9152542372881356,0.9152542372881356,0.9152542372881356,0.8983050847457628,0.9152542372881356,0.5932203389830508,0.576271186440678,0.576271186440678,0.5932203389830508,0.576271186440678
3579.0,12,12,1.0,12,1.0,12,1.0,4,0.3333333333333333,1.0,1.0,1.0,1.0,1.0,1.0,1.0,1.0,0.3333333333333333,0.3333333333333333,1.0,1.0,1.0,1.0,1.0,1.0,1.0,1.0,1.0,1.0,1.0,1.0,1.0,1.0,1.0,1.0,0.3333333333333333,0.3333333333333333,0.3333333333333333,0.3333333333333333,0.3333333333333333
3580.0,81,67,0.8271604938271605,67,0.8271604938271605,54,0.6666666666666666,34,0.41975308641975306,0.8888888888888888,0.7407407407407407,0.8765432098765432,0.7160493827160493,0.8641975308641975,0.7037037037037037,0.8765432098765432,0.7283950617283951,0.5802469135802469,0.4691358024691358,0.8765432098765432,0.7407407407407407,0.8765432098765432,0.7407407407407407,0.8641975308641975,0.8518518518518519,0.8518518518518519,0.8518518518518519,0.8518518518518519,0.8518518518518519,0.8518518518518519,0.7160493827160493,0.7037037037037037,0.7037037037037037,0.691358024691358,0.691358024691358,0.5802469135802469,0.5555555555555556,0.5555555555555556,0.5802469135802469,0.43209876543209874
3585.0,81,60,0.7407407407407407,60,0.7407407407407407,59,0.7283950617283951,41,0.5061728395061729,0.9012345679012346,0.8765432098765432,0.9135802469135802,0.8888888888888888,0.9012345679012346,0.8765432098765432,0.7530864197530864,0.7407407407407407,0.5308641975308642,0.5185185185185185,0.9012345679012346,0.9012345679012346,0.9012345679012346,0.9012345679012346,0.8888888888888888,0.8765432098765432,0.8765432098765432,0.7530864197530864,0.8888888888888888,0.7530864197530864,0.8765432098765432,0.8518518518518519,0.8518518518518519,0.8518518518518519,0.7283950617283951,0.8518518518518519,0.5308641975308642,0.5308641975308642,0.5308641975308642,0.5308641975308642,0.5185185185185185
3590.0,98,94,0.9591836734693877,94,0.9591836734693877,82,0.8367346938775511,45,0.45918367346938777,0.9693877551020408,0.8673469387755102,0.9693877551020408,0.8673469387755102,0.9693877551020408,0.8673469387755102,0.9591836734693877,0.8571428571428571,0.5816326530612245,0.46938775510204084,0.9693877551020408,0.8673469387755102,0.9693877551020408,0.8571428571428571,0.9693877551020408,0.9693877551020408,0.9693877551020408,0.9591836734693877,0.9693877551020408,0.9591836734693877,0.9693877551020408,0.8571428571428571,0.8571428571428571,0.8469387755102041,0.8469387755102041,0.8571428571428571,0.5816326530612245,0.5714285714285714,0.5714285714285714,0.5816326530612245,0.45918367346938777
3600.0,37,25,0.6756756756756757,25,0.6756756756756757,24,0.6486486486486487,16,0.43243243243243246,0.9459459459459459,0.918918918918919,0.9459459459459459,0.918918918918919,0.7297297297297297,0.7027027027027027,0.7027027027027027,0.6756756756756757,0.4594594594594595,0.43243243243243246,0.918918918918919,0.8918918918918919,0.918918918918919,0.8918918918918919,0.9459459459459459,0.918918918918919,0.918918918918919,0.7027027027027027,0.9459459459459459,0.7027027027027027,0.918918918918919,0.918918918918919,0.8918918918918919,0.8918918918918919,0.6756756756756757,0.918918918918919,0.4594594594594595,0.4594594594594595,0.4594594594594595,0.4594594594594595,0.43243243243243246
3612.0,33,24,0.7272727272727273,24,0.7272727272727273,24,0.7272727272727273,19,0.5757575757575758,0.7878787878787878,0.7878787878787878,0.8787878787878788,0.8787878787878788,0.7575757575757576,0.7575757575757576,0.7878787878787878,0.7878787878787878,0.5757575757575758,0.5757575757575758,0.9090909090909091,0.9090909090909091,0.9090909090909091,0.9090909090909091,0.7575757575757576,0.7575757575757576,0.7575757575757576,0.7272727272727273,0.7575757575757576,0.7272727272727273,0.7575757575757576,0.7575757575757576,0.7575757575757576,0.7575757575757576,0.7272727272727273,0.7575757575757576,0.5757575757575758,0.5757575757575758,0.5757575757575758,0.5757575757575758,0.5757575757575758
3613.0,25,21,0.84,21,0.84,13,0.52,7,0.28,0.92,0.56,0.92,0.56,0.92,0.56,0.88,0.52,0.6,0.28,0.88,0.56,0.88,0.56,0.92,0.88,0.88,0.88,0.92,0.88,0.88,0.56,0.56,0.56,0.52,0.56,0.6,0.6,0.6,0.6,0.28
3620.0,110,102,0.9272727272727272,102,0.9272727272727272,96,0.8727272727272727,74,0.6727272727272727,0.9545454545454546,0.9454545454545454,0.9545454545454546,0.9454545454545454,0.9545454545454546,0.9454545454545454,0.9545454545454546,0.9454545454545454,0.7181818181818181,0.6909090909090909,0.9272727272727272,0.8727272727272727,0.9454545454545454,0.9272727272727272,0.9545454545454546,0.9272727272727272,0.9454545454545454,0.9545454545454546,0.9545454545454546,0.9545454545454546,0.9272727272727272,0.9454545454545454,0.8727272727272727,0.9272727272727272,0.9454545454545454,0.9454545454545454,0.7181818181818181,0.7,0.7181818181818181,0.7181818181818181,0.6818181818181818
3621.0,95,87,0.9157894736842105,87,0.9157894736842105,73,0.7684210526315789,59,0.6210526315789474,0.9789473684210527,0.8210526315789474,0.9789473684210527,0.8210526315789474,0.9789473684210527,0.8210526315789474,0.9578947368421052,0.8105263157894737,0.8,0.6526315789473685,0.9578947368421052,0.8105263157894737,0.9368421052631579,0.7894736842105263,0.9578947368421052,0.9368421052631579,0.9263157894736842,0.9578947368421052,0.9578947368421052,0.9368421052631579,0.9263157894736842,0.7894736842105263,0.7789473684210526,0.7684210526315789,0.7789473684210526,0.7894736842105263,0.8,0.7894736842105263,0.7789473684210526,0.8,0.631578947368421
3630.0,72,61,0.8472222222222222,61,0.8472222222222222,52,0.7222222222222222,45,0.625,0.8888888888888888,0.75,0.8888888888888888,0.75,0.8888888888888888,0.75,0.8888888888888888,0.75,0.7777777777777778,0.6388888888888888,0.875,0.75,0.8472222222222222,0.7222222222222222,0.8888888888888888,0.875,0.8472222222222222,0.8888888888888888,0.8888888888888888,0.8888888888888888,0.8472222222222222,0.75,0.75,0.7222222222222222,0.75,0.75,0.7777777777777778,0.7638888888888888,0.7638888888888888,0.7777777777777778,0.625
3634.0,34,24,0.7058823529411765,24,0.7058823529411765,23,0.6764705882352942,12,0.35294117647058826,0.8823529411764706,0.8235294117647058,0.8823529411764706,0.8235294117647058,0.8529411764705882,0.8235294117647058,0.8529411764705882,0.8235294117647058,0.38235294117647056,0.35294117647058826,0.7058823529411765,0.6764705882352942,0.8235294117647058,0.7647058823529411,0.8823529411764706,0.7058823529411765,0.8235294117647058,0.8529411764705882,0.8823529411764706,0.8529411764705882,0.7058823529411765,0.8235294117647058,0.6764705882352942,0.7647058823529411,0.8235294117647058,0.8235294117647058,0.38235294117647056,0.38235294117647056,0.38235294117647056,0.38235294117647056,0.35294117647058826
3640.0,179,149,0.8324022346368715,149,0.8324022346368715,141,0.7877094972067039,107,0.5977653631284916,0.8994413407821229,0.8659217877094972,0.9162011173184358,0.88268156424581,0.8770949720670391,0.8435754189944135,0.8938547486033519,0.8603351955307262,0.6536312849162011,0.6256983240223464,0.88268156424581,0.8324022346368715,0.8715083798882681,0.8212290502793296,0.888268156424581,0.8547486033519553,0.8547486033519553,0.8770949720670391,0.888268156424581,0.8659217877094972,0.8547486033519553,0.8547486033519553,0.8044692737430168,0.8044692737430168,0.8324022346368715,0.8547486033519553,0.6536312849162011,0.6368715083798883,0.6368715083798883,0.6368715083798883,0.6033519553072626
3651.0,110,77,0.7,77,0.7,71,0.6454545454545455,52,0.4727272727272727,0.9363636363636364,0.8727272727272727,0.9363636363636364,0.8727272727272727,0.8818181818181818,0.8181818181818182,0.8909090909090909,0.8272727272727273,0.6636363636363637,0.6181818181818182,0.8818181818181818,0.8181818181818182,0.8181818181818182,0.7545454545454545,0.9090909090909091,0.8545454545454545,0.8,0.8454545454545455,0.9090909090909091,0.8363636363636363,0.7727272727272727,0.8454545454545455,0.7909090909090909,0.7363636363636363,0.7727272727272727,0.8454545454545455,0.6636363636363637,0.6,0.5454545454545454,0.6454545454545455,0.5818181818181818
3652.0,34,19,0.5588235294117647,19,0.5588235294117647,15,0.4411764705882353,11,0.3235294117647059,0.7352941176470589,0.6764705882352942,0.7941176470588235,0.7647058823529411,0.6470588235294118,0.5882352941176471,0.7941176470588235,0.7352941176470589,0.4411764705882353,0.38235294117647056,0.7941176470588235,0.7058823529411765,0.7058823529411765,0.6176470588235294,0.7058823529411765,0.6764705882352942,0.6176470588235294,0.6176470588235294,0.7058823529411765,0.6176470588235294,0.6176470588235294,0.6176470588235294,0.5294117647058824,0.47058823529411764,0.5588235294117647,0.6176470588235294,0.4411764705882353,0.38235294117647056,0.38235294117647056,0.4117647058823529,0.3235294117647059
3661.0,263,219,0.8326996197718631,219,0.8326996197718631,188,0.714828897338403,161,0.6121673003802282,0.9011406844106464,0.7718631178707225,0.9011406844106464,0.7718631178707225,0.8859315589353612,0.7566539923954373,0.8669201520912547,0.7376425855513308,0.7300380228136882,0.6615969581749049,0.8821292775665399,0.7642585551330798,0.8821292775665399,0.7642585551330798,0.9011406844106464,0.8783269961977186,0.8821292775665399,0.8555133079847909,0.9011406844106464,0.8555133079847909,0.8783269961977186,0.7718631178707225,0.7604562737642585,0.7642585551330798,0.7262357414448669,0.7718631178707225,0.7300380228136882,0.688212927756654,0.6920152091254753,0.7300380228136882,0.623574144486692
3663.0,465,408,0.8774193548387097,408,0.8774193548387097,362,0.7784946236559139,240,0.5161290322580645,0.9376344086021505,0.8494623655913979,0.9376344086021505,0.8516129032258064,0.9096774193548387,0.8172043010752689,0.9096774193548387,0.8236559139784946,0.5978494623655914,0.5204301075268817,0.9204301075268817,0.8236559139784946,0.9204301075268817,0.8279569892473119,0.9225806451612903,0.9053763440860215,0.9053763440860215,0.896774193548387,0.9225806451612903,0.8946236559139785,0.9053763440860215,0.832258064516129,0.8064516129032258,0.8150537634408602,0.8021505376344086,0.832258064516129,0.5978494623655914,0.5935483870967742,0.5935483870967742,0.5978494623655914,0.5182795698924731
3669.0,350,282,0.8057142857142857,282,0.8057142857142857,258,0.7371428571428571,170,0.4857142857142857,0.8971428571428571,0.8485714285714285,0.8942857142857142,0.8485714285714285,0.86,0.8142857142857143,0.8828571428571429,0.8371428571428572,0.6057142857142858,0.5514285714285714,0.8628571428571429,0.7971428571428572,0.8685714285714285,0.8,0.8942857142857142,0.86,0.8657142857142858,0.8542857142857143,0.8914285714285715,0.8514285714285714,0.8428571428571429,0.8428571428571429,0.7914285714285715,0.7942857142857143,0.8057142857142857,0.8428571428571429,0.6057142857142858,0.5571428571428572,0.5657142857142857,0.6028571428571429,0.5114285714285715
3670.0,180,151,0.8388888888888889,151,0.8388888888888889,139,0.7722222222222223,134,0.7444444444444445,0.9444444444444444,0.8888888888888888,0.9444444444444444,0.8888888888888888,0.9388888888888889,0.8833333333333333,0.9388888888888889,0.8888888888888888,0.8444444444444444,0.7944444444444444,0.8722222222222222,0.8111111111111111,0.9222222222222223,0.8611111111111112,0.9444444444444444,0.8666666666666667,0.9166666666666666,0.9277777777777778,0.9444444444444444,0.9277777777777778,0.8555555555555555,0.8888888888888888,0.8,0.85,0.8722222222222222,0.8888888888888888,0.8444444444444444,0.8055555555555556,0.8333333333333334,0.8444444444444444,0.7944444444444444
3672.0,166,158,0.9518072289156626,158,0.9518072289156626,112,0.6746987951807228,106,0.6385542168674698,0.9698795180722891,0.6807228915662651,0.9698795180722891,0.6807228915662651,0.9698795180722891,0.6807228915662651,0.9698795180722891,0.6807228915662651,0.9096385542168675,0.6385542168674698,0.9518072289156626,0.6746987951807228,0.9518072289156626,0.6807228915662651,0.9698795180722891,0.9518072289156626,0.9518072289156626,0.9698795180722891,0.9698795180722891,0.9698795180722891,0.9518072289156626,0.6807228915662651,0.6746987951807228,0.6807228915662651,0.6807228915662651,0.6807228915662651,0.9096385542168675,0.9096385542168675,0.9096385542168675,0.9096385542168675,0.6385542168674698
3674.0,1235,1090,0.8825910931174089,1090,0.8825910931174089,766,0.620242914979757,586,0.4744939271255061,0.9506072874493927,0.6785425101214575,0.9506072874493927,0.6785425101214575,0.940080971659919,0.6680161943319838,0.9360323886639677,0.6647773279352227,0.7263157894736842,0.5044534412955466,0.8931174089068826,0.6299595141700405,0.9222672064777327,0.6534412955465587,0.9417004048582996,0.8898785425101214,0.9206477732793522,0.9352226720647774,0.9417004048582996,0.934412955465587,0.8882591093117409,0.668825910931174,0.6267206477732794,0.6510121457489878,0.6639676113360324,0.668825910931174,0.7263157894736842,0.6947368421052632,0.7222672064777328,0.7263157894736842,0.5012145748987854
3677.0,22,21,0.9545454545454546,21,0.9545454545454546,21,0.9545454545454546,21,0.9545454545454546,0.9545454545454546,0.9545454545454546,0.9545454545454546,0.9545454545454546,0.9545454545454546,0.9545454545454546,0.9545454545454546,0.9545454545454546,0.9545454545454546,0.9545454545454546,0.9545454545454546,0.9545454545454546,0.9545454545454546,0.9545454545454546,0.9545454545454546,0.9545454545454546,0.9545454545454546,0.9545454545454546,0.9545454545454546,0.9545454545454546,0.9545454545454546,0.9545454545454546,0.9545454545454546,0.9545454545454546,0.9545454545454546,0.9545454545454546,0.9545454545454546,0.9545454545454546,0.9545454545454546,0.9545454545454546,0.9545454545454546
3678.0,50,47,0.94,47,0.94,32,0.64,31,0.62,0.96,0.64,0.96,0.64,0.96,0.64,0.96,0.64,0.82,0.62,0.94,0.64,0.94,0.64,0.96,0.94,0.94,0.96,0.96,0.96,0.94,0.64,0.64,0.64,0.64,0.64,0.82,0.82,0.82,0.82,0.62
3679.0,213,186,0.8732394366197183,186,0.8732394366197183,166,0.7793427230046949,143,0.6713615023474179,0.9014084507042254,0.8169014084507042,0.8967136150234741,0.812206572769953,0.892018779342723,0.8075117370892019,0.9014084507042254,0.8169014084507042,0.7652582159624414,0.6854460093896714,0.8873239436619719,0.7981220657276995,0.8873239436619719,0.7934272300469484,0.9014084507042254,0.8873239436619719,0.8873239436619719,0.892018779342723,0.8967136150234741,0.892018779342723,0.8873239436619719,0.8169014084507042,0.7981220657276995,0.7934272300469484,0.8075117370892019,0.812206572769953,0.7652582159624414,0.755868544600939,0.755868544600939,0.7652582159624414,0.676056338028169
3690.0,328,271,0.8262195121951219,271,0.8262195121951219,245,0.7469512195121951,184,0.5609756097560976,0.8932926829268293,0.8262195121951219,0.8932926829268293,0.8262195121951219,0.8597560975609756,0.7926829268292683,0.8658536585365854,0.7987804878048781,0.6585365853658537,0.5853658536585366,0.8658536585365854,0.7865853658536586,0.8658536585365854,0.7865853658536586,0.8932926829268293,0.8658536585365854,0.8658536585365854,0.8536585365853658,0.8932926829268293,0.8536585365853658,0.8628048780487805,0.8262195121951219,0.7835365853658537,0.7835365853658537,0.7865853658536586,0.8262195121951219,0.6585365853658537,0.6432926829268293,0.6432926829268293,0.6585365853658537,0.5701219512195121
3695.0,22,19,0.8636363636363636,19,0.8636363636363636,18,0.8181818181818182,11,0.5,0.9090909090909091,0.8636363636363636,0.9090909090909091,0.8636363636363636,0.9090909090909091,0.8636363636363636,0.9090909090909091,0.8636363636363636,0.5454545454545454,0.5,0.8636363636363636,0.8181818181818182,0.8636363636363636,0.8181818181818182,0.9090909090909091,0.8636363636363636,0.8636363636363636,0.9090909090909091,0.9090909090909091,0.9090909090909091,0.8636363636363636,0.8636363636363636,0.8181818181818182,0.8181818181818182,0.8636363636363636,0.8636363636363636,0.5454545454545454,0.5454545454545454,0.5454545454545454,0.5454545454545454,0.5
3711.0,204,162,0.7941176470588235,162,0.7941176470588235,156,0.7647058823529411,96,0.47058823529411764,0.9656862745098039,0.9166666666666666,0.946078431372549,0.8970588235294118,0.8627450980392157,0.8137254901960784,0.8480392156862745,0.803921568627451,0.5196078431372549,0.5049019607843137,0.9166666666666666,0.8823529411764706,0.9264705882352942,0.8921568627450981,0.9656862745098039,0.9166666666666666,0.9264705882352942,0.8480392156862745,0.946078431372549,0.8480392156862745,0.9117647058823529,0.9166666666666666,0.8823529411764706,0.8921568627450981,0.803921568627451,0.8970588235294118,0.5196078431372549,0.5147058823529411,0.5147058823529411,0.5196078431372549,0.4803921568627451
3713.0,33,25,0.7575757575757576,25,0.7575757575757576,18,0.5454545454545454,14,0.42424242424242425,1.0,0.6666666666666666,1.0,0.6666666666666666,1.0,0.6666666666666666,1.0,0.6666666666666666,0.8484848484848485,0.5454545454545454,0.7575757575757576,0.5454545454545454,0.9696969696969697,0.6363636363636364,1.0,0.7575757575757576,0.9696969696969697,1.0,1.0,1.0,0.7575757575757576,0.6666666666666666,0.5454545454545454,0.6363636363636364,0.6666666666666666,0.6666666666666666,0.8484848484848485,0.6363636363636364,0.8484848484848485,0.8484848484848485,0.5151515151515151
3714.0,559,472,0.8443649373881932,472,0.8443649373881932,435,0.778175313059034,310,0.554561717352415,0.9141323792486583,0.8586762075134168,0.9194991055456172,0.8658318425760286,0.8855098389982111,0.8318425760286225,0.8944543828264758,0.8389982110912343,0.6332737030411449,0.5724508050089445,0.9069767441860465,0.8389982110912343,0.8837209302325582,0.815742397137746,0.9016100178890877,0.889087656529517,0.8694096601073346,0.8801431127012522,0.9016100178890877,0.8747763864042933,0.8694096601073346,0.8461538461538461,0.8193202146690519,0.8014311270125224,0.8211091234347049,0.8461538461538461,0.6332737030411449,0.6261180679785331,0.6189624329159212,0.629695885509839,0.5617173524150268
3715.0,16,12,0.75,12,0.75,12,0.75,16,1.0,1.0,1.0,1.0,1.0,0.75,0.75,0.75,0.75,1.0,1.0,1.0,1.0,1.0,1.0,1.0,1.0,1.0,0.75,1.0,0.75,1.0,1.0,1.0,1.0,0.75,1.0,1.0,1.0,1.0,1.0,1.0
3716.0,24,22,0.9166666666666666,22,0.9166666666666666,14,0.5833333333333334,13,0.5416666666666666,0.9166666666666666,0.5833333333333334,0.9166666666666666,0.5833333333333334,0.9166666666666666,0.5833333333333334,0.9166666666666666,0.5833333333333334,0.875,0.5416666666666666,0.9166666666666666,0.5833333333333334,0.9166666666666666,0.5833333333333334,0.9166666666666666,0.9166666666666666,0.9166666666666666,0.9166666666666666,0.9166666666666666,0.9166666666666666,0.9166666666666666,0.5833333333333334,0.5833333333333334,0.5833333333333334,0.5833333333333334,0.5833333333333334,0.875,0.875,0.875,0.875,0.5416666666666666
3720.0,45,31,0.6888888888888889,31,0.6888888888888889,30,0.6666666666666666,28,0.6222222222222222,0.9777777777777777,0.7777777777777778,0.9777777777777777,0.7555555555555555,0.7111111111111111,0.6888888888888889,0.7111111111111111,0.6888888888888889,0.7333333333333333,0.6222222222222222,0.9555555555555556,0.7333333333333333,0.9555555555555556,0.7333333333333333,0.9777777777777777,0.9555555555555556,0.9555555555555556,0.7111111111111111,0.9777777777777777,0.7111111111111111,0.9555555555555556,0.7777777777777778,0.7333333333333333,0.7333333333333333,0.6888888888888889,0.7555555555555555,0.7333333333333333,0.7333333333333333,0.7333333333333333,0.7333333333333333,0.6222222222222222
3721.0,71,60,0.8450704225352113,60,0.8450704225352113,55,0.7746478873239436,23,0.323943661971831,0.9295774647887324,0.9154929577464789,0.9295774647887324,0.9154929577464789,0.9295774647887324,0.9154929577464789,0.9295774647887324,0.9154929577464789,0.4507042253521127,0.4084507042253521,0.8591549295774648,0.8028169014084507,0.9295774647887324,0.8732394366197183,0.9154929577464789,0.8450704225352113,0.9154929577464789,0.9154929577464789,0.9154929577464789,0.9154929577464789,0.8450704225352113,0.8873239436619719,0.7746478873239436,0.8450704225352113,0.8873239436619719,0.8873239436619719,0.4507042253521127,0.36619718309859156,0.43661971830985913,0.43661971830985913,0.39436619718309857
3724.0,42,39,0.9285714285714286,39,0.9285714285714286,39,0.9285714285714286,30,0.7142857142857143,0.9523809523809523,0.9285714285714286,0.9523809523809523,0.9285714285714286,0.9523809523809523,0.9285714285714286,0.9523809523809523,0.9285714285714286,0.7142857142857143,0.7142857142857143,0.9285714285714286,0.9285714285714286,0.9285714285714286,0.9285714285714286,0.9523809523809523,0.9285714285714286,0.9285714285714286,0.9523809523809523,0.9523809523809523,0.9523809523809523,0.9285714285714286,0.9285714285714286,0.9285714285714286,0.9285714285714286,0.9285714285714286,0.9285714285714286,0.7142857142857143,0.7142857142857143,0.7142857142857143,0.7142857142857143,0.7142857142857143
3728.0,112,104,0.9285714285714286,104,0.9285714285714286,99,0.8839285714285714,73,0.6517857142857143,0.9553571428571429,0.9107142857142857,0.9553571428571429,0.9107142857142857,0.9553571428571429,0.9107142857142857,0.9553571428571429,0.9107142857142857,0.7321428571428571,0.6607142857142857,0.9375,0.8839285714285714,0.9285714285714286,0.8839285714285714,0.9553571428571429,0.9375,0.9285714285714286,0.9553571428571429,0.9553571428571429,0.9553571428571429,0.9285714285714286,0.9017857142857143,0.8839285714285714,0.8839285714285714,0.9017857142857143,0.9017857142857143,0.7321428571428571,0.7142857142857143,0.7053571428571429,0.7321428571428571,0.6517857142857143
3730.0,71,62,0.8732394366197183,62,0.8732394366197183,60,0.8450704225352113,44,0.6197183098591549,0.9154929577464789,0.8873239436619719,0.9295774647887324,0.9014084507042254,0.9154929577464789,0.8873239436619719,0.9014084507042254,0.8873239436619719,0.6619718309859155,0.6197183098591549,0.9154929577464789,0.8591549295774648,0.9014084507042254,0.8591549295774648,0.9154929577464789,0.9014084507042254,0.8873239436619719,0.8873239436619719,0.9154929577464789,0.8873239436619719,0.8873239436619719,0.8873239436619719,0.8450704225352113,0.8450704225352113,0.8732394366197183,0.8873239436619719,0.6619718309859155,0.647887323943662,0.647887323943662,0.6619718309859155,0.6197183098591549
3743.0,55,30,0.5454545454545454,30,0.5454545454545454,30,0.5454545454545454,26,0.4727272727272727,0.9818181818181818,0.9818181818181818,0.9818181818181818,0.9818181818181818,0.5636363636363636,0.5636363636363636,0.5636363636363636,0.5636363636363636,0.4909090909090909,0.4909090909090909,0.9636363636363636,0.9636363636363636,0.9818181818181818,0.9818181818181818,0.9818181818181818,0.9636363636363636,0.9818181818181818,0.5636363636363636,0.9818181818181818,0.5636363636363636,0.9636363636363636,0.9818181818181818,0.9636363636363636,0.9818181818181818,0.5636363636363636,0.9818181818181818,0.4909090909090909,0.4727272727272727,0.4909090909090909,0.4909090909090909,0.4909090909090909
3751.0,93,78,0.8387096774193549,78,0.8387096774193549,72,0.7741935483870968,46,0.4946236559139785,0.946236559139785,0.8709677419354839,0.989247311827957,0.9354838709677419,0.8924731182795699,0.8387096774193549,0.9139784946236559,0.8602150537634409,0.6559139784946236,0.5698924731182796,0.978494623655914,0.8817204301075269,0.967741935483871,0.8709677419354839,0.946236559139785,0.9354838709677419,0.9247311827956989,0.8602150537634409,0.946236559139785,0.8602150537634409,0.9139784946236559,0.8709677419354839,0.8172043010752689,0.8064516129032258,0.8064516129032258,0.8709677419354839,0.6559139784946236,0.5806451612903226,0.5806451612903226,0.6559139784946236,0.4946236559139785
3760.0,55,53,0.9636363636363636,53,0.9636363636363636,41,0.7454545454545455,32,0.5818181818181818,0.9818181818181818,0.8,0.9818181818181818,0.8,0.9818181818181818,0.8,0.9818181818181818,0.8,0.7090909090909091,0.5818181818181818,0.9636363636363636,0.7454545454545455,0.9636363636363636,0.7454545454545455,0.9818181818181818,0.9636363636363636,0.9636363636363636,0.9818181818181818,0.9818181818181818,0.9818181818181818,0.9636363636363636,0.8,0.7454545454545455,0.7454545454545455,0.8,0.8,0.7090909090909091,0.7090909090909091,0.7090909090909091,0.7090909090909091,0.5818181818181818
3790.0,51,35,0.6862745098039216,35,0.6862745098039216,28,0.5490196078431373,19,0.37254901960784315,0.8823529411764706,0.803921568627451,0.9215686274509803,0.803921568627451,0.8235294117647058,0.7450980392156863,0.8431372549019608,0.7058823529411765,0.39215686274509803,0.37254901960784315,0.8431372549019608,0.7058823529411765,0.8235294117647058,0.6666666666666666,0.8823529411764706,0.8235294117647058,0.803921568627451,0.7450980392156863,0.8823529411764706,0.7450980392156863,0.803921568627451,0.803921568627451,0.7058823529411765,0.6666666666666666,0.6470588235294118,0.803921568627451,0.39215686274509803,0.39215686274509803,0.39215686274509803,0.39215686274509803,0.37254901960784315
3812.0,127,116,0.9133858267716536,116,0.9133858267716536,91,0.7165354330708661,61,0.48031496062992124,0.9291338582677166,0.7244094488188977,0.9291338582677166,0.7244094488188977,0.9291338582677166,0.7244094488188977,0.9291338582677166,0.7244094488188977,0.6377952755905512,0.48031496062992124,0.9133858267716536,0.7165354330708661,0.9133858267716536,0.7165354330708661,0.9291338582677166,0.9133858267716536,0.9133858267716536,0.9291338582677166,0.9291338582677166,0.9291338582677166,0.9133858267716536,0.7244094488188977,0.7165354330708661,0.7165354330708661,0.7244094488188977,0.7244094488188977,0.6377952755905512,0.6377952755905512,0.6377952755905512,0.6377952755905512,0.48031496062992124
3821.0,51,41,0.803921568627451,41,0.803921568627451,37,0.7254901960784313,31,0.6078431372549019,0.8627450980392157,0.7647058823529411,0.8627450980392157,0.7647058823529411,0.8627450980392157,0.7647058823529411,0.8627450980392157,0.7647058823529411,0.7254901960784313,0.6666666666666666,0.8627450980392157,0.7843137254901961,0.8431372549019608,0.7647058823529411,0.8627450980392157,0.8235294117647058,0.803921568627451,0.8627450980392157,0.8627450980392157,0.8627450980392157,0.803921568627451,0.7647058823529411,0.7450980392156863,0.7254901960784313,0.7647058823529411,0.7647058823529411,0.7254901960784313,0.7254901960784313,0.7058823529411765,0.6862745098039216,0.6666666666666666
3822.0,34,27,0.7941176470588235,27,0.7941176470588235,24,0.7058823529411765,16,0.47058823529411764,0.9117647058823529,0.8529411764705882,0.9117647058823529,0.8529411764705882,0.8823529411764706,0.8235294117647058,0.8823529411764706,0.8235294117647058,0.5,0.47058823529411764,0.8529411764705882,0.7352941176470589,0.8235294117647058,0.7058823529411765,0.9117647058823529,0.8529411764705882,0.8235294117647058,0.8823529411764706,0.9117647058823529,0.8823529411764706,0.8235294117647058,0.8529411764705882,0.7352941176470589,0.7058823529411765,0.8235294117647058,0.8529411764705882,0.5,0.5,0.5,0.5,0.47058823529411764
3823.0,233,203,0.871244635193133,203,0.871244635193133,197,0.8454935622317596,128,0.5493562231759657,0.9484978540772532,0.9184549356223176,0.9484978540772532,0.9184549356223176,0.944206008583691,0.9141630901287554,0.9356223175965666,0.9055793991416309,0.6051502145922747,0.5836909871244635,0.9012875536480687,0.8755364806866953,0.9356223175965666,0.9055793991416309,0.944206008583691,0.8927038626609443,0.927038626609442,0.9313304721030042,0.944206008583691,0.927038626609442,0.8884120171673819,0.9141630901287554,0.8669527896995708,0.8969957081545065,0.8969957081545065,0.9141630901287554,0.6051502145922747,0.5793991416309013,0.5965665236051502,0.6008583690987125,0.5708154506437768
3824.0,17,15,0.8823529411764706,15,0.8823529411764706,15,0.8823529411764706,12,0.7058823529411765,0.8823529411764706,0.8823529411764706,0.8823529411764706,0.8823529411764706,0.8823529411764706,0.8823529411764706,0.8823529411764706,0.8823529411764706,0.7058823529411765,0.7058823529411765,0.8823529411764706,0.8823529411764706,0.8823529411764706,0.8823529411764706,0.8823529411764706,0.8823529411764706,0.8823529411764706,0.8823529411764706,0.8823529411764706,0.8823529411764706,0.8823529411764706,0.8823529411764706,0.8823529411764706,0.8823529411764706,0.8823529411764706,0.8823529411764706,0.7058823529411765,0.7058823529411765,0.7058823529411765,0.7058823529411765,0.7058823529411765
3825.0,178,158,0.8876404494382022,158,0.8876404494382022,131,0.7359550561797753,95,0.5337078651685393,0.9382022471910112,0.7696629213483146,0.9382022471910112,0.7696629213483146,0.9382022471910112,0.7696629213483146,0.9382022471910112,0.7696629213483146,0.6797752808988764,0.5674157303370787,0.8876404494382022,0.7359550561797753,0.9213483146067416,0.7696629213483146,0.9382022471910112,0.8876404494382022,0.9213483146067416,0.9382022471910112,0.9382022471910112,0.9382022471910112,0.8876404494382022,0.7696629213483146,0.7359550561797753,0.7696629213483146,0.7696629213483146,0.7696629213483146,0.6797752808988764,0.6460674157303371,0.6797752808988764,0.6797752808988764,0.5674157303370787
3826.0,315,285,0.9047619047619048,285,0.9047619047619048,252,0.8,153,0.4857142857142857,0.9396825396825397,0.834920634920635,0.9396825396825397,0.834920634920635,0.9396825396825397,0.834920634920635,0.9396825396825397,0.834920634920635,0.5873015873015873,0.5111111111111111,0.9047619047619048,0.8,0.926984126984127,0.8222222222222222,0.9396825396825397,0.9047619047619048,0.926984126984127,0.9396825396825397,0.9396825396825397,0.9396825396825397,0.9047619047619048,0.834920634920635,0.8,0.8222222222222222,0.834920634920635,0.834920634920635,0.5873015873015873,0.5650793650793651,0.5873015873015873,0.5873015873015873,0.5079365079365079
3827.0,69,62,0.8985507246376812,62,0.8985507246376812,50,0.7246376811594203,45,0.6521739130434783,0.927536231884058,0.7536231884057971,0.927536231884058,0.7536231884057971,0.927536231884058,0.7536231884057971,0.927536231884058,0.7536231884057971,0.7971014492753623,0.6666666666666666,0.9130434782608695,0.7391304347826086,0.8985507246376812,0.7246376811594203,0.927536231884058,0.9130434782608695,0.8985507246376812,0.927536231884058,0.927536231884058,0.927536231884058,0.8985507246376812,0.7536231884057971,0.7391304347826086,0.7246376811594203,0.7536231884057971,0.7536231884057971,0.7971014492753623,0.7971014492753623,0.782608695652174,0.7971014492753623,0.6666666666666666
3829.0,274,222,0.8102189781021898,222,0.8102189781021898,191,0.6970802919708029,120,0.43795620437956206,0.916058394160584,0.7992700729927007,0.9087591240875912,0.7883211678832117,0.916058394160584,0.7956204379562044,0.8759124087591241,0.7627737226277372,0.5401459854014599,0.46715328467153283,0.8576642335766423,0.7481751824817519,0.8941605839416058,0.781021897810219,0.916058394160584,0.8576642335766423,0.8941605839416058,0.8759124087591241,0.9087591240875912,0.8759124087591241,0.8576642335766423,0.7992700729927007,0.7445255474452555,0.781021897810219,0.7591240875912408,0.7883211678832117,0.5401459854014599,0.5109489051094891,0.5364963503649635,0.5401459854014599,0.46715328467153283
3841.0,1510,1346,0.8913907284768212,1346,0.8913907284768212,1300,0.8609271523178808,865,0.5728476821192053,0.9456953642384106,0.9211920529801324,0.9437086092715232,0.9198675496688742,0.9357615894039735,0.909271523178808,0.9251655629139073,0.9026490066225166,0.6350993377483444,0.6072847682119206,0.9211920529801324,0.8920529801324504,0.9291390728476822,0.9026490066225166,0.9450331125827814,0.9185430463576159,0.9278145695364238,0.919205298013245,0.9417218543046357,0.9185430463576159,0.9172185430463576,0.9178807947019868,0.8874172185430463,0.8993377483443709,0.8933774834437086,0.9145695364238411,0.6350993377483444,0.6039735099337749,0.6112582781456953,0.6350993377483444,0.5814569536423841
3842.0,397,320,0.8060453400503779,320,0.8060453400503779,301,0.7581863979848866,199,0.5012594458438288,0.9168765743073047,0.8639798488664987,0.9193954659949622,0.8690176322418136,0.8816120906801007,0.8312342569269522,0.906801007556675,0.853904282115869,0.6146095717884131,0.5642317380352645,0.8664987405541562,0.8110831234256927,0.9042821158690176,0.8488664987405542,0.9118387909319899,0.8463476070528967,0.8866498740554156,0.871536523929471,0.9118387909319899,0.871536523929471,0.8438287153652393,0.8589420654911839,0.7909319899244333,0.8312342569269522,0.8211586901763224,0.8589420654911839,0.6146095717884131,0.5566750629722922,0.5969773299748111,0.6146095717884131,0.5440806045340051
3843.0,75,63,0.84,63,0.84,61,0.8133333333333334,46,0.6133333333333333,0.9333333333333333,0.8933333333333333,0.9466666666666667,0.9066666666666666,0.9333333333333333,0.8933333333333333,0.9466666666666667,0.9066666666666666,0.6666666666666666,0.6133333333333333,0.8666666666666667,0.84,0.9066666666666666,0.8666666666666667,0.92,0.84,0.88,0.9333333333333333,0.92,0.92,0.84,0.88,0.8133333333333334,0.84,0.8933333333333333,0.88,0.6666666666666666,0.6533333333333333,0.6666666666666666,0.6666666666666666,0.6133333333333333
3844.0,34,24,0.7058823529411765,24,0.7058823529411765,12,0.35294117647058826,5,0.14705882352941177,0.8823529411764706,0.5294117647058824,0.8823529411764706,0.5294117647058824,0.8823529411764706,0.5294117647058824,0.8529411764705882,0.5,0.38235294117647056,0.14705882352941177,0.7352941176470589,0.35294117647058826,0.8235294117647058,0.4117647058823529,0.8823529411764706,0.7352941176470589,0.8235294117647058,0.8529411764705882,0.8823529411764706,0.8529411764705882,0.7352941176470589,0.5294117647058824,0.35294117647058826,0.4117647058823529,0.5,0.5294117647058824,0.38235294117647056,0.38235294117647056,0.38235294117647056,0.38235294117647056,0.14705882352941177
3845.0,515,462,0.8970873786407767,462,0.8970873786407767,409,0.7941747572815534,264,0.512621359223301,0.941747572815534,0.8446601941747572,0.941747572815534,0.8446601941747572,0.941747572815534,0.8446601941747572,0.9359223300970874,0.8388349514563107,0.6271844660194175,0.545631067961165,0.916504854368932,0.8155339805825242,0.9184466019417475,0.8155339805825242,0.941747572815534,0.9145631067961165,0.916504854368932,0.9359223300970874,0.941747572815534,0.9359223300970874,0.9029126213592233,0.8446601941747572,0.8135922330097087,0.8135922330097087,0.8388349514563107,0.8446601941747572,0.625242718446602,0.5922330097087378,0.6038834951456311,0.6271844660194175,0.5281553398058253
3851.0,44,42,0.9545454545454546,42,0.9545454545454546,26,0.5909090909090909,24,0.5454545454545454,0.9772727272727273,0.6136363636363636,0.9772727272727273,0.6136363636363636,0.9772727272727273,0.6136363636363636,0.9772727272727273,0.6136363636363636,0.7727272727272727,0.5454545454545454,0.9545454545454546,0.5909090909090909,0.9545454545454546,0.5909090909090909,0.9772727272727273,0.9545454545454546,0.9545454545454546,0.9772727272727273,0.9772727272727273,0.9772727272727273,0.9545454545454546,0.6136363636363636,0.5909090909090909,0.5909090909090909,0.6136363636363636,0.6136363636363636,0.7727272727272727,0.7727272727272727,0.7727272727272727,0.7727272727272727,0.5454545454545454
3861.0,83,53,0.6385542168674698,53,0.6385542168674698,53,0.6385542168674698,36,0.43373493975903615,0.9156626506024096,0.891566265060241,0.9156626506024096,0.9036144578313253,0.7228915662650602,0.7228915662650602,0.7469879518072289,0.7469879518072289,0.5421686746987951,0.5301204819277109,0.8554216867469879,0.8433734939759037,0.9036144578313253,0.891566265060241,0.9036144578313253,0.8433734939759037,0.891566265060241,0.7108433734939759,0.9036144578313253,0.6987951807228916,0.8433734939759037,0.8795180722891566,0.8192771084337349,0.8674698795180723,0.7108433734939759,0.8795180722891566,0.5421686746987951,0.4578313253012048,0.5060240963855421,0.5301204819277109,0.4939759036144578
3873.0,25,22,0.88,22,0.88,12,0.48,12,0.48,0.92,0.52,0.92,0.52,0.92,0.52,0.92,0.52,0.88,0.48,0.88,0.48,0.88,0.48,0.92,0.88,0.88,0.92,0.92,0.92,0.88,0.52,0.48,0.48,0.52,0.52,0.88,0.88,0.88,0.88,0.48
3910.0,26,24,0.9230769230769231,24,0.9230769230769231,23,0.8846153846153846,22,0.8461538461538461,0.9230769230769231,0.9230769230769231,0.9230769230769231,0.9230769230769231,0.9230769230769231,0.9230769230769231,0.9230769230769231,0.9230769230769231,0.8846153846153846,0.8461538461538461,0.9230769230769231,0.8846153846153846,0.9230769230769231,0.8846153846153846,0.9230769230769231,0.9230769230769231,0.9230769230769231,0.9230769230769231,0.9230769230769231,0.9230769230769231,0.9230769230769231,0.9230769230769231,0.8846153846153846,0.8846153846153846,0.9230769230769231,0.9230769230769231,0.8846153846153846,0.8846153846153846,0.8846153846153846,0.8846153846153846,0.8461538461538461
3911.0,10,5,0.5,5,0.5,1,0.1,1,0.1,0.8,0.5,0.8,0.5,0.6,0.3,0.7,0.4,0.5,0.1,0.7,0.3,0.7,0.3,0.8,0.7,0.7,0.6,0.8,0.6,0.7,0.5,0.3,0.3,0.3,0.5,0.5,0.5,0.5,0.5,0.1
3931.0,7,4,0.5714285714285714,4,0.5714285714285714,4,0.5714285714285714,4,0.5714285714285714,0.8571428571428571,0.8571428571428571,0.8571428571428571,0.8571428571428571,0.8571428571428571,0.8571428571428571,0.8571428571428571,0.8571428571428571,0.8571428571428571,0.8571428571428571,0.5714285714285714,0.5714285714285714,0.8571428571428571,0.8571428571428571,0.8571428571428571,0.5714285714285714,0.8571428571428571,0.8571428571428571,0.8571428571428571,0.8571428571428571,0.5714285714285714,0.8571428571428571,0.5714285714285714,0.8571428571428571,0.8571428571428571,0.8571428571428571,0.8571428571428571,0.5714285714285714,0.8571428571428571,0.8571428571428571,0.8571428571428571
3942.0,17,15,0.8823529411764706,15,0.8823529411764706,14,0.8235294117647058,13,0.7647058823529411,0.9411764705882353,0.8823529411764706,0.9411764705882353,0.8823529411764706,0.9411764705882353,0.8823529411764706,0.9411764705882353,0.8823529411764706,0.7647058823529411,0.7647058823529411,0.8823529411764706,0.8235294117647058,0.8823529411764706,0.8235294117647058,0.9411764705882353,0.8823529411764706,0.8823529411764706,0.9411764705882353,0.9411764705882353,0.9411764705882353,0.8823529411764706,0.8823529411764706,0.8235294117647058,0.8235294117647058,0.8823529411764706,0.8823529411764706,0.7647058823529411,0.7647058823529411,0.7647058823529411,0.7647058823529411,0.7647058823529411
3944.0,81,68,0.8395061728395061,68,0.8395061728395061,55,0.6790123456790124,49,0.6049382716049383,0.9753086419753086,0.8271604938271605,0.9753086419753086,0.8148148148148148,0.9135802469135802,0.7654320987654321,0.9259259259259259,0.7654320987654321,0.7530864197530864,0.6296296296296297,0.9382716049382716,0.7901234567901234,0.9259259259259259,0.7654320987654321,0.9629629629629629,0.9259259259259259,0.9135802469135802,0.9012345679012346,0.9629629629629629,0.9012345679012346,0.9012345679012346,0.8148148148148148,0.7777777777777778,0.7530864197530864,0.7407407407407407,0.8024691358024691,0.7530864197530864,0.7407407407407407,0.7407407407407407,0.7530864197530864,0.6296296296296297
3949.0,148,131,0.8851351351351351,131,0.8851351351351351,101,0.6824324324324325,61,0.41216216216216217,0.9459459459459459,0.7635135135135135,0.9459459459459459,0.7567567567567568,0.918918918918919,0.722972972972973,0.9324324324324325,0.75,0.6013513513513513,0.42567567567567566,0.9391891891891891,0.7567567567567568,0.9256756756756757,0.722972972972973,0.9121621621621622,0.8986486486486487,0.8986486486486487,0.9054054054054054,0.9121621621621622,0.8986486486486487,0.8986486486486487,0.7162162162162162,0.6959459459459459,0.6959459459459459,0.7094594594594594,0.7094594594594594,0.6013513513513513,0.5945945945945946,0.5945945945945946,0.6013513513513513,0.4189189189189189
3950.0,2,0,0.0,0,0.0,0,0.0,0,0.0,0.5,0.0,0.5,0.0,0.5,0.0,0.5,0.0,0.0,0.0,0.0,0.0,0.0,0.0,0.5,0.0,0.0,0.5,0.5,0.5,0.0,0.0,0.0,0.0,0.0,0.0,0.0,0.0,0.0,0.0,0.0
3960.0,1,1,1.0,1,1.0,0,0.0,0,0.0,1.0,1.0,1.0,1.0,1.0,0.0,1.0,1.0,0.0,0.0,1.0,1.0,1.0,1.0,1.0,1.0,1.0,1.0,1.0,1.0,1.0,1.0,1.0,1.0,0.0,1.0,0.0,0.0,0.0,0.0,0.0
3990.0,217,171,0.7880184331797235,171,0.7880184331797235,151,0.695852534562212,106,0.48847926267281105,0.8709677419354839,0.7880184331797235,0.8847926267281107,0.8064516129032258,0.8387096774193549,0.7603686635944701,0.847926267281106,0.7695852534562212,0.6221198156682027,0.5345622119815668,0.8387096774193549,0.7465437788018433,0.8663594470046083,0.7695852534562212,0.8617511520737328,0.8202764976958525,0.847926267281106,0.8294930875576036,0.8617511520737328,0.8294930875576036,0.815668202764977,0.7788018433179723,0.7235023041474654,0.7465437788018433,0.7511520737327189,0.7788018433179723,0.6221198156682027,0.576036866359447,0.6082949308755761,0.6221198156682027,0.5161290322580645
4011.0,104,90,0.8653846153846154,90,0.8653846153846154,84,0.8076923076923077,62,0.5961538461538461,0.875,0.8173076923076923,0.875,0.8173076923076923,0.8653846153846154,0.8076923076923077,0.875,0.8173076923076923,0.6634615384615384,0.6057692307692307,0.875,0.8173076923076923,0.875,0.8173076923076923,0.875,0.875,0.875,0.8653846153846154,0.875,0.8653846153846154,0.875,0.8173076923076923,0.8173076923076923,0.8173076923076923,0.8076923076923077,0.8173076923076923,0.6634615384615384,0.6634615384615384,0.6634615384615384,0.6634615384615384,0.5961538461538461
4013.0,9,9,1.0,9,1.0,9,1.0,1,0.1111111111111111,1.0,1.0,1.0,1.0,1.0,1.0,1.0,1.0,0.1111111111111111,0.1111111111111111,1.0,1.0,1.0,1.0,1.0,1.0,1.0,1.0,1.0,1.0,1.0,1.0,1.0,1.0,1.0,1.0,0.1111111111111111,0.1111111111111111,0.1111111111111111,0.1111111111111111,0.1111111111111111
4100.0,8,3,0.375,3,0.375,3,0.375,2,0.25,0.625,0.5,0.625,0.5,0.625,0.5,0.625,0.5,0.375,0.25,0.375,0.375,0.5,0.375,0.625,0.375,0.5,0.625,0.625,0.625,0.375,0.5,0.375,0.375,0.5,0.5,0.375,0.375,0.375,0.375,0.25
4210.0,34,31,0.9117647058823529,31,0.9117647058823529,31,0.9117647058823529,27,0.7941176470588235,0.9411764705882353,0.9411764705882353,0.9411764705882353,0.9411764705882353,0.9411764705882353,0.9411764705882353,0.9117647058823529,0.9117647058823529,0.7941176470588235,0.7941176470588235,0.9411764705882353,0.9411764705882353,0.9411764705882353,0.9411764705882353,0.9411764705882353,0.9411764705882353,0.9411764705882353,0.9117647058823529,0.9411764705882353,0.9117647058823529,0.9411764705882353,0.9411764705882353,0.9411764705882353,0.9411764705882353,0.9117647058823529,0.9411764705882353,0.7941176470588235,0.7941176470588235,0.7941176470588235,0.7941176470588235,0.7941176470588235
4213.0,210,201,0.9571428571428572,201,0.9571428571428572,189,0.9,150,0.7142857142857143,0.9714285714285714,0.9095238095238095,0.9714285714285714,0.9095238095238095,0.9666666666666667,0.9047619047619048,0.9666666666666667,0.9,0.7571428571428571,0.7142857142857143,0.9571428571428572,0.9142857142857143,0.9619047619047619,0.9142857142857143,0.9714285714285714,0.9571428571428572,0.9619047619047619,0.9666666666666667,0.9714285714285714,0.9666666666666667,0.9571428571428572,0.9095238095238095,0.9047619047619048,0.9047619047619048,0.9,0.9095238095238095,0.7571428571428571,0.7571428571428571,0.7571428571428571,0.7571428571428571,0.7142857142857143
4220.0,10,9,0.9,9,0.9,9,0.9,0,0.0,0.9,0.9,0.9,0.9,0.9,0.9,0.9,0.9,0.0,0.0,0.9,0.9,0.9,0.9,0.9,0.9,0.9,0.9,0.9,0.9,0.9,0.9,0.9,0.9,0.9,0.9,0.0,0.0,0.0,0.0,0.0
4400.0,132,121,0.9166666666666666,121,0.9166666666666666,117,0.8863636363636364,61,0.4621212121212121,0.9621212121212122,0.9393939393939394,0.9318181818181818,0.9090909090909091,0.9393939393939394,0.9166666666666666,0.9393939393939394,0.9166666666666666,0.48484848484848486,0.4621212121212121,0.946969696969697,0.9166666666666666,0.946969696969697,0.9166666666666666,0.9621212121212122,0.946969696969697,0.946969696969697,0.9393939393939394,0.9318181818181818,0.9393939393939394,0.946969696969697,0.9393939393939394,0.9166666666666666,0.9166666666666666,0.9166666666666666,0.9090909090909091,0.48484848484848486,0.48484848484848486,0.48484848484848486,0.48484848484848486,0.4621212121212121
4412.0,88,74,0.8409090909090909,74,0.8409090909090909,71,0.8068181818181818,34,0.38636363636363635,0.9318181818181818,0.8977272727272727,0.9318181818181818,0.8977272727272727,0.9318181818181818,0.8977272727272727,0.9318181818181818,0.8977272727272727,0.4090909090909091,0.38636363636363635,0.8409090909090909,0.8068181818181818,0.8977272727272727,0.8522727272727273,0.9318181818181818,0.8409090909090909,0.8977272727272727,0.9318181818181818,0.9318181818181818,0.9318181818181818,0.8409090909090909,0.8977272727272727,0.8068181818181818,0.8522727272727273,0.8977272727272727,0.8977272727272727,0.4090909090909091,0.3977272727272727,0.4090909090909091,0.4090909090909091,0.38636363636363635
4512.0,185,138,0.745945945945946,138,0.745945945945946,137,0.7405405405405405,68,0.3675675675675676,0.827027027027027,0.827027027027027,0.827027027027027,0.827027027027027,0.827027027027027,0.827027027027027,0.827027027027027,0.827027027027027,0.4,0.4,0.745945945945946,0.7405405405405405,0.827027027027027,0.827027027027027,0.827027027027027,0.745945945945946,0.827027027027027,0.827027027027027,0.827027027027027,0.827027027027027,0.745945945945946,0.827027027027027,0.7405405405405405,0.827027027027027,0.827027027027027,0.827027027027027,0.4,0.3675675675675676,0.4,0.4,0.4
4513.0,41,38,0.926829268292683,38,0.926829268292683,37,0.9024390243902439,29,0.7073170731707317,0.9512195121951219,0.926829268292683,0.9512195121951219,0.926829268292683,0.9512195121951219,0.926829268292683,0.9512195121951219,0.926829268292683,0.7073170731707317,0.7073170731707317,0.926829268292683,0.9024390243902439,0.926829268292683,0.9024390243902439,0.9512195121951219,0.926829268292683,0.926829268292683,0.9512195121951219,0.9512195121951219,0.9512195121951219,0.926829268292683,0.926829268292683,0.9024390243902439,0.9024390243902439,0.926829268292683,0.926829268292683,0.7073170731707317,0.7073170731707317,0.7073170731707317,0.7073170731707317,0.7073170731707317
4522.0,60,49,0.8166666666666667,49,0.8166666666666667,46,0.7666666666666667,30,0.5,0.8666666666666667,0.8166666666666667,0.8666666666666667,0.8166666666666667,0.8666666666666667,0.8166666666666667,0.8666666666666667,0.8166666666666667,0.5166666666666667,0.5,0.8166666666666667,0.7666666666666667,0.8166666666666667,0.7833333333333333,0.8666666666666667,0.8166666666666667,0.8166666666666667,0.8666666666666667,0.8666666666666667,0.8666666666666667,0.8166666666666667,0.8166666666666667,0.7666666666666667,0.7833333333333333,0.8166666666666667,0.8166666666666667,0.5166666666666667,0.5166666666666667,0.5166666666666667,0.5166666666666667,0.5
4581.0,21,18,0.8571428571428571,18,0.8571428571428571,18,0.8571428571428571,16,0.7619047619047619,0.9523809523809523,0.9523809523809523,0.9523809523809523,0.9523809523809523,0.8571428571428571,0.8571428571428571,0.9523809523809523,0.9523809523809523,0.7619047619047619,0.7619047619047619,0.9523809523809523,0.9523809523809523,0.9523809523809523,0.9523809523809523,0.9523809523809523,0.9523809523809523,0.9523809523809523,0.8571428571428571,0.9523809523809523,0.8571428571428571,0.9523809523809523,0.9523809523809523,0.9523809523809523,0.9523809523809523,0.8571428571428571,0.9523809523809523,0.7619047619047619,0.7619047619047619,0.7619047619047619,0.7619047619047619,0.7619047619047619
4610.0,212,118,0.5566037735849056,118,0.5566037735849056,113,0.5330188679245284,97,0.45754716981132076,0.9009433962264151,0.8915094339622641,0.5660377358490566,0.5566037735849056,0.9009433962264151,0.8915094339622641,0.9009433962264151,0.8867924528301887,0.4811320754716981,0.47641509433962265,0.8584905660377359,0.839622641509434,0.9009433962264151,0.8820754716981132,0.9009433962264151,0.8584905660377359,0.9009433962264151,0.9009433962264151,0.5660377358490566,0.9009433962264151,0.8584905660377359,0.8915094339622641,0.839622641509434,0.8820754716981132,0.8867924528301887,0.5566037735849056,0.4811320754716981,0.46226415094339623,0.4811320754716981,0.4811320754716981,0.47641509433962265
4700.0,218,157,0.7201834862385321,157,0.7201834862385321,141,0.6467889908256881,92,0.42201834862385323,0.9495412844036697,0.9357798165137615,0.9495412844036697,0.9357798165137615,0.7981651376146789,0.7844036697247706,0.8119266055045872,0.7889908256880734,0.5275229357798165,0.4908256880733945,0.8853211009174312,0.7981651376146789,0.9036697247706422,0.8165137614678899,0.8944954128440367,0.8623853211009175,0.8853211009174312,0.7660550458715596,0.8899082568807339,0.7568807339449541,0.8623853211009175,0.8669724770642202,0.7660550458715596,0.7889908256880734,0.7201834862385321,0.8623853211009175,0.5275229357798165,0.463302752293578,0.46788990825688076,0.518348623853211,0.44495412844036697
4731.0,131,121,0.9236641221374046,121,0.9236641221374046,119,0.9083969465648855,83,0.6335877862595419,0.9465648854961832,0.9465648854961832,0.9465648854961832,0.9465648854961832,0.9465648854961832,0.9465648854961832,0.9312977099236641,0.9312977099236641,0.6412213740458015,0.6335877862595419,0.9465648854961832,0.9312977099236641,0.9389312977099237,0.9236641221374046,0.9465648854961832,0.9465648854961832,0.9389312977099237,0.9312977099236641,0.9465648854961832,0.9312977099236641,0.9389312977099237,0.9465648854961832,0.9312977099236641,0.9236641221374046,0.9312977099236641,0.9465648854961832,0.6412213740458015,0.6412213740458015,0.6412213740458015,0.6412213740458015,0.6335877862595419
4812.0,84,71,0.8452380952380952,71,0.8452380952380952,69,0.8214285714285714,49,0.5833333333333334,0.8571428571428571,0.8452380952380952,0.8571428571428571,0.8452380952380952,0.8452380952380952,0.8333333333333334,0.8571428571428571,0.8452380952380952,0.6071428571428571,0.5833333333333334,0.8571428571428571,0.8333333333333334,0.8571428571428571,0.8333333333333334,0.8571428571428571,0.8571428571428571,0.8571428571428571,0.8452380952380952,0.8571428571428571,0.8452380952380952,0.8571428571428571,0.8452380952380952,0.8333333333333334,0.8333333333333334,0.8333333333333334,0.8452380952380952,0.6071428571428571,0.6071428571428571,0.6071428571428571,0.6071428571428571,0.5833333333333334
4813.0,517,404,0.781431334622824,404,0.781431334622824,381,0.7369439071566731,261,0.504835589941973,0.8762088974854932,0.8471953578336557,0.8762088974854932,0.8452611218568665,0.8646034816247582,0.8355899419729207,0.8704061895551257,0.8413926499032882,0.5589941972920697,0.5357833655705996,0.816247582205029,0.7833655705996132,0.8413926499032882,0.804642166344294,0.8626692456479691,0.7988394584139265,0.8278529980657641,0.8607350096711799,0.8588007736943907,0.851063829787234,0.7969052224371374,0.8297872340425532,0.7601547388781431,0.7852998065764023,0.8143133462282398,0.8239845261121856,0.5589941972920697,0.528046421663443,0.539651837524178,0.5493230174081238,0.5183752417794971
4822.0,35,31,0.8857142857142857,31,0.8857142857142857,31,0.8857142857142857,26,0.7428571428571429,0.9714285714285714,0.9714285714285714,0.9714285714285714,0.9714285714285714,0.9714285714285714,0.9714285714285714,0.8857142857142857,0.8857142857142857,0.7714285714285715,0.7428571428571429,0.9714285714285714,0.9714285714285714,0.9714285714285714,0.9714285714285714,0.9714285714285714,0.9714285714285714,0.9714285714285714,0.8857142857142857,0.9714285714285714,0.8857142857142857,0.9714285714285714,0.9714285714285714,0.9714285714285714,0.9714285714285714,0.8857142857142857,0.9714285714285714,0.7714285714285715,0.7714285714285715,0.7714285714285715,0.7714285714285715,0.7428571428571429
4832.0,179,157,0.8770949720670391,157,0.8770949720670391,153,0.8547486033519553,112,0.6256983240223464,0.9385474860335196,0.9217877094972067,0.9441340782122905,0.9273743016759777,0.9106145251396648,0.8994413407821229,0.9162011173184358,0.9050279329608939,0.6759776536312849,0.6368715083798883,0.9273743016759777,0.8994413407821229,0.9273743016759777,0.8938547486033519,0.9385474860335196,0.9217877094972067,0.9217877094972067,0.8938547486033519,0.9385474860335196,0.8938547486033519,0.9217877094972067,0.9217877094972067,0.8938547486033519,0.8938547486033519,0.88268156424581,0.9217877094972067,0.6759776536312849,0.664804469273743,0.664804469273743,0.6759776536312849,0.6256983240223464
4833.0,185,173,0.9351351351351351,173,0.9351351351351351,166,0.8972972972972973,107,0.5783783783783784,0.9675675675675676,0.9405405405405406,0.972972972972973,0.9459459459459459,0.9513513513513514,0.918918918918919,0.972972972972973,0.9459459459459459,0.5945945945945946,0.5783783783783784,0.9621621621621622,0.9243243243243243,0.9513513513513514,0.9081081081081082,0.9567567567567568,0.9459459459459459,0.9405405405405406,0.9513513513513514,0.9567567567567568,0.9513513513513514,0.9405405405405406,0.918918918918919,0.9027027027027027,0.8972972972972973,0.918918918918919,0.918918918918919,0.5945945945945946,0.5945945945945946,0.5945945945945946,0.5945945945945946,0.5783783783783784
4841.0,302,256,0.847682119205298,256,0.847682119205298,249,0.8245033112582781,167,0.5529801324503312,0.9271523178807947,0.9006622516556292,0.9172185430463576,0.890728476821192,0.890728476821192,0.8642384105960265,0.890728476821192,0.8642384105960265,0.6059602649006622,0.5827814569536424,0.8940397350993378,0.8708609271523179,0.9139072847682119,0.890728476821192,0.9271523178807947,0.8940397350993378,0.9139072847682119,0.890728476821192,0.9172185430463576,0.890728476821192,0.890728476821192,0.9006622516556292,0.8708609271523179,0.890728476821192,0.8642384105960265,0.890728476821192,0.6059602649006622,0.5794701986754967,0.5993377483443708,0.6059602649006622,0.5827814569536424
4899.0,338,260,0.7692307692307693,260,0.7692307692307693,248,0.7337278106508875,147,0.4349112426035503,0.8846153846153846,0.8579881656804734,0.878698224852071,0.8550295857988166,0.8579881656804734,0.8284023668639053,0.8698224852071006,0.8431952662721893,0.5,0.47928994082840237,0.8402366863905325,0.8076923076923077,0.863905325443787,0.8284023668639053,0.8698224852071006,0.8165680473372781,0.8461538461538461,0.8461538461538461,0.8579881656804734,0.834319526627219,0.8136094674556213,0.8402366863905325,0.7751479289940828,0.8017751479289941,0.8106508875739645,0.8284023668639053,0.5,0.4556213017751479,0.4822485207100592,0.4911242603550296,0.45857988165680474
5000.0,63,45,0.7142857142857143,45,0.7142857142857143,34,0.5396825396825397,24,0.38095238095238093,0.8095238095238095,0.6031746031746031,0.8095238095238095,0.6031746031746031,0.8095238095238095,0.5873015873015873,0.7936507936507936,0.5873015873015873,0.42857142857142855,0.38095238095238093,0.746031746031746,0.5873015873015873,0.7301587301587301,0.5714285714285714,0.8095238095238095,0.746031746031746,0.7301587301587301,0.7936507936507936,0.8095238095238095,0.7936507936507936,0.7301587301587301,0.6031746031746031,0.5873015873015873,0.5714285714285714,0.5714285714285714,0.6031746031746031,0.42857142857142855,0.42857142857142855,0.42857142857142855,0.42857142857142855,0.38095238095238093
5010.0,44,36,0.8181818181818182,36,0.8181818181818182,34,0.7727272727272727,25,0.5681818181818182,0.8636363636363636,0.8636363636363636,0.8636363636363636,0.8636363636363636,0.8409090909090909,0.8409090909090909,0.8636363636363636,0.8636363636363636,0.7272727272727273,0.7272727272727273,0.9090909090909091,0.8863636363636364,0.8863636363636364,0.8636363636363636,0.8636363636363636,0.8636363636363636,0.8409090909090909,0.8181818181818182,0.8636363636363636,0.8181818181818182,0.8409090909090909,0.8409090909090909,0.8181818181818182,0.7954545454545454,0.7954545454545454,0.8409090909090909,0.7272727272727273,0.6590909090909091,0.6590909090909091,0.7272727272727273,0.5909090909090909
5013.0,45,33,0.7333333333333333,33,0.7333333333333333,29,0.6444444444444445,22,0.4888888888888889,0.9111111111111111,0.8444444444444444,0.8888888888888888,0.8222222222222222,0.8666666666666667,0.7777777777777778,0.8666666666666667,0.8,0.5777777777777777,0.4888888888888889,0.8,0.7111111111111111,0.8444444444444444,0.7333333333333333,0.8888888888888888,0.7777777777777778,0.8444444444444444,0.8444444444444444,0.8666666666666667,0.8444444444444444,0.7777777777777778,0.8,0.6666666666666666,0.7333333333333333,0.7555555555555555,0.7777777777777778,0.5777777777777777,0.5555555555555556,0.5555555555555556,0.5777777777777777,0.4888888888888889
5020.0,32,16,0.5,16,0.5,14,0.4375,6,0.1875,0.78125,0.75,0.875,0.875,0.65625,0.625,0.625,0.625,0.21875,0.21875,0.875,0.78125,0.78125,0.6875,0.75,0.75,0.71875,0.53125,0.75,0.5,0.71875,0.71875,0.65625,0.625,0.46875,0.71875,0.21875,0.21875,0.21875,0.21875,0.1875
5030.0,73,58,0.7945205479452054,58,0.7945205479452054,56,0.7671232876712328,45,0.6164383561643836,0.8767123287671232,0.863013698630137,0.8767123287671232,0.863013698630137,0.863013698630137,0.8493150684931506,0.863013698630137,0.8493150684931506,0.6438356164383562,0.6438356164383562,0.821917808219178,0.7945205479452054,0.863013698630137,0.8356164383561644,0.863013698630137,0.8082191780821918,0.8493150684931506,0.863013698630137,0.863013698630137,0.8493150684931506,0.8082191780821918,0.8493150684931506,0.7808219178082192,0.821917808219178,0.8493150684931506,0.8493150684931506,0.6438356164383562,0.6164383561643836,0.6301369863013698,0.6301369863013698,0.6301369863013698
5031.0,25,17,0.68,17,0.68,2,0.08,1,0.04,0.88,0.36,0.88,0.36,0.88,0.36,0.88,0.36,0.6,0.2,0.72,0.24,0.72,0.24,0.88,0.72,0.72,0.84,0.88,0.88,0.72,0.36,0.24,0.24,0.2,0.36,0.6,0.44,0.44,0.6,0.04
5040.0,22,13,0.5909090909090909,13,0.5909090909090909,10,0.45454545454545453,2,0.09090909090909091,0.8636363636363636,0.7272727272727273,0.8636363636363636,0.7272727272727273,0.6363636363636364,0.5,0.8181818181818182,0.6818181818181818,0.4090909090909091,0.2727272727272727,0.8636363636363636,0.7272727272727273,0.8181818181818182,0.6818181818181818,0.7727272727272727,0.7727272727272727,0.7727272727272727,0.6363636363636364,0.7727272727272727,0.5909090909090909,0.7727272727272727,0.5909090909090909,0.5909090909090909,0.5909090909090909,0.5,0.5909090909090909,0.4090909090909091,0.2727272727272727,0.2727272727272727,0.3181818181818182,0.09090909090909091
5045.0,93,79,0.8494623655913979,79,0.8494623655913979,73,0.7849462365591398,46,0.4946236559139785,0.9354838709677419,0.8817204301075269,0.9354838709677419,0.8817204301075269,0.9354838709677419,0.8924731182795699,0.9354838709677419,0.8924731182795699,0.6344086021505376,0.5806451612903226,0.8602150537634409,0.7956989247311828,0.9247311827956989,0.8709677419354839,0.9354838709677419,0.8494623655913979,0.9139784946236559,0.9354838709677419,0.9354838709677419,0.9247311827956989,0.8494623655913979,0.8817204301075269,0.7849462365591398,0.8602150537634409,0.8924731182795699,0.8817204301075269,0.6344086021505376,0.5591397849462365,0.6236559139784946,0.6236559139784946,0.5698924731182796
5047.0,79,73,0.9240506329113924,73,0.9240506329113924,52,0.6582278481012658,42,0.5316455696202531,0.9620253164556962,0.7088607594936709,0.9620253164556962,0.7088607594936709,0.9493670886075949,0.6962025316455697,0.9493670886075949,0.6962025316455697,0.7848101265822784,0.5316455696202531,0.9367088607594937,0.6582278481012658,0.9367088607594937,0.6582278481012658,0.9620253164556962,0.9367088607594937,0.9367088607594937,0.9493670886075949,0.9620253164556962,0.9493670886075949,0.9367088607594937,0.7088607594936709,0.6582278481012658,0.6582278481012658,0.6962025316455697,0.7088607594936709,0.7848101265822784,0.7848101265822784,0.7848101265822784,0.7848101265822784,0.5316455696202531
5050.0,8,8,1.0,8,1.0,8,1.0,5,0.625,1.0,1.0,1.0,1.0,1.0,1.0,1.0,1.0,0.875,0.625,1.0,1.0,1.0,1.0,1.0,1.0,1.0,1.0,1.0,1.0,1.0,1.0,1.0,1.0,1.0,1.0,0.875,0.875,0.875,0.875,0.625
5051.0,71,68,0.9577464788732394,68,0.9577464788732394,66,0.9295774647887324,55,0.7746478873239436,0.9859154929577465,0.9577464788732394,0.9859154929577465,0.9577464788732394,0.9859154929577465,0.9577464788732394,0.9859154929577465,0.9577464788732394,0.7887323943661971,0.7746478873239436,0.9577464788732394,0.9295774647887324,0.9577464788732394,0.9295774647887324,0.9859154929577465,0.9577464788732394,0.9577464788732394,0.9859154929577465,0.9859154929577465,0.9859154929577465,0.9577464788732394,0.9577464788732394,0.9295774647887324,0.9295774647887324,0.9577464788732394,0.9577464788732394,0.7887323943661971,0.7887323943661971,0.7887323943661971,0.7887323943661971,0.7746478873239436
5063.0,64,57,0.890625,57,0.890625,49,0.765625,46,0.71875,0.96875,0.828125,0.96875,0.828125,0.96875,0.828125,0.9375,0.796875,0.890625,0.78125,0.9375,0.8125,0.9375,0.8125,0.96875,0.9375,0.9375,0.9375,0.96875,0.9375,0.921875,0.8125,0.796875,0.796875,0.796875,0.8125,0.890625,0.84375,0.84375,0.890625,0.765625
5064.0,8,7,0.875,7,0.875,7,0.875,5,0.625,0.875,0.875,0.875,0.875,0.875,0.875,0.875,0.875,0.625,0.625,0.875,0.875,0.875,0.875,0.875,0.875,0.875,0.875,0.875,0.875,0.875,0.875,0.875,0.875,0.875,0.875,0.625,0.625,0.625,0.625,0.625
5065.0,166,143,0.8614457831325302,143,0.8614457831325302,109,0.6566265060240963,82,0.4939759036144578,0.927710843373494,0.6927710843373494,0.927710843373494,0.6867469879518072,0.927710843373494,0.6867469879518072,0.9096385542168675,0.6686746987951807,0.6927710843373494,0.5120481927710844,0.8795180722891566,0.6746987951807228,0.8975903614457831,0.6746987951807228,0.927710843373494,0.8795180722891566,0.8975903614457831,0.9096385542168675,0.927710843373494,0.9096385542168675,0.8795180722891566,0.6927710843373494,0.6746987951807228,0.6746987951807228,0.6686746987951807,0.6867469879518072,0.6927710843373494,0.6566265060240963,0.6746987951807228,0.6927710843373494,0.4939759036144578
5070.0,36,28,0.7777777777777778,28,0.7777777777777778,26,0.7222222222222222,24,0.6666666666666666,0.9166666666666666,0.9166666666666666,0.9166666666666666,0.9166666666666666,0.8611111111111112,0.8611111111111112,0.8611111111111112,0.8611111111111112,0.7222222222222222,0.7222222222222222,0.8888888888888888,0.8611111111111112,0.9166666666666666,0.8611111111111112,0.8888888888888888,0.8611111111111112,0.8888888888888888,0.8055555555555556,0.8888888888888888,0.8055555555555556,0.8611111111111112,0.8888888888888888,0.8333333333333334,0.8333333333333334,0.8055555555555556,0.8888888888888888,0.7222222222222222,0.6944444444444444,0.7222222222222222,0.7222222222222222,0.6944444444444444
5072.0,26,17,0.6538461538461539,17,0.6538461538461539,16,0.6153846153846154,13,0.5,0.9615384615384616,0.9615384615384616,0.9615384615384616,0.9615384615384616,0.9615384615384616,0.9615384615384616,0.9615384615384616,0.9615384615384616,0.8076923076923077,0.8076923076923077,0.6538461538461539,0.6153846153846154,0.9615384615384616,0.9230769230769231,0.9615384615384616,0.6538461538461539,0.9615384615384616,0.9615384615384616,0.9615384615384616,0.9615384615384616,0.6538461538461539,0.9615384615384616,0.6153846153846154,0.9230769230769231,0.9615384615384616,0.9615384615384616,0.8076923076923077,0.5,0.8076923076923077,0.8076923076923077,0.8076923076923077
5080.0,87,66,0.7586206896551724,66,0.7586206896551724,62,0.7126436781609196,59,0.6781609195402298,0.9770114942528736,0.9425287356321839,0.9540229885057471,0.9195402298850575,0.8275862068965517,0.7931034482758621,0.8275862068965517,0.7931034482758621,0.7241379310344828,0.6896551724137931,0.9770114942528736,0.9195402298850575,0.9310344827586207,0.8850574712643678,0.9770114942528736,0.9655172413793104,0.9310344827586207,0.8275862068965517,0.9540229885057471,0.8275862068965517,0.9310344827586207,0.9425287356321839,0.9080459770114943,0.8850574712643678,0.7931034482758621,0.9195402298850575,0.7241379310344828,0.7241379310344828,0.7241379310344828,0.7241379310344828,0.6781609195402298
5082.0,1,0,0.0,0,0.0,0,0.0,0,0.0,1.0,0.0,1.0,0.0,1.0,0.0,1.0,0.0,0.0,0.0,0.0,0.0,0.0,0.0,1.0,0.0,0.0,1.0,1.0,1.0,0.0,0.0,0.0,0.0,0.0,0.0,0.0,0.0,0.0,0.0,0.0
5084.0,68,60,0.8823529411764706,60,0.8823529411764706,50,0.7352941176470589,42,0.6176470588235294,0.9411764705882353,0.7941176470588235,0.9411764705882353,0.7941176470588235,0.9411764705882353,0.7941176470588235,0.9117647058823529,0.7647058823529411,0.7941176470588235,0.6176470588235294,0.9117647058823529,0.7647058823529411,0.9117647058823529,0.75,0.9411764705882353,0.9117647058823529,0.9117647058823529,0.9117647058823529,0.9411764705882353,0.9117647058823529,0.9117647058823529,0.7941176470588235,0.7647058823529411,0.75,0.7647058823529411,0.7941176470588235,0.7941176470588235,0.7941176470588235,0.7941176470588235,0.7941176470588235,0.6176470588235294
5090.0,99,53,0.5353535353535354,53,0.5353535353535354,50,0.5050505050505051,28,0.2828282828282828,0.8080808080808081,0.7575757575757576,0.8282828282828283,0.7777777777777778,0.7070707070707071,0.6666666666666666,0.7272727272727273,0.6868686868686869,0.40404040404040403,0.3434343434343434,0.8080808080808081,0.7575757575757576,0.7575757575757576,0.7070707070707071,0.6868686868686869,0.6464646464646465,0.6262626262626263,0.6666666666666666,0.6666666666666666,0.6060606060606061,0.6262626262626263,0.6161616161616161,0.5757575757575758,0.5656565656565656,0.5656565656565656,0.6060606060606061,0.40404040404040403,0.3434343434343434,0.3434343434343434,0.36363636363636365,0.29292929292929293
5094.0,21,11,0.5238095238095238,11,0.5238095238095238,10,0.47619047619047616,8,0.38095238095238093,0.7619047619047619,0.7619047619047619,0.7619047619047619,0.7619047619047619,0.7619047619047619,0.7619047619047619,0.7619047619047619,0.7619047619047619,0.6190476190476191,0.5714285714285714,0.6190476190476191,0.5238095238095238,0.8095238095238095,0.7142857142857143,0.7619047619047619,0.5714285714285714,0.7619047619047619,0.7619047619047619,0.7619047619047619,0.7142857142857143,0.5714285714285714,0.7619047619047619,0.47619047619047616,0.6666666666666666,0.7142857142857143,0.7619047619047619,0.6190476190476191,0.42857142857142855,0.6190476190476191,0.6190476190476191,0.5714285714285714
5099.0,20,10,0.5,10,0.5,8,0.4,3,0.15,0.65,0.55,0.65,0.55,0.55,0.5,0.65,0.55,0.2,0.15,0.6,0.5,0.6,0.5,0.55,0.5,0.5,0.55,0.55,0.5,0.5,0.45,0.4,0.4,0.5,0.45,0.2,0.2,0.2,0.2,0.15
5110.0,31,29,0.9354838709677419,29,0.9354838709677419,28,0.9032258064516129,23,0.7419354838709677,0.9354838709677419,0.9354838709677419,0.9354838709677419,0.9354838709677419,0.9354838709677419,0.9354838709677419,0.9354838709677419,0.9354838709677419,0.7419354838709677,0.7419354838709677,0.9354838709677419,0.9354838709677419,0.9354838709677419,0.9032258064516129,0.9354838709677419,0.9354838709677419,0.9354838709677419,0.9354838709677419,0.9354838709677419,0.9354838709677419,0.9354838709677419,0.9354838709677419,0.9354838709677419,0.9032258064516129,0.9354838709677419,0.9354838709677419,0.7419354838709677,0.7419354838709677,0.7419354838709677,0.7419354838709677,0.7419354838709677
5122.0,162,146,0.9012345679012346,146,0.9012345679012346,138,0.8518518518518519,90,0.5555555555555556,0.9567901234567902,0.9506172839506173,0.9567901234567902,0.9506172839506173,0.9444444444444444,0.9444444444444444,0.9259259259259259,0.9197530864197531,0.6604938271604939,0.6296296296296297,0.9567901234567902,0.9074074074074074,0.9567901234567902,0.9197530864197531,0.9506172839506173,0.9444444444444444,0.9444444444444444,0.9135802469135802,0.9444444444444444,0.9135802469135802,0.9382716049382716,0.9382716049382716,0.8827160493827161,0.9012345679012346,0.9135802469135802,0.9320987654320988,0.6604938271604939,0.5987654320987654,0.5987654320987654,0.654320987654321,0.5679012345679012
5130.0,57,43,0.7543859649122807,43,0.7543859649122807,31,0.543859649122807,26,0.45614035087719296,0.9473684210526315,0.7894736842105263,0.9473684210526315,0.7719298245614035,0.8421052631578947,0.7017543859649122,0.9122807017543859,0.7719298245614035,0.7543859649122807,0.6140350877192983,0.9473684210526315,0.7368421052631579,0.9473684210526315,0.7368421052631579,0.8771929824561403,0.8596491228070176,0.8596491228070176,0.8421052631578947,0.8596491228070176,0.7894736842105263,0.8596491228070176,0.6842105263157895,0.631578947368421,0.631578947368421,0.6140350877192983,0.6491228070175439,0.7543859649122807,0.631578947368421,0.631578947368421,0.6842105263157895,0.47368421052631576
5140.0,117,77,0.6581196581196581,77,0.6581196581196581,48,0.41025641025641024,31,0.26495726495726496,0.8034188034188035,0.5128205128205128,0.811965811965812,0.5299145299145299,0.7948717948717948,0.5042735042735043,0.7948717948717948,0.5128205128205128,0.41025641025641024,0.28205128205128205,0.6923076923076923,0.452991452991453,0.7521367521367521,0.452991452991453,0.8034188034188035,0.6752136752136753,0.7435897435897436,0.7863247863247863,0.7948717948717948,0.7863247863247863,0.6666666666666666,0.5128205128205128,0.4358974358974359,0.4444444444444444,0.5042735042735043,0.5128205128205128,0.41025641025641024,0.4017094017094017,0.39316239316239315,0.41025641025641024,0.28205128205128205
5141.0,109,97,0.8899082568807339,97,0.8899082568807339,62,0.5688073394495413,33,0.30275229357798167,0.944954128440367,0.6055045871559633,0.944954128440367,0.6055045871559633,0.944954128440367,0.6055045871559633,0.9357798165137615,0.5963302752293578,0.6605504587155964,0.3302752293577982,0.8990825688073395,0.5779816513761468,0.9357798165137615,0.5963302752293578,0.944954128440367,0.8990825688073395,0.9357798165137615,0.9357798165137615,0.944954128440367,0.9357798165137615,0.8990825688073395,0.6055045871559633,0.5779816513761468,0.5963302752293578,0.5963302752293578,0.6055045871559633,0.6605504587155964,0.6146788990825688,0.6513761467889908,0.6605504587155964,0.3211009174311927
5150.0,83,70,0.8433734939759037,70,0.8433734939759037,57,0.6867469879518072,21,0.25301204819277107,0.927710843373494,0.7951807228915663,0.927710843373494,0.7831325301204819,0.9036144578313253,0.7710843373493976,0.9036144578313253,0.7710843373493976,0.3855421686746988,0.27710843373493976,0.9036144578313253,0.7710843373493976,0.9036144578313253,0.7710843373493976,0.9156626506024096,0.8795180722891566,0.8795180722891566,0.891566265060241,0.9156626506024096,0.8795180722891566,0.8795180722891566,0.7710843373493976,0.7349397590361446,0.7349397590361446,0.7349397590361446,0.7590361445783133,0.3855421686746988,0.3614457831325301,0.3614457831325301,0.3855421686746988,0.25301204819277107
5160.0,68,61,0.8970588235294118,61,0.8970588235294118,49,0.7205882352941176,41,0.6029411764705882,0.9411764705882353,0.7941176470588235,0.9411764705882353,0.7794117647058824,0.9411764705882353,0.7941176470588235,0.9411764705882353,0.7794117647058824,0.6176470588235294,0.6029411764705882,0.9117647058823529,0.75,0.8970588235294118,0.7205882352941176,0.9411764705882353,0.9117647058823529,0.8970588235294118,0.9411764705882353,0.9411764705882353,0.9411764705882353,0.8970588235294118,0.7794117647058824,0.7352941176470589,0.7205882352941176,0.7794117647058824,0.7794117647058824,0.6176470588235294,0.6176470588235294,0.6176470588235294,0.6176470588235294,0.6029411764705882
5171.0,65,54,0.8307692307692308,54,0.8307692307692308,52,0.8,36,0.5538461538461539,0.9692307692307692,0.9384615384615385,0.9384615384615385,0.9076923076923077,0.9692307692307692,0.9384615384615385,0.9692307692307692,0.9384615384615385,0.6615384615384615,0.6461538461538462,0.8615384615384616,0.8461538461538461,0.9692307692307692,0.9384615384615385,0.9692307692307692,0.8615384615384616,0.9692307692307692,0.9692307692307692,0.9384615384615385,0.9692307692307692,0.8615384615384616,0.9384615384615385,0.8307692307692308,0.9384615384615385,0.9384615384615385,0.9076923076923077,0.6615384615384615,0.5692307692307692,0.6615384615384615,0.6615384615384615,0.6461538461538462
5172.0,72,49,0.6805555555555556,49,0.6805555555555556,46,0.6388888888888888,40,0.5555555555555556,0.9444444444444444,0.9166666666666666,0.7361111111111112,0.7083333333333334,0.9444444444444444,0.9166666666666666,0.9444444444444444,0.9166666666666666,0.625,0.5833333333333334,0.9027777777777778,0.875,0.9027777777777778,0.8472222222222222,0.9444444444444444,0.9027777777777778,0.9027777777777778,0.9444444444444444,0.7361111111111112,0.9444444444444444,0.8611111111111112,0.9166666666666666,0.8611111111111112,0.8472222222222222,0.9166666666666666,0.7083333333333334,0.625,0.5833333333333334,0.625,0.625,0.5833333333333334
5180.0,23,13,0.5652173913043478,13,0.5652173913043478,12,0.5217391304347826,1,0.043478260869565216,0.782608695652174,0.7391304347826086,0.8695652173913043,0.8260869565217391,0.6521739130434783,0.6086956521739131,0.7391304347826086,0.6521739130434783,0.13043478260869565,0.043478260869565216,0.8260869565217391,0.7391304347826086,0.782608695652174,0.6956521739130435,0.782608695652174,0.7391304347826086,0.6956521739130435,0.6521739130434783,0.782608695652174,0.6521739130434783,0.6956521739130435,0.7391304347826086,0.6521739130434783,0.6086956521739131,0.5652173913043478,0.7391304347826086,0.13043478260869565,0.13043478260869565,0.13043478260869565,0.13043478260869565,0.043478260869565216
5190.0,94,70,0.7446808510638298,70,0.7446808510638298,56,0.5957446808510638,30,0.3191489361702128,0.8617021276595744,0.723404255319149,0.8723404255319149,0.7340425531914894,0.8191489361702128,0.6808510638297872,0.8085106382978723,0.6702127659574468,0.4787234042553192,0.40425531914893614,0.851063829787234,0.6702127659574468,0.8404255319148937,0.6595744680851063,0.8617021276595744,0.8404255319148937,0.8297872340425532,0.776595744680851,0.8617021276595744,0.776595744680851,0.8297872340425532,0.723404255319149,0.6702127659574468,0.6595744680851063,0.6382978723404256,0.723404255319149,0.4787234042553192,0.39361702127659576,0.39361702127659576,0.4787234042553192,0.3191489361702128
5200.0,70,54,0.7714285714285715,54,0.7714285714285715,43,0.6142857142857143,40,0.5714285714285714,0.9714285714285714,0.8142857142857143,0.9714285714285714,0.8142857142857143,0.9571428571428572,0.8,0.8142857142857143,0.6571428571428571,0.8142857142857143,0.6571428571428571,0.9714285714285714,0.8,0.9714285714285714,0.8,0.8857142857142857,0.8714285714285714,0.8714285714285714,0.7857142857142857,0.8857142857142857,0.7857142857142857,0.8714285714285714,0.7142857142857143,0.6857142857142857,0.6857142857142857,0.6285714285714286,0.7142857142857143,0.8142857142857143,0.7285714285714285,0.7285714285714285,0.7428571428571429,0.5714285714285714
5211.0,98,86,0.8775510204081632,86,0.8775510204081632,62,0.6326530612244898,45,0.45918367346938777,0.9489795918367347,0.7244897959183674,0.9591836734693877,0.7346938775510204,0.9285714285714286,0.7040816326530612,0.9591836734693877,0.7346938775510204,0.6122448979591837,0.46938775510204084,0.9591836734693877,0.7244897959183674,0.9489795918367347,0.7142857142857143,0.9081632653061225,0.9081632653061225,0.8979591836734694,0.9285714285714286,0.9081632653061225,0.8877551020408163,0.8979591836734694,0.673469387755102,0.6632653061224489,0.6530612244897959,0.673469387755102,0.673469387755102,0.6122448979591837,0.6122448979591837,0.6122448979591837,0.6122448979591837,0.45918367346938777
5311.0,94,76,0.8085106382978723,76,0.8085106382978723,15,0.1595744680851064,9,0.09574468085106383,0.9361702127659575,0.19148936170212766,0.8936170212765957,0.18085106382978725,0.9361702127659575,0.19148936170212766,0.9361702127659575,0.19148936170212766,0.4148936170212766,0.09574468085106383,0.851063829787234,0.1702127659574468,0.8829787234042553,0.19148936170212766,0.9361702127659575,0.851063829787234,0.8829787234042553,0.9361702127659575,0.8936170212765957,0.9361702127659575,0.8404255319148937,0.19148936170212766,0.1702127659574468,0.19148936170212766,0.19148936170212766,0.18085106382978725,0.4148936170212766,0.4148936170212766,0.4148936170212766,0.4148936170212766,0.09574468085106383
5331.0,150,118,0.7866666666666666,118,0.7866666666666666,56,0.37333333333333335,34,0.22666666666666666,0.9133333333333333,0.38666666666666666,0.9133333333333333,0.38666666666666666,0.9133333333333333,0.38666666666666666,0.9133333333333333,0.38666666666666666,0.54,0.24,0.7933333333333333,0.37333333333333335,0.8866666666666667,0.38666666666666666,0.9133333333333333,0.7866666666666666,0.88,0.9133333333333333,0.9133333333333333,0.9133333333333333,0.7866666666666666,0.38666666666666666,0.37333333333333335,0.38666666666666666,0.38666666666666666,0.38666666666666666,0.54,0.49333333333333335,0.54,0.54,0.24
5399.0,5,5,1.0,5,1.0,5,1.0,3,0.6,1.0,1.0,1.0,1.0,1.0,1.0,1.0,1.0,0.8,0.6,1.0,1.0,1.0,1.0,1.0,1.0,1.0,1.0,1.0,1.0,1.0,1.0,1.0,1.0,1.0,1.0,0.8,0.8,0.8,0.8,0.6
5400.0,77,37,0.4805194805194805,37,0.4805194805194805,27,0.35064935064935066,19,0.24675324675324675,0.6363636363636364,0.4805194805194805,0.7532467532467533,0.5974025974025974,0.5844155844155844,0.4155844155844156,0.6233766233766234,0.4675324675324675,0.35064935064935066,0.24675324675324675,0.7272727272727273,0.5714285714285714,0.6883116883116883,0.5324675324675324,0.6363636363636364,0.5974025974025974,0.5844155844155844,0.5324675324675324,0.6363636363636364,0.5324675324675324,0.5844155844155844,0.4675324675324675,0.42857142857142855,0.42857142857142855,0.37662337662337664,0.4675324675324675,0.35064935064935066,0.35064935064935066,0.33766233766233766,0.35064935064935066,0.24675324675324675
5411.0,150,137,0.9133333333333333,137,0.9133333333333333,49,0.32666666666666666,31,0.20666666666666667,0.9333333333333333,0.35333333333333333,0.94,0.35333333333333333,0.9333333333333333,0.35333333333333333,0.94,0.36,0.5666666666666667,0.20666666666666667,0.92,0.34,0.92,0.34,0.9333333333333333,0.9133333333333333,0.9133333333333333,0.9333333333333333,0.9333333333333333,0.9333333333333333,0.9133333333333333,0.35333333333333333,0.3333333333333333,0.3333333333333333,0.35333333333333333,0.3466666666666667,0.5666666666666667,0.5666666666666667,0.5666666666666667,0.5666666666666667,0.20666666666666667
5412.0,13,6,0.46153846153846156,6,0.46153846153846156,5,0.38461538461538464,6,0.46153846153846156,0.7692307692307693,0.6153846153846154,0.7692307692307693,0.6153846153846154,0.7692307692307693,0.6153846153846154,0.5384615384615384,0.38461538461538464,0.5384615384615384,0.46153846153846156,0.6923076923076923,0.6153846153846154,0.6923076923076923,0.6153846153846154,0.7692307692307693,0.6923076923076923,0.6923076923076923,0.5384615384615384,0.7692307692307693,0.5384615384615384,0.6923076923076923,0.6153846153846154,0.6153846153846154,0.6153846153846154,0.38461538461538464,0.6153846153846154,0.5384615384615384,0.5384615384615384,0.5384615384615384,0.5384615384615384,0.46153846153846156
5500.0,245,210,0.8571428571428571,210,0.8571428571428571,199,0.8122448979591836,68,0.27755102040816326,0.963265306122449,0.9142857142857143,0.9673469387755103,0.9224489795918367,0.8938775510204081,0.8408163265306122,0.8816326530612245,0.8367346938775511,0.3224489795918367,0.2857142857142857,0.9510204081632653,0.8979591836734694,0.9551020408163265,0.9020408163265307,0.963265306122449,0.9469387755102041,0.9510204081632653,0.8775510204081632,0.963265306122449,0.8775510204081632,0.9428571428571428,0.9142857142857143,0.889795918367347,0.8938775510204081,0.8326530612244898,0.9142857142857143,0.3224489795918367,0.3142857142857143,0.3224489795918367,0.3224489795918367,0.2857142857142857
5531.0,82,76,0.926829268292683,76,0.926829268292683,48,0.5853658536585366,35,0.4268292682926829,0.975609756097561,0.5975609756097561,0.975609756097561,0.5975609756097561,0.975609756097561,0.5975609756097561,0.975609756097561,0.5975609756097561,0.7439024390243902,0.4634146341463415,0.926829268292683,0.5853658536585366,0.9512195121951219,0.5975609756097561,0.975609756097561,0.926829268292683,0.9512195121951219,0.975609756097561,0.975609756097561,0.975609756097561,0.926829268292683,0.5975609756097561,0.5853658536585366,0.5975609756097561,0.5975609756097561,0.5975609756097561,0.7439024390243902,0.6951219512195121,0.7195121951219512,0.7439024390243902,0.4268292682926829
5600.0,172,132,0.7674418604651163,132,0.7674418604651163,35,0.20348837209302326,22,0.12790697674418605,0.877906976744186,0.23255813953488372,0.8895348837209303,0.2441860465116279,0.8662790697674418,0.22093023255813954,0.872093023255814,0.22674418604651161,0.5697674418604651,0.14534883720930233,0.8023255813953488,0.22674418604651161,0.8255813953488372,0.22674418604651161,0.8662790697674418,0.7790697674418605,0.8023255813953488,0.8604651162790697,0.8662790697674418,0.8546511627906976,0.7790697674418605,0.22093023255813954,0.20348837209302326,0.20930232558139536,0.20930232558139536,0.22093023255813954,0.5697674418604651,0.5406976744186046,0.563953488372093,0.563953488372093,0.14534883720930233
5621.0,89,61,0.6853932584269663,61,0.6853932584269663,16,0.1797752808988764,9,0.10112359550561797,0.8764044943820225,0.2247191011235955,0.8764044943820225,0.2247191011235955,0.8651685393258427,0.2247191011235955,0.8202247191011236,0.19101123595505617,0.5056179775280899,0.11235955056179775,0.7303370786516854,0.19101123595505617,0.7865168539325843,0.21348314606741572,0.8764044943820225,0.7303370786516854,0.7865168539325843,0.8202247191011236,0.8764044943820225,0.8202247191011236,0.7303370786516854,0.2247191011235955,0.19101123595505617,0.21348314606741572,0.19101123595505617,0.2247191011235955,0.5056179775280899,0.42696629213483145,0.48314606741573035,0.5056179775280899,0.11235955056179775
5651.0,156,143,0.9166666666666666,143,0.9166666666666666,36,0.23076923076923078,25,0.16025641025641027,0.9487179487179487,0.24358974358974358,0.9487179487179487,0.24358974358974358,0.9423076923076923,0.23717948717948717,0.9423076923076923,0.23717948717948717,0.6410256410256411,0.16025641025641027,0.9230769230769231,0.24358974358974358,0.9230769230769231,0.23717948717948717,0.9487179487179487,0.9230769230769231,0.9230769230769231,0.9423076923076923,0.9487179487179487,0.9423076923076923,0.9230769230769231,0.24358974358974358,0.24358974358974358,0.23717948717948717,0.23717948717948717,0.24358974358974358,0.6410256410256411,0.6410256410256411,0.6410256410256411,0.6410256410256411,0.16025641025641027
5661.0,65,54,0.8307692307692308,54,0.8307692307692308,8,0.12307692307692308,6,0.09230769230769231,0.8923076923076924,0.12307692307692308,0.8923076923076924,0.12307692307692308,0.8923076923076924,0.12307692307692308,0.8923076923076924,0.12307692307692308,0.7384615384615385,0.09230769230769231,0.8307692307692308,0.12307692307692308,0.8307692307692308,0.12307692307692308,0.8923076923076924,0.8307692307692308,0.8307692307692308,0.8923076923076924,0.8923076923076924,0.8923076923076924,0.8307692307692308,0.12307692307692308,0.12307692307692308,0.12307692307692308,0.12307692307692308,0.12307692307692308,0.7384615384615385,0.7384615384615385,0.7384615384615385,0.7384615384615385,0.09230769230769231
5700.0,93,66,0.7096774193548387,66,0.7096774193548387,33,0.3548387096774194,21,0.22580645161290322,0.8924731182795699,0.44086021505376344,0.8924731182795699,0.44086021505376344,0.8924731182795699,0.43010752688172044,0.8602150537634409,0.40860215053763443,0.6344086021505376,0.25806451612903225,0.7419354838709677,0.3870967741935484,0.8279569892473119,0.40860215053763443,0.8924731182795699,0.7419354838709677,0.8279569892473119,0.8602150537634409,0.8924731182795699,0.8602150537634409,0.7311827956989247,0.44086021505376344,0.3870967741935484,0.40860215053763443,0.3978494623655914,0.44086021505376344,0.6344086021505376,0.5376344086021505,0.6344086021505376,0.6344086021505376,0.24731182795698925
5712.0,38,30,0.7894736842105263,30,0.7894736842105263,18,0.47368421052631576,8,0.21052631578947367,0.9210526315789473,0.5263157894736842,0.9473684210526315,0.5526315789473685,0.9210526315789473,0.5263157894736842,0.9473684210526315,0.5526315789473685,0.5263157894736842,0.23684210526315788,0.8157894736842105,0.5,0.9473684210526315,0.5526315789473685,0.9210526315789473,0.7894736842105263,0.9210526315789473,0.9210526315789473,0.9210526315789473,0.9210526315789473,0.7894736842105263,0.5263157894736842,0.47368421052631576,0.5263157894736842,0.5263157894736842,0.5263157894736842,0.5263157894736842,0.47368421052631576,0.5263157894736842,0.5263157894736842,0.23684210526315788
5731.0,56,35,0.625,35,0.625,23,0.4107142857142857,12,0.21428571428571427,0.875,0.6428571428571429,0.8392857142857143,0.5892857142857143,0.875,0.6428571428571429,0.7857142857142857,0.5535714285714286,0.375,0.21428571428571427,0.7857142857142857,0.5892857142857143,0.8035714285714286,0.6071428571428571,0.8571428571428571,0.7678571428571429,0.7857142857142857,0.7678571428571429,0.8214285714285714,0.75,0.7678571428571429,0.6428571428571429,0.5714285714285714,0.5892857142857143,0.5357142857142857,0.5892857142857143,0.375,0.375,0.375,0.375,0.21428571428571427
5734.0,46,36,0.782608695652174,36,0.782608695652174,24,0.5217391304347826,7,0.15217391304347827,0.8260869565217391,0.5869565217391305,0.8260869565217391,0.5869565217391305,0.8043478260869565,0.5652173913043478,0.8478260869565217,0.6086956521739131,0.45652173913043476,0.17391304347826086,0.8478260869565217,0.6086956521739131,0.8260869565217391,0.5652173913043478,0.8260869565217391,0.8043478260869565,0.8043478260869565,0.782608695652174,0.8260869565217391,0.782608695652174,0.8043478260869565,0.5652173913043478,0.5434782608695652,0.5434782608695652,0.5434782608695652,0.5652173913043478,0.45652173913043476,0.43478260869565216,0.43478260869565216,0.45652173913043476,0.17391304347826086
5735.0,15,11,0.7333333333333333,11,0.7333333333333333,1,0.06666666666666667,0,0.0,0.8666666666666667,0.13333333333333333,0.8666666666666667,0.13333333333333333,0.8666666666666667,0.13333333333333333,0.8666666666666667,0.13333333333333333,0.26666666666666666,0.0,0.7333333333333333,0.06666666666666667,0.7333333333333333,0.06666666666666667,0.8666666666666667,0.7333333333333333,0.7333333333333333,0.8666666666666667,0.8666666666666667,0.8666666666666667,0.7333333333333333,0.13333333333333333,0.06666666666666667,0.06666666666666667,0.13333333333333333,0.13333333333333333,0.26666666666666666,0.26666666666666666,0.26666666666666666,0.26666666666666666,0.0
5810.0,137,116,0.8467153284671532,116,0.8467153284671532,73,0.5328467153284672,29,0.2116788321167883,0.9051094890510949,0.5912408759124088,0.9124087591240876,0.5985401459854015,0.8905109489051095,0.5766423357664233,0.8905109489051095,0.5766423357664233,0.36496350364963503,0.24087591240875914,0.8759124087591241,0.5766423357664233,0.8832116788321168,0.5693430656934306,0.9051094890510949,0.8613138686131386,0.8759124087591241,0.8905109489051095,0.9051094890510949,0.8905109489051095,0.8613138686131386,0.5912408759124088,0.5547445255474452,0.5620437956204379,0.5766423357664233,0.5912408759124088,0.36496350364963503,0.3357664233576642,0.34306569343065696,0.35766423357664234,0.21897810218978103
5812.0,717,582,0.8117154811715481,582,0.8117154811715481,253,0.3528591352859135,163,0.22733612273361228,0.9065550906555091,0.4295676429567643,0.9079497907949791,0.43375174337517436,0.891213389121339,0.41841004184100417,0.898186889818689,0.42398884239888424,0.5397489539748954,0.2510460251046025,0.8744769874476988,0.400278940027894,0.8828451882845189,0.41422594142259417,0.891213389121339,0.8396094839609484,0.8633193863319386,0.8842398884239888,0.8870292887029289,0.8758716875871687,0.8270571827057183,0.41283124128312415,0.3682008368200837,0.3905160390516039,0.40446304044630405,0.41143654114365413,0.5397489539748954,0.496513249651325,0.5258019525801952,0.5341701534170153,0.24267782426778242
5900.0,335,220,0.6567164179104478,220,0.6567164179104478,174,0.5194029850746269,70,0.208955223880597,0.8388059701492537,0.7223880597014926,0.8029850746268656,0.6925373134328359,0.7970149253731343,0.6776119402985075,0.826865671641791,0.7164179104477612,0.33432835820895523,0.26865671641791045,0.7820895522388059,0.6746268656716418,0.7731343283582089,0.6537313432835821,0.7850746268656716,0.7223880597014926,0.7343283582089553,0.7791044776119403,0.746268656716418,0.7611940298507462,0.7134328358208956,0.6507462686567164,0.591044776119403,0.5940298507462687,0.6328358208955224,0.608955223880597,0.33432835820895523,0.2746268656716418,0.28955223880597014,0.3253731343283582,0.2298507462686567
5912.0,122,107,0.8770491803278688,107,0.8770491803278688,95,0.7786885245901639,62,0.5081967213114754,0.9344262295081968,0.8442622950819673,0.9344262295081968,0.8442622950819673,0.9180327868852459,0.8278688524590164,0.9016393442622951,0.8114754098360656,0.5655737704918032,0.5245901639344263,0.9180327868852459,0.819672131147541,0.9098360655737705,0.8114754098360656,0.9344262295081968,0.9180327868852459,0.9098360655737705,0.9016393442622951,0.9344262295081968,0.9016393442622951,0.9098360655737705,0.8442622950819673,0.819672131147541,0.8114754098360656,0.8114754098360656,0.8442622950819673,0.5655737704918032,0.5655737704918032,0.5573770491803278,0.5655737704918032,0.5245901639344263
5940.0,146,108,0.7397260273972602,108,0.7397260273972602,44,0.3013698630136986,37,0.2534246575342466,0.8904109589041096,0.363013698630137,0.8904109589041096,0.363013698630137,0.8835616438356164,0.3561643835616438,0.8904109589041096,0.363013698630137,0.7191780821917808,0.273972602739726,0.7671232876712328,0.3287671232876712,0.8493150684931506,0.3424657534246575,0.8835616438356164,0.7534246575342466,0.8356164383561644,0.8835616438356164,0.8767123287671232,0.8767123287671232,0.7534246575342466,0.3561643835616438,0.3150684931506849,0.3287671232876712,0.3561643835616438,0.3493150684931507,0.7191780821917808,0.6301369863013698,0.7123287671232876,0.7191780821917808,0.2671232876712329
5944.0,54,44,0.8148148148148148,44,0.8148148148148148,29,0.5370370370370371,26,0.48148148148148145,0.9259259259259259,0.6481481481481481,0.9259259259259259,0.6481481481481481,0.8888888888888888,0.5925925925925926,0.8888888888888888,0.6296296296296297,0.7407407407407407,0.5185185185185185,0.8703703703703703,0.5925925925925926,0.9074074074074074,0.6296296296296297,0.9259259259259259,0.8703703703703703,0.9074074074074074,0.8518518518518519,0.9259259259259259,0.8518518518518519,0.8703703703703703,0.6296296296296297,0.5740740740740741,0.6111111111111112,0.5740740740740741,0.6296296296296297,0.7407407407407407,0.7037037037037037,0.7407407407407407,0.7407407407407407,0.5185185185185185
5945.0,32,22,0.6875,22,0.6875,6,0.1875,6,0.1875,0.875,0.21875,0.875,0.21875,0.875,0.21875,0.875,0.21875,0.5625,0.1875,0.6875,0.1875,0.75,0.21875,0.875,0.6875,0.75,0.875,0.875,0.875,0.6875,0.21875,0.1875,0.21875,0.21875,0.21875,0.5625,0.5625,0.5625,0.5625,0.1875
5960.0,148,103,0.6959459459459459,103,0.6959459459459459,96,0.6486486486486487,58,0.3918918918918919,0.8851351351351351,0.831081081081081,0.8581081081081081,0.8243243243243243,0.8243243243243243,0.7635135135135135,0.8986486486486487,0.8783783783783784,0.4797297297297297,0.43243243243243246,0.8986486486486487,0.8716216216216216,0.8783783783783784,0.8513513513513513,0.8175675675675675,0.7972972972972973,0.7837837837837838,0.8175675675675675,0.7702702702702703,0.777027027027027,0.777027027027027,0.7364864864864865,0.7297297297297297,0.722972972972973,0.722972972972973,0.6891891891891891,0.4797297297297297,0.44594594594594594,0.43243243243243246,0.46621621621621623,0.40540540540540543
5961.0,273,222,0.8131868131868132,222,0.8131868131868132,190,0.6959706959706959,109,0.3992673992673993,0.9230769230769231,0.8205128205128205,0.9194139194139194,0.8205128205128205,0.8791208791208791,0.7802197802197802,0.9157509157509157,0.8205128205128205,0.5018315018315018,0.4249084249084249,0.8901098901098901,0.7912087912087912,0.8937728937728938,0.7765567765567766,0.9084249084249084,0.8717948717948718,0.8754578754578755,0.8717948717948718,0.9047619047619048,0.8571428571428571,0.8608058608058609,0.7985347985347986,0.7472527472527473,0.7472527472527473,0.7619047619047619,0.7948717948717948,0.5018315018315018,0.47985347985347987,0.4908424908424908,0.5018315018315018,0.4175824175824176
5990.0,217,141,0.6497695852534562,141,0.6497695852534562,103,0.47465437788018433,83,0.3824884792626728,0.8940092165898618,0.7096774193548387,0.8709677419354839,0.6820276497695853,0.847926267281106,0.663594470046083,0.8387096774193549,0.6497695852534562,0.5253456221198156,0.41013824884792627,0.8433179723502304,0.6589861751152074,0.8755760368663594,0.6866359447004609,0.8709677419354839,0.7880184331797235,0.8202764976958525,0.8018433179723502,0.815668202764977,0.7926267281105991,0.7788018433179723,0.6912442396313364,0.6082949308755761,0.6405529953917051,0.5990783410138248,0.631336405529954,0.5253456221198156,0.4930875576036866,0.511520737327189,0.5207373271889401,0.39631336405529954
7000.0,38,27,0.7105263157894737,27,0.7105263157894737,25,0.6578947368421053,4,0.10526315789473684,0.9473684210526315,0.9473684210526315,0.9473684210526315,0.9473684210526315,0.7368421052631579,0.7368421052631579,0.7368421052631579,0.7368421052631579,0.15789473684210525,0.10526315789473684,0.9473684210526315,0.8947368421052632,0.9210526315789473,0.868421052631579,0.9473684210526315,0.9473684210526315,0.9210526315789473,0.7368421052631579,0.9473684210526315,0.7368421052631579,0.9210526315789473,0.9473684210526315,0.8947368421052632,0.868421052631579,0.7105263157894737,0.9473684210526315,0.15789473684210525,0.10526315789473684,0.10526315789473684,0.15789473684210525,0.10526315789473684
7011.0,443,320,0.7223476297968398,320,0.7223476297968398,310,0.6997742663656885,101,0.22799097065462753,0.9006772009029346,0.8600451467268623,0.8871331828442438,0.8465011286681715,0.7990970654627539,0.7584650112866818,0.7968397291196389,0.7584650112866818,0.24153498871331827,0.23024830699774265,0.8397291196388262,0.8171557562076749,0.871331828442438,0.837471783295711,0.9006772009029346,0.837471783295711,0.871331828442438,0.7968397291196389,0.8871331828442438,0.7968397291196389,0.835214446952596,0.8600451467268623,0.8148984198645598,0.837471783295711,0.7562076749435666,0.8465011286681715,0.24153498871331827,0.23927765237020315,0.23927765237020315,0.24153498871331827,0.22799097065462753
7200.0,365,264,0.7232876712328767,264,0.7232876712328767,212,0.5808219178082191,133,0.3643835616438356,0.8767123287671232,0.7643835616438356,0.8684931506849315,0.7589041095890411,0.8191780821917808,0.6958904109589041,0.8164383561643835,0.7123287671232876,0.4712328767123288,0.3972602739726027,0.8767123287671232,0.7397260273972602,0.8767123287671232,0.7315068493150685,0.863013698630137,0.8328767123287671,0.8356164383561644,0.7698630136986301,0.8438356164383561,0.7671232876712328,0.8301369863013699,0.7424657534246575,0.6767123287671233,0.6794520547945205,0.6328767123287671,0.7205479452054795,0.4712328767123288,0.4438356164383562,0.4465753424657534,0.4684931506849315,0.37534246575342467
7310.0,383,288,0.7519582245430809,288,0.7519582245430809,251,0.6553524804177546,153,0.39947780678851175,0.9007832898172323,0.825065274151436,0.9007832898172323,0.8224543080939948,0.8407310704960835,0.7650130548302873,0.856396866840731,0.7806788511749347,0.5587467362924282,0.5169712793733682,0.8616187989556136,0.7702349869451697,0.8459530026109661,0.7519582245430809,0.8694516971279374,0.8198433420365535,0.8093994778067886,0.825065274151436,0.8694516971279374,0.8198433420365535,0.7963446475195822,0.7780678851174935,0.7180156657963447,0.7049608355091384,0.741514360313316,0.7780678851174935,0.5587467362924282,0.4621409921671018,0.4621409921671018,0.5404699738903395,0.4308093994778068
7311.0,143,123,0.8601398601398601,123,0.8601398601398601,120,0.8391608391608392,83,0.5804195804195804,0.9440559440559441,0.9300699300699301,0.9440559440559441,0.9300699300699301,0.8951048951048951,0.8881118881118881,0.8881118881118881,0.8741258741258742,0.6293706293706294,0.6013986013986014,0.9300699300699301,0.8951048951048951,0.9370629370629371,0.9090909090909091,0.9440559440559441,0.9300699300699301,0.9370629370629371,0.8671328671328671,0.9440559440559441,0.8671328671328671,0.9300699300699301,0.9230769230769231,0.8881118881118881,0.9020979020979021,0.8601398601398601,0.9230769230769231,0.6293706293706294,0.6013986013986014,0.6083916083916084,0.6293706293706294,0.5874125874125874
7320.0,104,81,0.7788461538461539,81,0.7788461538461539,80,0.7692307692307693,71,0.6826923076923077,0.9423076923076923,0.9423076923076923,0.9423076923076923,0.9423076923076923,0.7788461538461539,0.7788461538461539,0.7788461538461539,0.7788461538461539,0.6826923076923077,0.6826923076923077,0.9423076923076923,0.9326923076923077,0.9423076923076923,0.9326923076923077,0.9423076923076923,0.9423076923076923,0.9423076923076923,0.7788461538461539,0.9423076923076923,0.7788461538461539,0.9423076923076923,0.9423076923076923,0.9326923076923077,0.9326923076923077,0.7788461538461539,0.9423076923076923,0.6826923076923077,0.6826923076923077,0.6826923076923077,0.6826923076923077,0.6826923076923077
7330.0,41,32,0.7804878048780488,32,0.7804878048780488,31,0.7560975609756098,16,0.3902439024390244,1.0,1.0,1.0,1.0,0.8292682926829268,0.8292682926829268,0.8536585365853658,0.8536585365853658,0.4146341463414634,0.4146341463414634,1.0,0.9512195121951219,1.0,0.9512195121951219,1.0,1.0,1.0,0.7804878048780488,1.0,0.7804878048780488,1.0,1.0,0.9512195121951219,0.9512195121951219,0.7804878048780488,1.0,0.4146341463414634,0.4146341463414634,0.4146341463414634,0.4146341463414634,0.3902439024390244
7331.0,30,20,0.6666666666666666,20,0.6666666666666666,20,0.6666666666666666,17,0.5666666666666667,1.0,0.9666666666666667,1.0,0.9666666666666667,1.0,0.9666666666666667,1.0,0.9666666666666667,0.8,0.8,0.7333333333333333,0.7333333333333333,0.9333333333333333,0.9333333333333333,0.9666666666666667,0.7,0.9,1.0,0.9666666666666667,0.9666666666666667,0.6666666666666666,0.9333333333333333,0.7,0.9,0.9333333333333333,0.9333333333333333,0.8,0.6,0.7666666666666667,0.8,0.8
7340.0,53,31,0.5849056603773585,31,0.5849056603773585,30,0.5660377358490566,27,0.5094339622641509,0.7924528301886793,0.7735849056603774,0.7924528301886793,0.7735849056603774,0.7924528301886793,0.7735849056603774,0.7924528301886793,0.7547169811320755,0.5094339622641509,0.5094339622641509,0.6037735849056604,0.5849056603773585,0.7735849056603774,0.7547169811320755,0.7924528301886793,0.6037735849056604,0.7735849056603774,0.7924528301886793,0.7924528301886793,0.7924528301886793,0.5849056603773585,0.7735849056603774,0.5849056603773585,0.7547169811320755,0.7547169811320755,0.7735849056603774,0.5094339622641509,0.5094339622641509,0.5094339622641509,0.5094339622641509,0.5094339622641509
7350.0,120,34,0.2833333333333333,34,0.2833333333333333,33,0.275,53,0.44166666666666665,0.9916666666666667,0.9666666666666667,0.9916666666666667,0.9666666666666667,0.6666666666666666,0.6416666666666667,0.31666666666666665,0.3,0.45,0.44166666666666665,0.975,0.9583333333333334,0.9666666666666667,0.9416666666666667,0.9666666666666667,0.9583333333333334,0.95,0.31666666666666665,0.9666666666666667,0.2916666666666667,0.95,0.9416666666666667,0.9333333333333333,0.925,0.2916666666666667,0.9416666666666667,0.45,0.45,0.45,0.45,0.44166666666666665
7359.0,370,96,0.2594594594594595,96,0.2594594594594595,92,0.24864864864864866,195,0.527027027027027,0.9216216216216216,0.9027027027027027,0.9216216216216216,0.8945945945945946,0.2918918918918919,0.28378378378378377,0.2756756756756757,0.26756756756756755,0.5891891891891892,0.5621621621621622,0.8810810810810811,0.8324324324324325,0.9,0.8567567567567568,0.9135135135135135,0.8675675675675676,0.8891891891891892,0.2702702702702703,0.9135135135135135,0.2702702702702703,0.8594594594594595,0.8972972972972973,0.8216216216216217,0.845945945945946,0.2648648648648649,0.8891891891891892,0.5891891891891892,0.5621621621621622,0.581081081081081,0.5837837837837838,0.5621621621621622
7361.0,62,47,0.7580645161290323,47,0.7580645161290323,47,0.7580645161290323,33,0.532258064516129,0.8709677419354839,0.8709677419354839,0.8225806451612904,0.8225806451612904,0.8064516129032258,0.8064516129032258,0.9032258064516129,0.9032258064516129,0.532258064516129,0.532258064516129,0.9032258064516129,0.9032258064516129,0.9032258064516129,0.9032258064516129,0.8548387096774194,0.8548387096774194,0.8548387096774194,0.8064516129032258,0.8064516129032258,0.8064516129032258,0.8548387096774194,0.8548387096774194,0.8548387096774194,0.8548387096774194,0.8064516129032258,0.8064516129032258,0.532258064516129,0.532258064516129,0.532258064516129,0.532258064516129,0.532258064516129
7363.0,304,262,0.8618421052631579,262,0.8618421052631579,201,0.6611842105263158,98,0.3223684210526316,0.9407894736842105,0.7302631578947368,0.9407894736842105,0.7269736842105263,0.930921052631579,0.7203947368421053,0.9210526315789473,0.7072368421052632,0.4440789473684211,0.33881578947368424,0.9013157894736842,0.6973684210526315,0.9210526315789473,0.7171052631578947,0.9375,0.8914473684210527,0.9111842105263158,0.9144736842105263,0.9375,0.9111842105263158,0.8881578947368421,0.7269736842105263,0.6907894736842105,0.7105263157894737,0.7006578947368421,0.7236842105263158,0.4440789473684211,0.4342105263157895,0.4440789473684211,0.4440789473684211,0.33223684210526316
7370.0,579,465,0.8031088082901554,465,0.8031088082901554,446,0.770293609671848,321,0.5544041450777202,0.9222797927461139,0.9050086355785838,0.9205526770293609,0.9050086355785838,0.8791018998272885,0.8635578583765112,0.8963730569948186,0.8808290155440415,0.613126079447323,0.5906735751295337,0.9136442141623489,0.8721934369602763,0.9067357512953368,0.8687392055267703,0.9101899827288429,0.8877374784110535,0.8860103626943006,0.8497409326424871,0.9015544041450777,0.8393782383419689,0.8808290155440415,0.8894645941278065,0.8411053540587219,0.8480138169257341,0.8221070811744386,0.8808290155440415,0.613126079447323,0.5768566493955095,0.5803108808290155,0.6113989637305699,0.5630397236614854
7371.0,464,377,0.8125,377,0.8125,352,0.7586206896551724,241,0.5193965517241379,0.9461206896551724,0.915948275862069,0.9504310344827587,0.9181034482758621,0.9051724137931034,0.875,0.896551724137931,0.8620689655172413,0.6443965517241379,0.5969827586206896,0.8987068965517241,0.8448275862068966,0.9245689655172413,0.8620689655172413,0.9267241379310345,0.875,0.9008620689655172,0.875,0.9267241379310345,0.8685344827586207,0.8620689655172413,0.8922413793103449,0.8125,0.834051724137931,0.8318965517241379,0.8900862068965517,0.6443965517241379,0.5646551724137931,0.603448275862069,0.6271551724137931,0.5646551724137931
7372.0,2573,2136,0.8301593470656821,2136,0.8301593470656821,2009,0.7808006218422076,1266,0.49203264671589586,0.925767586474932,0.893509521958803,0.925767586474932,0.8931208705790905,0.8997279440342013,0.8647493198600855,0.8900116595413914,0.8573649436455499,0.5472211426350564,0.5153517294986397,0.9059463661095997,0.8577535950252624,0.9082782743878741,0.8581422464049747,0.9109988340458609,0.8826272833268558,0.8865137971239798,0.8701904391760591,0.9078896230081617,0.8647493198600855,0.8732996502137582,0.8736883015934707,0.8289933929265448,0.8328799067236689,0.8274387874076953,0.8705790905557714,0.5472211426350564,0.5305091333074232,0.5359502526233968,0.5445005829770696,0.504858142246405
7373.0,561,470,0.8377896613190731,470,0.8377896613190731,430,0.7664884135472371,290,0.5169340463458111,0.9180035650623886,0.8520499108734403,0.9180035650623886,0.8520499108734403,0.9073083778966132,0.839572192513369,0.9001782531194296,0.8360071301247772,0.6221033868092691,0.5561497326203209,0.8734402852049911,0.7985739750445633,0.893048128342246,0.8235294117647058,0.9162210338680927,0.8663101604278075,0.8894830659536542,0.8948306595365418,0.9144385026737968,0.893048128342246,0.8609625668449198,0.8484848484848485,0.7896613190730838,0.8181818181818182,0.8288770053475936,0.8449197860962567,0.6221033868092691,0.5882352941176471,0.6078431372549019,0.6185383244206774,0.5472370766488414
7374.0,936,774,0.8269230769230769,774,0.8269230769230769,716,0.7649572649572649,491,0.5245726495726496,0.9294871794871795,0.8920940170940171,0.9348290598290598,0.8995726495726496,0.8867521367521367,0.8450854700854701,0.8910256410256411,0.8547008547008547,0.5886752136752137,0.5587606837606838,0.9166666666666666,0.8450854700854701,0.9091880341880342,0.8354700854700855,0.9220085470085471,0.8963675213675214,0.8931623931623932,0.8653846153846154,0.9188034188034188,0.8643162393162394,0.8856837606837606,0.8803418803418803,0.8162393162393162,0.8162393162393162,0.8226495726495726,0.8771367521367521,0.5886752136752137,0.561965811965812,0.5641025641025641,0.5854700854700855,0.5331196581196581
7377.0,5,0,0.0,0,0.0,0,0.0,0,0.0,0.4,0.4,0.4,0.4,0.0,0.0,0.0,0.0,0.4,0.4,0.0,0.0,0.4,0.4,0.4,0.0,0.4,0.0,0.4,0.0,0.0,0.4,0.0,0.4,0.0,0.4,0.4,0.0,0.4,0.4,0.4
7380.0,205,139,0.6780487804878049,139,0.6780487804878049,123,0.6,78,0.3804878048780488,0.8682926829268293,0.7951219512195122,0.8829268292682927,0.8146341463414634,0.7414634146341463,0.6780487804878049,0.8390243902439024,0.7609756097560976,0.4682926829268293,0.424390243902439,0.8585365853658536,0.7560975609756098,0.8682926829268293,0.7560975609756098,0.8195121951219512,0.775609756097561,0.7951219512195122,0.7219512195121951,0.8146341463414634,0.7170731707317073,0.775609756097561,0.751219512195122,0.6780487804878049,0.697560975609756,0.6585365853658537,0.751219512195122,0.4682926829268293,0.4292682926829268,0.43902439024390244,0.4682926829268293,0.4
7381.0,72,53,0.7361111111111112,53,0.7361111111111112,48,0.6666666666666666,33,0.4583333333333333,0.875,0.8333333333333334,0.875,0.8333333333333334,0.8055555555555556,0.75,0.8333333333333334,0.7916666666666666,0.5833333333333334,0.5138888888888888,0.8611111111111112,0.8055555555555556,0.7916666666666666,0.7361111111111112,0.8611111111111112,0.8472222222222222,0.7916666666666666,0.7638888888888888,0.8611111111111112,0.7638888888888888,0.7916666666666666,0.8055555555555556,0.7777777777777778,0.7222222222222222,0.6944444444444444,0.8055555555555556,0.5833333333333334,0.5555555555555556,0.5555555555555556,0.5833333333333334,0.4861111111111111
7384.0,8,7,0.875,7,0.875,7,0.875,7,0.875,0.875,0.875,0.875,0.875,0.875,0.875,0.875,0.875,0.875,0.875,0.875,0.875,0.875,0.875,0.875,0.875,0.875,0.875,0.875,0.875,0.875,0.875,0.875,0.875,0.875,0.875,0.875,0.875,0.875,0.875,0.875
7385.0,10,8,0.8,8,0.8,7,0.7,6,0.6,0.9,0.8,0.9,0.8,0.9,0.8,0.9,0.8,0.8,0.6,0.8,0.7,0.8,0.7,0.9,0.8,0.8,0.9,0.9,0.9,0.8,0.8,0.7,0.7,0.8,0.8,0.8,0.8,0.8,0.8,0.6
7389.0,1948,1469,0.7541067761806981,1469,0.7541067761806981,1379,0.7079055441478439,944,0.48459958932238195,0.8921971252566735,0.8603696098562629,0.8947638603696099,0.8639630390143738,0.8326488706365504,0.8013347022587269,0.8295687885010267,0.8013347022587269,0.5467145790554415,0.5164271047227926,0.8701232032854209,0.8275154004106776,0.8675564681724846,0.824435318275154,0.8809034907597536,0.8429158110882957,0.8475359342915811,0.8074948665297741,0.87782340862423,0.803388090349076,0.8305954825462012,0.8439425051334702,0.7910677618069816,0.7972279260780287,0.7679671457905544,0.8403490759753593,0.5467145790554415,0.5200205338809035,0.5241273100616016,0.5410677618069816,0.49691991786447637
7500.0,42,28,0.6666666666666666,28,0.6666666666666666,17,0.40476190476190477,11,0.2619047619047619,0.7619047619047619,0.42857142857142855,0.7619047619047619,0.42857142857142855,0.7619047619047619,0.42857142857142855,0.7619047619047619,0.42857142857142855,0.5,0.2619047619047619,0.7142857142857143,0.42857142857142855,0.6904761904761905,0.40476190476190477,0.7619047619047619,0.6904761904761905,0.6666666666666666,0.7619047619047619,0.7619047619047619,0.7619047619047619,0.6666666666666666,0.42857142857142855,0.42857142857142855,0.40476190476190477,0.42857142857142855,0.42857142857142855,0.5,0.5,0.5,0.5,0.2619047619047619
7510.0,91,51,0.5604395604395604,51,0.5604395604395604,41,0.45054945054945056,44,0.4835164835164835,0.8681318681318682,0.8571428571428571,0.8681318681318682,0.8571428571428571,0.5604395604395604,0.5604395604395604,0.5714285714285714,0.5714285714285714,0.5054945054945055,0.4945054945054945,0.8681318681318682,0.7472527472527473,0.8681318681318682,0.8351648351648352,0.8681318681318682,0.8571428571428571,0.8571428571428571,0.5604395604395604,0.8681318681318682,0.5604395604395604,0.8571428571428571,0.8571428571428571,0.7362637362637363,0.8241758241758241,0.5604395604395604,0.8571428571428571,0.5054945054945055,0.5054945054945055,0.5054945054945055,0.4945054945054945,0.4945054945054945
7600.0,46,28,0.6086956521739131,28,0.6086956521739131,25,0.5434782608695652,24,0.5217391304347826,0.8695652173913043,0.8043478260869565,0.8695652173913043,0.8260869565217391,0.8695652173913043,0.8043478260869565,0.6956521739130435,0.6521739130434783,0.6304347826086957,0.5434782608695652,0.8260869565217391,0.7391304347826086,0.782608695652174,0.6956521739130435,0.8695652173913043,0.8260869565217391,0.782608695652174,0.6956521739130435,0.8695652173913043,0.6956521739130435,0.782608695652174,0.8043478260869565,0.7391304347826086,0.6956521739130435,0.6304347826086957,0.8043478260869565,0.6304347826086957,0.6304347826086957,0.5869565217391305,0.6304347826086957,0.5434782608695652
7812.0,204,132,0.6470588235294118,132,0.6470588235294118,122,0.5980392156862745,82,0.4019607843137255,0.8529411764705882,0.8137254901960784,0.8382352941176471,0.7941176470588235,0.7303921568627451,0.696078431372549,0.7303921568627451,0.696078431372549,0.4411764705882353,0.4264705882352941,0.8186274509803921,0.7745098039215687,0.803921568627451,0.7696078431372549,0.8333333333333334,0.7941176470588235,0.7843137254901961,0.6862745098039216,0.8137254901960784,0.6813725490196079,0.7843137254901961,0.7843137254901961,0.7401960784313726,0.7450980392156863,0.6421568627450981,0.7598039215686274,0.4411764705882353,0.4264705882352941,0.4264705882352941,0.4411764705882353,0.4068627450980392
7819.0,65,48,0.7384615384615385,48,0.7384615384615385,45,0.6923076923076923,20,0.3076923076923077,0.8923076923076924,0.8769230769230769,0.8923076923076924,0.8769230769230769,0.8,0.7846153846153846,0.7384615384615385,0.7230769230769231,0.46153846153846156,0.4461538461538462,0.8923076923076924,0.8615384615384616,0.8923076923076924,0.8615384615384616,0.8923076923076924,0.8923076923076924,0.8923076923076924,0.7384615384615385,0.8923076923076924,0.7384615384615385,0.8923076923076924,0.8769230769230769,0.8461538461538461,0.8461538461538461,0.7076923076923077,0.8769230769230769,0.46153846153846156,0.3230769230769231,0.3230769230769231,0.46153846153846156,0.3384615384615385
7822.0,41,21,0.5121951219512195,21,0.5121951219512195,20,0.4878048780487805,8,0.1951219512195122,0.7560975609756098,0.7073170731707317,0.7317073170731707,0.6829268292682927,0.5609756097560976,0.5121951219512195,0.6585365853658537,0.5853658536585366,0.21951219512195122,0.1951219512195122,0.7317073170731707,0.6829268292682927,0.7317073170731707,0.6829268292682927,0.7560975609756098,0.7073170731707317,0.7073170731707317,0.5609756097560976,0.7317073170731707,0.5609756097560976,0.7073170731707317,0.7073170731707317,0.6829268292682927,0.6829268292682927,0.4878048780487805,0.6829268292682927,0.21951219512195122,0.21951219512195122,0.21951219512195122,0.21951219512195122,0.1951219512195122
7829.0,2,0,0.0,0,0.0,0,0.0,0,0.0,0.0,0.0,0.0,0.0,0.0,0.0,0.0,0.0,0.0,0.0,0.0,0.0,0.0,0.0,0.0,0.0,0.0,0.0,0.0,0.0,0.0,0.0,0.0,0.0,0.0,0.0,0.0,0.0,0.0,0.0,0.0
7830.0,86,72,0.8372093023255814,72,0.8372093023255814,59,0.686046511627907,36,0.4186046511627907,0.9302325581395349,0.7674418604651163,0.9302325581395349,0.7674418604651163,0.9302325581395349,0.7674418604651163,0.9302325581395349,0.7674418604651163,0.6046511627906976,0.47674418604651164,0.8604651162790697,0.7093023255813954,0.9069767441860465,0.7441860465116279,0.9302325581395349,0.8488372093023255,0.9069767441860465,0.9302325581395349,0.9302325581395349,0.9302325581395349,0.8372093023255814,0.7674418604651163,0.6976744186046512,0.7441860465116279,0.7674418604651163,0.7674418604651163,0.6046511627906976,0.5465116279069767,0.5930232558139535,0.6046511627906976,0.47674418604651164
7841.0,28,24,0.8571428571428571,24,0.8571428571428571,22,0.7857142857142857,23,0.8214285714285714,0.9285714285714286,0.9285714285714286,0.9285714285714286,0.9285714285714286,0.8571428571428571,0.8571428571428571,0.8571428571428571,0.8571428571428571,0.8214285714285714,0.8214285714285714,0.9285714285714286,0.8571428571428571,0.9285714285714286,0.8571428571428571,0.9285714285714286,0.9285714285714286,0.9285714285714286,0.8571428571428571,0.9285714285714286,0.8571428571428571,0.9285714285714286,0.9285714285714286,0.8571428571428571,0.8571428571428571,0.8571428571428571,0.9285714285714286,0.8214285714285714,0.8214285714285714,0.8214285714285714,0.8214285714285714,0.8214285714285714
7900.0,259,195,0.752895752895753,195,0.752895752895753,178,0.6872586872586872,115,0.444015444015444,0.8996138996138996,0.8571428571428571,0.8841698841698842,0.8416988416988417,0.8841698841698842,0.833976833976834,0.8494208494208494,0.8146718146718147,0.5598455598455598,0.5057915057915058,0.8262548262548263,0.7683397683397684,0.8841698841698842,0.8262548262548263,0.8996138996138996,0.8223938223938224,0.8803088803088803,0.8301158301158301,0.8841698841698842,0.8301158301158301,0.8185328185328186,0.8494208494208494,0.752895752895753,0.8146718146718147,0.7837837837837838,0.833976833976834,0.5598455598455598,0.5057915057915058,0.5482625482625483,0.5598455598455598,0.4942084942084942
7948.0,76,58,0.7631578947368421,58,0.7631578947368421,54,0.7105263157894737,24,0.3157894736842105,0.8289473684210527,0.8157894736842105,0.8289473684210527,0.8026315789473685,0.8289473684210527,0.7894736842105263,0.8157894736842105,0.8026315789473685,0.34210526315789475,0.34210526315789475,0.8289473684210527,0.8157894736842105,0.8026315789473685,0.7894736842105263,0.8026315789473685,0.8026315789473685,0.7763157894736842,0.8157894736842105,0.8026315789473685,0.7894736842105263,0.7763157894736842,0.7763157894736842,0.7631578947368421,0.7368421052631579,0.7631578947368421,0.7631578947368421,0.34210526315789475,0.3157894736842105,0.3157894736842105,0.34210526315789475,0.3157894736842105
7990.0,244,185,0.7581967213114754,185,0.7581967213114754,146,0.5983606557377049,74,0.30327868852459017,0.9221311475409836,0.8278688524590164,0.889344262295082,0.7950819672131147,0.8811475409836066,0.7827868852459017,0.8565573770491803,0.7745901639344263,0.39344262295081966,0.3401639344262295,0.8975409836065574,0.7377049180327869,0.9098360655737705,0.7622950819672131,0.9016393442622951,0.860655737704918,0.8811475409836066,0.8319672131147541,0.8565573770491803,0.8278688524590164,0.860655737704918,0.8073770491803278,0.7008196721311475,0.7295081967213115,0.7213114754098361,0.7622950819672131,0.39344262295081966,0.3524590163934426,0.36885245901639346,0.38524590163934425,0.3237704918032787
7997.0,61,55,0.9016393442622951,55,0.9016393442622951,44,0.7213114754098361,19,0.3114754098360656,0.9672131147540983,0.8852459016393442,0.9672131147540983,0.9016393442622951,0.9508196721311475,0.819672131147541,0.9836065573770492,0.9180327868852459,0.36065573770491804,0.32786885245901637,0.9672131147540983,0.8524590163934426,0.9672131147540983,0.8524590163934426,0.9344262295081968,0.9180327868852459,0.9180327868852459,0.9508196721311475,0.9180327868852459,0.9344262295081968,0.9180327868852459,0.819672131147541,0.7540983606557377,0.7540983606557377,0.819672131147541,0.8032786885245902,0.36065573770491804,0.3442622950819672,0.3442622950819672,0.3442622950819672,0.3114754098360656
8000.0,92,76,0.8260869565217391,76,0.8260869565217391,67,0.7282608695652174,41,0.44565217391304346,0.9021739130434783,0.8695652173913043,0.9021739130434783,0.8695652173913043,0.8913043478260869,0.8586956521739131,0.8913043478260869,0.8586956521739131,0.532608695652174,0.4782608695652174,0.8804347826086957,0.7934782608695652,0.8804347826086957,0.7934782608695652,0.8695652173913043,0.8369565217391305,0.8369565217391305,0.8804347826086957,0.8695652173913043,0.8586956521739131,0.8369565217391305,0.8260869565217391,0.7391304347826086,0.7391304347826086,0.8260869565217391,0.8260869565217391,0.532608695652174,0.5,0.5,0.532608695652174,0.44565217391304346
8011.0,73,62,0.8493150684931506,62,0.8493150684931506,59,0.8082191780821918,18,0.2465753424657534,0.9178082191780822,0.9041095890410958,0.9452054794520548,0.9315068493150684,0.9178082191780822,0.8904109589041096,0.8904109589041096,0.863013698630137,0.3013698630136986,0.3013698630136986,0.9315068493150684,0.9041095890410958,0.9315068493150684,0.9041095890410958,0.863013698630137,0.8493150684931506,0.8493150684931506,0.863013698630137,0.863013698630137,0.863013698630137,0.8493150684931506,0.8493150684931506,0.821917808219178,0.821917808219178,0.821917808219178,0.8493150684931506,0.3013698630136986,0.2465753424657534,0.2465753424657534,0.2465753424657534,0.2465753424657534
8050.0,67,57,0.8507462686567164,57,0.8507462686567164,55,0.8208955223880597,28,0.417910447761194,0.9402985074626866,0.8955223880597015,0.9402985074626866,0.9104477611940298,0.8955223880597015,0.8805970149253731,0.9104477611940298,0.8955223880597015,0.43283582089552236,0.417910447761194,0.9552238805970149,0.9104477611940298,0.9552238805970149,0.9104477611940298,0.9402985074626866,0.9253731343283582,0.9253731343283582,0.8656716417910447,0.9402985074626866,0.8656716417910447,0.9253731343283582,0.8955223880597015,0.8656716417910447,0.8656716417910447,0.8507462686567164,0.8955223880597015,0.43283582089552236,0.43283582089552236,0.43283582089552236,0.43283582089552236,0.417910447761194
8051.0,65,52,0.8,52,0.8,50,0.7692307692307693,22,0.3384615384615385,0.9692307692307692,0.9538461538461539,0.9692307692307692,0.9538461538461539,0.9692307692307692,0.9384615384615385,0.9692307692307692,0.9384615384615385,0.46153846153846156,0.4461538461538462,0.8,0.7846153846153846,0.9538461538461539,0.9384615384615385,0.9692307692307692,0.8,0.9538461538461539,0.9692307692307692,0.9692307692307692,0.9692307692307692,0.8,0.9538461538461539,0.7846153846153846,0.9384615384615385,0.9384615384615385,0.9538461538461539,0.46153846153846156,0.35384615384615387,0.46153846153846156,0.46153846153846156,0.4461538461538462
8060.0,73,68,0.9315068493150684,68,0.9315068493150684,68,0.9315068493150684,24,0.3287671232876712,0.9863013698630136,0.9726027397260274,0.9863013698630136,0.9726027397260274,0.9863013698630136,0.9726027397260274,0.9863013698630136,0.9726027397260274,0.3835616438356164,0.3698630136986301,0.9315068493150684,0.9315068493150684,0.9726027397260274,0.9726027397260274,0.9863013698630136,0.9315068493150684,0.9726027397260274,0.9863013698630136,0.9863013698630136,0.9863013698630136,0.9315068493150684,0.9726027397260274,0.9315068493150684,0.9726027397260274,0.9726027397260274,0.9726027397260274,0.3835616438356164,0.3424657534246575,0.3835616438356164,0.3835616438356164,0.3698630136986301
8062.0,138,124,0.8985507246376812,124,0.8985507246376812,123,0.8913043478260869,38,0.2753623188405797,0.9347826086956522,0.9202898550724637,0.927536231884058,0.9130434782608695,0.9202898550724637,0.9057971014492754,0.9347826086956522,0.9202898550724637,0.2753623188405797,0.2753623188405797,0.927536231884058,0.9130434782608695,0.9130434782608695,0.8985507246376812,0.9202898550724637,0.9130434782608695,0.9057971014492754,0.9202898550724637,0.9130434782608695,0.9202898550724637,0.9057971014492754,0.9057971014492754,0.8985507246376812,0.8985507246376812,0.9057971014492754,0.8985507246376812,0.2753623188405797,0.2753623188405797,0.2753623188405797,0.2753623188405797,0.2753623188405797
8071.0,260,227,0.8730769230769231,227,0.8730769230769231,226,0.8692307692307693,160,0.6153846153846154,0.9769230769230769,0.9730769230769231,0.9538461538461539,0.95,0.9730769230769231,0.9692307692307692,0.9692307692307692,0.9653846153846154,0.6884615384615385,0.6884615384615385,0.9076923076923077,0.9038461538461539,0.9730769230769231,0.9692307692307692,0.9692307692307692,0.9,0.9653846153846154,0.9692307692307692,0.9461538461538461,0.9653846153846154,0.9,0.9653846153846154,0.8961538461538462,0.9615384615384616,0.9615384615384616,0.9423076923076923,0.6884615384615385,0.6153846153846154,0.676923076923077,0.6846153846153846,0.676923076923077
8082.0,117,109,0.9316239316239316,109,0.9316239316239316,103,0.8803418803418803,41,0.3504273504273504,0.9401709401709402,0.9316239316239316,0.9401709401709402,0.9316239316239316,0.9316239316239316,0.9145299145299145,0.9401709401709402,0.9316239316239316,0.37606837606837606,0.3504273504273504,0.9401709401709402,0.8974358974358975,0.9401709401709402,0.9230769230769231,0.9401709401709402,0.9401709401709402,0.9401709401709402,0.9316239316239316,0.9401709401709402,0.9316239316239316,0.9401709401709402,0.9316239316239316,0.8974358974358975,0.9230769230769231,0.9145299145299145,0.9316239316239316,0.37606837606837606,0.37606837606837606,0.37606837606837606,0.37606837606837606,0.3504273504273504
8090.0,156,153,0.9807692307692307,153,0.9807692307692307,147,0.9423076923076923,92,0.5897435897435898,0.9807692307692307,0.9807692307692307,0.9807692307692307,0.9807692307692307,0.9807692307692307,0.9807692307692307,0.9807692307692307,0.9807692307692307,0.6025641025641025,0.5897435897435898,0.9807692307692307,0.9423076923076923,0.9807692307692307,0.9487179487179487,0.9807692307692307,0.9807692307692307,0.9807692307692307,0.9807692307692307,0.9807692307692307,0.9807692307692307,0.9807692307692307,0.9807692307692307,0.9423076923076923,0.9487179487179487,0.9807692307692307,0.9807692307692307,0.6025641025641025,0.6025641025641025,0.6025641025641025,0.6025641025641025,0.5897435897435898
8093.0,90,75,0.8333333333333334,75,0.8333333333333334,74,0.8222222222222222,27,0.3,0.8777777777777778,0.8777777777777778,0.8777777777777778,0.8777777777777778,0.8666666666666667,0.8666666666666667,0.8777777777777778,0.8777777777777778,0.34444444444444444,0.3333333333333333,0.8444444444444444,0.8333333333333334,0.8777777777777778,0.8666666666666667,0.8777777777777778,0.8444444444444444,0.8777777777777778,0.8666666666666667,0.8777777777777778,0.8666666666666667,0.8444444444444444,0.8777777777777778,0.8333333333333334,0.8666666666666667,0.8666666666666667,0.8777777777777778,0.34444444444444444,0.3,0.3333333333333333,0.34444444444444444,0.3333333333333333
8111.0,15,11,0.7333333333333333,11,0.7333333333333333,2,0.13333333333333333,2,0.13333333333333333,0.9333333333333333,0.26666666666666666,0.9333333333333333,0.26666666666666666,0.8,0.2,1.0,0.4,0.7333333333333333,0.13333333333333333,0.9333333333333333,0.3333333333333333,0.9333333333333333,0.26666666666666666,0.9333333333333333,0.8666666666666667,0.8666666666666667,0.8,0.9333333333333333,0.8,0.8666666666666667,0.26666666666666666,0.2,0.2,0.2,0.26666666666666666,0.7333333333333333,0.7333333333333333,0.7333333333333333,0.7333333333333333,0.13333333333333333
8200.0,395,329,0.8329113924050633,329,0.8329113924050633,309,0.7822784810126582,215,0.5443037974683544,0.9291139240506329,0.8860759493670886,0.9316455696202531,0.8886075949367088,0.8835443037974684,0.8379746835443038,0.8962025316455696,0.8531645569620253,0.6177215189873417,0.579746835443038,0.9012658227848102,0.8531645569620253,0.8987341772151899,0.8455696202531645,0.9164556962025316,0.8860759493670886,0.8835443037974684,0.8759493670886076,0.9164556962025316,0.8708860759493671,0.8784810126582279,0.8658227848101265,0.830379746835443,0.8253164556962025,0.8177215189873418,0.8658227848101265,0.6177215189873417,0.5924050632911393,0.5924050632911393,0.610126582278481,0.5569620253164557
8300.0,21,15,0.7142857142857143,15,0.7142857142857143,13,0.6190476190476191,8,0.38095238095238093,0.9047619047619048,0.8095238095238095,0.9047619047619048,0.8095238095238095,0.9047619047619048,0.8095238095238095,0.8095238095238095,0.7142857142857143,0.42857142857142855,0.38095238095238093,0.8095238095238095,0.7142857142857143,0.9047619047619048,0.8095238095238095,0.9047619047619048,0.8095238095238095,0.9047619047619048,0.8095238095238095,0.9047619047619048,0.8095238095238095,0.8095238095238095,0.8095238095238095,0.7142857142857143,0.8095238095238095,0.7142857142857143,0.8095238095238095,0.42857142857142855,0.42857142857142855,0.42857142857142855,0.42857142857142855,0.38095238095238093
8351.0,11,10,0.9090909090909091,10,0.9090909090909091,10,0.9090909090909091,10,0.9090909090909091,0.9090909090909091,0.9090909090909091,0.9090909090909091,0.9090909090909091,0.9090909090909091,0.9090909090909091,0.9090909090909091,0.9090909090909091,0.9090909090909091,0.9090909090909091,0.9090909090909091,0.9090909090909091,0.9090909090909091,0.9090909090909091,0.9090909090909091,0.9090909090909091,0.9090909090909091,0.9090909090909091,0.9090909090909091,0.9090909090909091,0.9090909090909091,0.9090909090909091,0.9090909090909091,0.9090909090909091,0.9090909090909091,0.9090909090909091,0.9090909090909091,0.9090909090909091,0.9090909090909091,0.9090909090909091,0.9090909090909091
8700.0,49,34,0.6938775510204082,34,0.6938775510204082,33,0.673469387755102,24,0.4897959183673469,0.9591836734693877,0.9387755102040817,0.9795918367346939,0.9591836734693877,0.9387755102040817,0.9183673469387755,0.8979591836734694,0.8775510204081632,0.6938775510204082,0.6530612244897959,0.7959183673469388,0.7551020408163265,0.9591836734693877,0.9183673469387755,0.9591836734693877,0.7755102040816326,0.9387755102040817,0.8775510204081632,0.9591836734693877,0.8775510204081632,0.7755102040816326,0.9387755102040817,0.7346938775510204,0.8979591836734694,0.8571428571428571,0.9387755102040817,0.6938775510204082,0.5306122448979592,0.6938775510204082,0.6938775510204082,0.6530612244897959
8711.0,174,150,0.8620689655172413,150,0.8620689655172413,115,0.6609195402298851,68,0.39080459770114945,0.9310344827586207,0.7011494252873564,0.9310344827586207,0.7011494252873564,0.9310344827586207,0.7011494252873564,0.9080459770114943,0.6896551724137931,0.5229885057471264,0.39655172413793105,0.8793103448275862,0.6724137931034483,0.9137931034482759,0.6781609195402298,0.9310344827586207,0.8793103448275862,0.9137931034482759,0.9080459770114943,0.9310344827586207,0.9080459770114943,0.8793103448275862,0.7011494252873564,0.6724137931034483,0.6781609195402298,0.6896551724137931,0.7011494252873564,0.5229885057471264,0.5172413793103449,0.5172413793103449,0.5229885057471264,0.39080459770114945
8731.0,326,266,0.8159509202453987,266,0.8159509202453987,248,0.7607361963190185,124,0.3803680981595092,0.9478527607361963,0.8957055214723927,0.9478527607361963,0.8957055214723927,0.9263803680981595,0.8773006134969326,0.8987730061349694,0.8466257668711656,0.5306748466257669,0.5061349693251533,0.8650306748466258,0.803680981595092,0.9355828220858896,0.8773006134969326,0.9478527607361963,0.8650306748466258,0.9355828220858896,0.8987730061349694,0.9478527607361963,0.8987730061349694,0.8650306748466258,0.8926380368098159,0.803680981595092,0.8742331288343558,0.843558282208589,0.8926380368098159,0.5306748466257669,0.4110429447852761,0.4785276073619632,0.5306748466257669,0.44785276073619634
8734.0,37,23,0.6216216216216216,23,0.6216216216216216,22,0.5945945945945946,11,0.2972972972972973,0.7837837837837838,0.7027027027027027,0.8108108108108109,0.7297297297297297,0.7027027027027027,0.6756756756756757,0.6756756756756757,0.6486486486486487,0.35135135135135137,0.32432432432432434,0.7297297297297297,0.6756756756756757,0.7027027027027027,0.6486486486486487,0.7837837837837838,0.7297297297297297,0.7027027027027027,0.6756756756756757,0.7837837837837838,0.6756756756756757,0.7027027027027027,0.7027027027027027,0.6756756756756757,0.6486486486486487,0.6486486486486487,0.7027027027027027,0.35135135135135137,0.35135135135135137,0.32432432432432434,0.35135135135135137,0.32432432432432434
8741.0,140,115,0.8214285714285714,115,0.8214285714285714,106,0.7571428571428571,60,0.42857142857142855,0.9142857142857143,0.9,0.9428571428571428,0.9214285714285714,0.8857142857142857,0.8642857142857143,0.9071428571428571,0.8785714285714286,0.4857142857142857,0.45714285714285713,0.9214285714285714,0.8571428571428571,0.8857142857142857,0.8285714285714286,0.8928571428571429,0.8785714285714286,0.8571428571428571,0.8642857142857143,0.8928571428571429,0.8571428571428571,0.8571428571428571,0.8642857142857143,0.8142857142857143,0.7928571428571428,0.8214285714285714,0.8642857142857143,0.4857142857142857,0.4642857142857143,0.4642857142857143,0.4714285714285714,0.42857142857142855
8742.0,658,481,0.7310030395136778,481,0.7310030395136778,410,0.6231003039513677,221,0.33586626139817627,0.878419452887538,0.8039513677811551,0.8996960486322189,0.8267477203647416,0.8145896656534954,0.7340425531914894,0.8297872340425532,0.7598784194528876,0.4316109422492401,0.3799392097264438,0.8647416413373861,0.756838905775076,0.851063829787234,0.7386018237082067,0.8556231003039514,0.8237082066869301,0.8115501519756839,0.7781155015197568,0.8541033434650456,0.7689969604863222,0.8039513677811551,0.770516717325228,0.7066869300911854,0.6945288753799392,0.6884498480243161,0.7689969604863222,0.43009118541033436,0.4012158054711246,0.40577507598784196,0.425531914893617,0.3556231003039514
8744.0,23,16,0.6956521739130435,16,0.6956521739130435,15,0.6521739130434783,7,0.30434782608695654,0.9130434782608695,0.9130434782608695,0.9565217391304348,0.9565217391304348,0.9130434782608695,0.9130434782608695,0.8695652173913043,0.8695652173913043,0.6086956521739131,0.6086956521739131,0.9565217391304348,0.9565217391304348,0.9565217391304348,0.9565217391304348,0.782608695652174,0.782608695652174,0.782608695652174,0.8260869565217391,0.782608695652174,0.6956521739130435,0.782608695652174,0.7391304347826086,0.7391304347826086,0.7391304347826086,0.6956521739130435,0.7391304347826086,0.6086956521739131,0.34782608695652173,0.34782608695652173,0.43478260869565216,0.34782608695652173
8900.0,18,13,0.7222222222222222,13,0.7222222222222222,13,0.7222222222222222,4,0.2222222222222222,0.7777777777777778,0.7777777777777778,0.7777777777777778,0.7777777777777778,0.7222222222222222,0.7222222222222222,0.7777777777777778,0.7777777777777778,0.4444444444444444,0.3888888888888889,0.8333333333333334,0.7777777777777778,0.8333333333333334,0.7777777777777778,0.7777777777777778,0.7777777777777778,0.7777777777777778,0.7222222222222222,0.7777777777777778,0.7222222222222222,0.7777777777777778,0.7777777777777778,0.7222222222222222,0.7222222222222222,0.7222222222222222,0.7777777777777778,0.4444444444444444,0.3333333333333333,0.3333333333333333,0.4444444444444444,0.2222222222222222
