company_id,observations,observed_years,first_year,last_year,positive_observations
0000001750,7,7,2011,2017,0
0000001800,9,9,2012,2020,0
0000002034,6,6,2012,2017,1
0000002098,10,10,2011,2020,0
0000002178,6,6,2011,2016,0
0000002186,9,9,2012,2020,2
0000002488,8,8,2011,2020,2
0000002491,3,3,2011,2013,0
0000002969,10,10,2011,2020,0
0000003116,6,6,2011,2017,2
0000003197,9,9,2011,2020,1
0000003453,6,6,2011,2016,0
0000004127,10,10,2011,2020,0
0000004281,1,1,2020,2020,0
0000004515,1,1,2011,2011,0
0000005981,10,10,2011,2020,1
0000006176,9,9,2011,2020,1
0000006201,2,2,2011,2013,0
0000006281,9,9,2011,2020,1
0000006284,4,4,2012,2015,0
0000006314,1,1,2012,2012,0
0000006494,9,9,2011,2020,5
0000006845,9,9,2012,2020,0
0000006885,5,5,2012,2016,0
0000006951,10,10,2011,2020,2
0000006955,2,2,2014,2017,1
0000007032,1,1,2011,2011,0
0000007039,6,6,2011,2016,2
0000007084,7,7,2014,2020,0
0000007332,4,4,2011,2016,1
0000007431,10,10,2011,2020,0
0000007536,7,7,2011,2019,0
0000007623,10,10,2011,2020,3
0000008063,10,10,2011,2020,0
0000008146,9,9,2012,2020,1
0000008328,8,8,2013,2020,5
0000008411,4,4,2012,2015,0
0000008504,3,3,2018,2020,2
0000008670,7,7,2011,2017,0
0000008818,3,3,2017,2020,0
0000008855,2,2,2011,2012,1
0000008858,6,6,2012,2020,0
0000008947,8,8,2013,2020,0
0000009092,10,10,2011,2020,0
0000009326,10,10,2011,2020,1
0000009389,6,6,2011,2020,0
0000009892,5,5,2011,2015,0
0000009984,10,10,2011,2020,0
0000010048,6,6,2011,2016,0
0000010254,3,3,2012,2016,0
0000010329,3,3,2011,2013,0
0000010456,9,9,2011,2020,0
0000010795,10,10,2011,2020,1
0000011199,7,7,2011,2017,0
0000012208,9,9,2011,2019,0
0000012239,1,1,2012,2012,0
0000012659,7,7,2011,2017,0
0000012927,6,6,2011,2016,0
0000012978,1,1,2011,2011,0
0000013156,6,6,2014,2020,1
0000013239,7,7,2011,2017,1
0000013573,4,4,2013,2016,0
0000014177,9,9,2011,2020,0
0000014195,6,6,2012,2018,1
0000014272,6,6,2011,2016,1
0000014693,5,5,2011,2015,0
0000014707,4,4,2017,2020,2
0000014930,10,10,2011,2020,0
0000015357,7,7,2012,2020,1
0000015511,3,3,2014,2016,0
0000015615,4,4,2014,2020,0
0000015847,5,5,2012,2016,0
0000016058,9,9,2011,2020,0
0000016099,4,4,2014,2017,1
0000016732,9,9,2011,2020,2
0000017485,2,2,2011,2014,0
0000017843,9,9,2011,2020,0
0000018172,6,6,2011,2019,2
0000018255,8,8,2013,2020,3
0000018396,5,5,2011,2015,1
0000018498,6,6,2015,2020,1
0000018926,9,9,2011,2020,0
0000019002,2,2,2011,2012,0
0000019149,3,3,2012,2014,1
0000019446,5,5,2012,2016,0
0000019584,10,10,2011,2020,1
0000019871,10,10,2011,2020,0
0000020212,8,8,2011,2018,0
0000020232,2,2,2011,2012,1
0000020520,7,7,2011,2019,0
0000020629,6,6,2012,2017,2
0000020740,5,5,2011,2015,0
0000021076,8,8,2011,2020,1
0000021344,3,3,2017,2019,0
0000021510,9,9,2012,2020,1
0000021535,10,10,2011,2020,2
0000021665,10,10,2011,2020,0
0000021828,1,1,2011,2011,0
0000022252,1,1,2012,2012,1
0000022444,10,10,2011,2020,0
0000022701,8,8,2011,2020,4
0000023082,5,5,2011,2015,0
0000023111,8,8,2013,2020,1
0000023194,3,3,2011,2013,0
0000023197,10,10,2011,2020,1
0000023217,10,10,2011,2020,0
0000023666,2,2,2012,2013,0
0000023675,3,3,2011,2013,0
0000024104,3,3,2016,2018,1
0000024491,8,8,2011,2019,1
0000024741,10,10,2011,2020,1
0000025445,10,10,2011,2020,0
0000025743,7,7,2011,2017,2
0000025895,9,9,2012,2020,1
0000026058,10,10,2011,2020,0
0000026076,6,6,2012,2017,1
0000026172,5,5,2011,2015,0
0000026324,6,6,2011,2016,0
0000026780,10,10,2011,2020,1
0000027093,1,1,2016,2016,1
0000027904,5,5,2012,2016,0
0000027996,6,6,2011,2016,0
0000028561,4,4,2012,2015,1
0000028823,6,6,2011,2016,0
0000029002,10,10,2011,2020,2
0000029332,10,10,2011,2020,0
0000029534,5,5,2016,2020,1
0000029644,9,9,2011,2020,0
0000029669,8,8,2011,2020,1
0000029834,3,3,2011,2013,0
0000029905,10,10,2011,2020,0
0000029915,7,7,2011,2017,0
0000029989,10,10,2011,2020,0
0000030302,1,1,2012,2012,0
0000030305,8,8,2011,2020,0
0000030554,5,5,2011,2015,0
0000030625,9,9,2011,2020,0
0000030822,1,1,2011,2011,0
0000030828,2,2,2011,2012,0
0000030831,7,7,2012,2018,1
0000031107,9,9,2012,2020,1
0000031235,1,1,2011,2011,1
0000031347,3,3,2011,2014,1
0000031791,6,6,2011,2016,0
0000032604,10,10,2011,2020,0
0000032621,5,5,2012,2016,2
0000033002,8,8,2012,2020,0
0000033185,10,10,2011,2020,2
0000033213,4,4,2017,2020,0
0000033488,10,10,2011,2020,1
0000033533,8,8,2012,2020,2
0000033619,3,3,2013,2017,0
0000033769,5,5,2011,2016,0
0000034067,9,9,2011,2020,2
0000034408,3,3,2011,2013,0
0000034563,6,6,2014,2020,1
0000034956,2,2,2013,2014,0
0000035214,10,10,2011,2020,1
0000036047,9,9,2011,2019,0
0000037472,9,9,2012,2020,2
0000037785,10,10,2011,2020,0
0000038079,4,4,2011,2014,3
0000038264,9,9,2012,2020,2
0000038725,10,10,2011,2020,0
0000038984,3,3,2014,2016,3
0000039020,9,9,2012,2020,1
0000039092,9,9,2012,2020,3
0000039273,1,1,2011,2011,0
0000039368,8,8,2012,2020,1
0000039648,1,1,2012,2012,0
0000039899,3,3,2013,2020,0
0000039911,10,10,2011,2020,2
0000040533,5,5,2011,2016,0
0000040570,7,7,2011,2017,1
0000040704,8,8,2011,2018,0
0000040888,7,7,2011,2020,0
0000040987,10,10,2011,2020,0
0000041719,4,4,2017,2020,0
0000042228,3,3,2012,2015,0
0000042316,6,6,2011,2016,1
0000042582,8,8,2011,2020,0
0000042682,10,10,2011,2020,0
0000042888,5,5,2016,2020,0
0000043196,7,7,2011,2017,0
0000043920,9,9,2012,2020,0
0000045012,6,6,2011,2016,2
0000045621,1,1,2011,2011,0
0000045876,6,6,2011,2016,0
0000045919,4,4,2017,2020,1
0000046080,7,7,2011,2020,0
0000046129,5,5,2016,2020,0
0000046619,10,10,2011,2020,0
0000046640,2,2,2011,2012,0
0000046765,10,10,2011,2020,3
0000047111,9,9,2011,2020,0
0000047217,8,8,2011,2020,0
0000047307,6,6,2013,2020,1
0000047518,9,9,2011,2019,0
0000048287,10,10,2011,2020,0
0000048465,10,10,2011,2020,0
0000048898,10,10,2011,2020,0
0000049728,6,6,2014,2019,1
0000049754,4,4,2014,2020,0
0000049826,10,10,2011,2020,0
0000050292,1,1,2018,2018,0
0000050471,4,4,2012,2020,0
0000050493,10,10,2011,2020,0
0000050725,8,8,2011,2020,0
0000050863,10,10,2011,2020,0
0000050957,1,1,2011,2011,0
0000051253,10,10,2011,2020,0
0000051434,7,7,2011,2018,0
0000051548,6,6,2011,2016,0
0000051644,6,6,2011,2016,0
0000052795,7,7,2011,2018,0
0000052988,9,9,2011,2020,0
0000053669,5,5,2011,2015,0
0000054381,10,10,2011,2020,0
0000054441,3,3,2011,2013,0
0000054480,10,10,2011,2020,0
0000054681,3,3,2011,2014,0
0000055067,10,10,2011,2020,0
0000055242,10,10,2011,2020,1
0000055529,8,8,2012,2020,0
0000055604,1,1,2011,2011,0
0000055772,8,8,2012,2020,1
0000055785,10,10,2011,2020,0
0000056047,6,6,2011,2016,0
0000056679,7,7,2011,2017,1
0000056701,8,8,2013,2020,0
0000056868,10,10,2011,2020,4
0000056873,1,1,2020,2020,0
0000056978,10,10,2011,2020,2
0000057131,9,9,2012,2020,0
0000057515,9,9,2012,2020,0
0000057528,2,2,2013,2016,0
0000057725,5,5,2012,2020,2
0000058361,7,7,2011,2017,0
0000058492,8,8,2011,2018,0
0000059440,4,4,2011,2014,0
0000059478,10,10,2011,2020,1
0000059527,10,10,2011,2020,1
0000059860,1,1,2016,2016,0
0000060519,10,10,2011,2020,1
0000060714,10,10,2011,2020,2
0000060849,1,1,2011,2011,0
0000060977,8,8,2011,2019,1
0000061004,10,10,2011,2020,1
0000061986,8,8,2011,2020,1
0000062234,4,4,2012,2020,0
0000062996,10,10,2011,2020,0
0000063276,9,9,2011,2020,1
0000063296,10,10,2011,2020,0
0000063754,10,10,2011,2020,1
0000063908,10,10,2011,2020,2
0000064040,4,4,2011,2020,0
0000064279,1,1,2011,2011,1
0000064463,1,1,2011,2011,1
0000064472,9,9,2012,2020,0
0000064670,3,3,2011,2013,0
0000064803,7,7,2011,2019,0
0000065011,7,7,2011,2017,1
0000065270,9,9,2012,2020,1
0000065312,5,5,2015,2020,0
0000065759,6,6,2012,2020,2
0000065770,7,7,2011,2020,2
0000066382,10,10,2011,2020,0
0000066570,6,6,2015,2020,0
0000066600,1,1,2020,2020,1
0000066740,10,10,2011,2020,0
0000067279,3,3,2013,2015,0
0000067347,9,9,2012,2020,0
0000067472,2,2,2011,2012,0
0000067517,2,2,2011,2012,0
0000067716,1,1,2011,2011,0
0000067887,10,10,2011,2020,0
0000068270,2,2,2015,2016,1
0000068709,5,5,2012,2016,1
0000069488,10,10,2011,2020,1
0000069633,7,7,2012,2019,0
0000069891,9,9,2012,2020,0
0000070415,6,6,2011,2016,0
0000070487,10,10,2011,2020,1
0000070866,5,5,2011,2016,0
0000071557,6,6,2011,2016,0
0000071691,5,5,2012,2016,0
0000071829,6,6,2011,2016,1
0000072162,10,10,2011,2020,0
0000072170,3,3,2011,2013,1
0000072205,10,10,2011,2020,0
0000072207,6,6,2011,2016,1
0000072316,1,1,2011,2011,1
0000072331,10,10,2011,2020,1
0000072444,3,3,2013,2015,2
0000072573,9,9,2012,2020,0
0000073048,1,1,2012,2012,0
0000073290,8,8,2012,2020,4
0000073309,10,10,2011,2020,0
0000073605,1,1,2015,2015,1
0000073756,10,10,2011,2020,3
0000074046,9,9,2012,2020,0
0000074303,6,6,2011,2020,1
0000074688,1,1,2011,2011,0
0000074818,2,2,2011,2012,1
0000075252,10,10,2011,2020,0
0000075288,3,3,2018,2020,0
0000075340,10,10,2011,2020,1
0000075439,4,4,2011,2016,3
0000075677,9,9,2011,2019,1
0000075679,5,5,2013,2018,0
0000075829,3,3,2011,2013,0
0000076149,6,6,2011,2017,0
0000076267,9,9,2012,2020,1
0000076282,9,9,2011,2020,0
0000076321,6,6,2011,2016,1
0000076334,10,10,2011,2020,0
0000076605,9,9,2011,2020,0
0000077159,6,6,2011,2019,2
0000077360,8,8,2011,2020,0
0000077476,10,10,2011,2020,0
0000077543,3,3,2018,2020,0
0000077597,1,1,2011,2011,0
0000077877,2,2,2011,2015,0
0000078003,10,10,2011,2020,0
0000078749,3,3,2012,2015,0
0000078814,4,4,2013,2016,0
0000078890,10,10,2011,2020,0
0000079879,10,10,2011,2020,0
0000079958,2,2,2011,2012,0
0000080035,10,10,2011,2020,0
0000080172,10,10,2011,2020,0
0000080420,4,4,2017,2020,0
0000080424,10,10,2011,2020,0
0000081318,1,1,2014,2014,1
0000081362,10,10,2011,2020,1
0000082020,4,4,2016,2020,0
0000082166,6,6,2012,2017,0
0000082628,1,1,2012,2012,0
0000082811,10,10,2011,2020,0
0000083350,3,3,2017,2019,2
0000084112,2,2,2019,2020,0
0000084129,2,2,2018,2020,0
0000084748,10,10,2011,2020,0
0000085408,7,7,2011,2017,1
0000085704,2,2,2011,2012,0
0000085961,6,6,2011,2016,0
0000086264,7,7,2011,2017,2
0000087050,10,10,2011,2020,4
0000087347,6,6,2011,2016,2
0000087565,5,5,2012,2016,0
0000087802,9,9,2012,2020,3
0000088000,10,10,2011,2020,4
0000088205,9,9,2012,2020,1
0000088790,10,10,2011,2020,0
0000088941,8,8,2013,2020,1
0000088948,9,9,2012,2020,0
0000089089,2,2,2013,2016,0
0000089140,9,9,2011,2020,1
0000089270,4,4,2011,2014,0
0000089439,8,8,2011,2020,1
0000089800,10,10,2011,2020,0
0000090168,9,9,2012,2020,1
0000090185,3,3,2011,2013,0
0000090721,2,2,2011,2012,0
0000090896,5,5,2012,2016,0
0000091142,10,10,2011,2020,0
0000091388,2,2,2011,2012,0
0000091419,10,10,2011,2020,1
0000091668,5,5,2012,2020,1
0000091767,10,10,2011,2020,0
0000092380,6,6,2011,2016,0
0000092679,5,5,2012,2017,1
0000093205,2,2,2013,2017,2
0000093314,2,2,2019,2020,1
0000093389,10,10,2011,2020,0
0000093456,1,1,2012,2012,0
0000093556,10,10,2011,2020,0
0000094049,10,10,2011,2020,0
0000094845,1,1,2020,2020,0
0000095029,1,1,2013,2013,1
0000095047,4,4,2011,2014,0
0000095052,4,4,2012,2015,2
0000095521,6,6,2011,2016,1
0000095552,9,9,2011,2020,2
0000095574,9,9,2011,2020,1
0000095953,9,9,2012,2020,1
0000096536,8,8,2012,2020,2
0000096699,8,8,2011,2020,3
0000096763,3,3,2011,2013,0
0000096793,3,3,2018,2020,0
0000096831,3,3,2011,2013,0
0000096885,9,9,2012,2020,3
0000096943,10,10,2011,2020,1
0000097134,10,10,2011,2020,1
0000097210,1,1,2012,2012,1
0000097216,10,10,2011,2020,0
0000097472,2,2,2011,2012,0
0000097476,9,9,2011,2020,0
0000097745,2,2,2011,2012,0
0000098222,5,5,2011,2015,1
0000098246,8,8,2011,2018,0
0000098338,5,5,2012,2019,1
0000098362,6,6,2011,2020,1
0000098618,1,1,2013,2013,0
0000098677,4,4,2013,2016,0
0000098752,8,8,2012,2019,2
0000099106,6,6,2011,2016,1
0000099302,4,4,2012,2015,0
0000099359,2,2,2012,2013,0
0000100378,7,7,2013,2020,1
0000100493,10,10,2011,2020,0
0000100517,5,5,2011,2016,0
0000100591,4,4,2017,2020,1
0000100625,7,7,2011,2017,0
0000100726,1,1,2012,2012,0
0000100790,2,2,2019,2020,1
0000100885,6,6,2011,2016,0
0000101295,10,10,2011,2020,2
0000101462,1,1,2015,2015,1
0000101538,9,9,2011,2019,1
0000101829,6,6,2011,2016,0
0000101830,1,1,2011,2011,0
0000101984,10,10,2011,2020,2
0000102109,2,2,2017,2018,0
0000102729,6,6,2011,2016,0
0000102741,5,5,2011,2015,0
0000102752,6,6,2011,2016,0
0000103145,4,4,2017,2020,1
0000103595,8,8,2013,2020,0
0000103730,10,10,2011,2020,1
0000103872,3,3,2016,2020,1
0000104207,2,2,2011,2012,0
0000104777,2,2,2011,2013,1
0000104889,1,1,2012,2012,0
0000104897,4,4,2012,2016,0
0000105016,10,10,2011,2020,0
0000105132,9,9,2012,2020,0
0000105319,4,4,2013,2016,2
0000105418,10,10,2011,2020,0
0000105608,6,6,2011,2016,1
0000105634,10,10,2011,2020,0
0000105744,4,4,2016,2020,1
0000105770,9,9,2012,2020,0
0000106040,7,7,2011,2020,1
0000106455,5,5,2011,2016,0
0000106532,10,10,2011,2020,0
0000106618,5,5,2011,2015,0
0000106640,10,10,2011,2020,0
0000107140,10,10,2011,2020,0
0000107687,9,9,2012,2020,1
0000108312,9,9,2011,2020,0
0000108516,10,10,2011,2020,0
0000109177,2,2,2019,2020,0
0000109198,10,10,2011,2020,1
0000109563,10,10,2011,2020,1
0000109657,3,3,2012,2014,1
0000109758,1,1,2011,2011,0
0000110471,6,6,2015,2020,1
0000110621,10,10,2011,2020,0
0000202058,5,5,2011,2015,1
0000203077,4,4,2011,2014,1
0000203527,6,6,2011,2016,0
0000205402,10,10,2011,2020,0
0000215419,3,3,2011,2014,1
0000215466,3,3,2013,2020,1
0000216085,2,2,2019,2020,0
0000216228,8,8,2012,2020,0
0000225211,8,8,2013,2020,5
0000225263,3,3,2012,2014,0
0000225628,10,10,2011,2020,4
0000230211,3,3,2012,2014,0
0000230498,1,1,2011,2011,0
0000275053,6,6,2015,2020,0
0000275880,2,2,2019,2020,0
0000276283,8,8,2011,2018,3
0000277135,9,9,2012,2020,0
0000277509,9,9,2011,2020,0
0000277595,5,5,2011,2016,1
0000277948,10,10,2011,2020,0
0000278041,3,3,2012,2014,1
0000278130,6,6,2012,2017,2
0000278165,8,8,2013,2020,2
0000278166,8,8,2012,2019,0
0000310056,7,7,2011,2017,2
0000310142,10,10,2011,2020,0
0000310158,10,10,2011,2020,0
0000310354,8,8,2013,2020,0
0000310568,6,6,2011,2016,1
0000310764,10,10,2011,2020,0
0000311471,2,2,2011,2012,0
0000312257,10,10,2011,2020,4
0000313143,10,10,2011,2020,1
0000313478,2,2,2012,2013,1
0000313616,10,10,2011,2020,0
0000313716,6,6,2011,2016,0
0000313927,10,10,2011,2020,0
0000314203,3,3,2018,2020,1
0000314227,9,9,2012,2020,1
0000314606,1,1,2011,2011,1
0000314712,3,3,2011,2013,1
0000314808,3,3,2017,2019,1
0000315131,5,5,2012,2016,1
0000315261,2,2,2011,2012,0
0000315449,3,3,2012,2014,1
0000315958,10,10,2011,2020,0
0000316206,4,4,2011,2014,0
0000316253,8,8,2012,2020,2
0000316736,7,7,2011,2017,4
0000317540,9,9,2012,2020,0
0000317771,1,1,2011,2011,0
0000317889,2,2,2011,2012,1
0000318154,7,7,2011,2019,0
0000318306,7,7,2011,2020,4
0000318833,7,7,2012,2020,1
0000318996,1,1,2018,2018,1
0000319016,5,5,2015,2020,1
0000319156,2,2,2012,2013,1
0000319201,7,7,2011,2017,0
0000319458,4,4,2011,2014,0
0000319815,6,6,2012,2017,1
0000320017,4,4,2011,2015,1
0000320121,6,6,2011,2016,2
0000320187,10,10,2011,2020,1
0000320193,7,7,2011,2017,0
0000320340,6,6,2011,2016,1
0000320345,3,3,2011,2013,0
0000320431,1,1,2012,2012,0
0000320575,2,2,2017,2018,0
0000350077,2,2,2011,2012,0
0000350403,6,6,2011,2017,1
0000350644,2,2,2011,2012,0
0000350737,6,6,2015,2020,0
0000350832,2,2,2011,2012,0
0000350868,1,1,2016,2016,0
0000350917,2,2,2011,2012,0
0000351231,2,2,2012,2013,1
0000351789,10,10,2011,2020,0
0000351817,5,5,2011,2018,2
0000351834,8,8,2012,2020,1
0000351998,7,7,2011,2019,3
0000352363,2,2,2013,2014,0
0000352747,1,1,2011,2011,1
0000352825,5,5,2012,2016,2
0000352915,4,4,2017,2020,0
0000352955,10,10,2011,2020,2
0000352998,9,9,2011,2019,3
0000353020,9,9,2011,2019,0
0000353184,1,1,2013,2013,0
0000353569,10,10,2011,2020,0
0000353944,3,3,2011,2013,0
0000354260,2,2,2014,2015,1
0000354655,1,1,2013,2013,0
0000354813,2,2,2012,2013,1
0000354908,9,9,2011,2019,0
0000354950,10,10,2011,2020,0
0000354963,6,6,2011,2016,1
0000355019,8,8,2013,2020,1
0000355777,4,4,2011,2014,1
0000355811,10,10,2011,2020,0
0000355948,9,9,2012,2020,0
0000355999,6,6,2011,2016,0
0000356028,6,6,2011,2016,0
0000356037,7,7,2011,2017,0
0000356213,4,4,2011,2014,1
0000356590,3,3,2013,2020,0
0000357001,4,4,2011,2014,1
0000357020,4,4,2012,2015,1
0000357097,2,2,2014,2015,1
0000357108,1,1,2011,2011,1
0000700764,5,5,2012,2019,3
0000700841,9,9,2012,2020,1
0000701288,10,10,2011,2020,0
0000701374,6,6,2011,2016,1
0000701719,9,9,2011,2019,1
0000701811,5,5,2011,2015,0
0000701985,3,3,2011,2020,0
0000703351,6,6,2011,2017,0
0000703360,2,2,2011,2012,0
0000703361,6,6,2011,2016,1
0000703604,9,9,2011,2020,1
0000704366,1,1,2014,2014,1
0000704384,1,1,2011,2011,1
0000704415,9,9,2011,2020,1
0000704440,7,7,2012,2020,2
0000704532,7,7,2012,2020,1
0000704562,8,8,2012,2020,2
0000706698,10,10,2011,2020,0
0000707388,6,6,2011,2016,1
0000707511,6,6,2015,2020,2
0000707549,10,10,2011,2020,1
0000708717,1,1,2011,2011,1
0000708818,3,3,2011,2016,1
0000708819,8,8,2011,2018,3
0000708821,4,4,2013,2016,0
0000709005,8,8,2011,2020,1
0000709283,2,2,2012,2015,0
0000709804,4,4,2011,2014,0
0000711034,2,2,2019,2020,0
0000711065,3,3,2012,2014,0
0000711377,5,5,2012,2016,0
0000711404,10,10,2011,2020,1
0000711665,5,5,2011,2015,3
0000712034,10,10,2011,2020,0
0000712515,7,7,2013,2020,0
0000713002,2,2,2011,2012,0
0000713425,6,6,2012,2017,0
0000714256,2,2,2019,2020,1
0000715446,2,2,2011,2018,1
0000715787,7,7,2014,2020,0
0000715788,3,3,2015,2017,1
0000715812,1,1,2016,2016,0
0000716006,10,10,2011,2020,1
0000716133,7,7,2011,2019,0
0000716314,9,9,2012,2020,1
0000716634,4,4,2011,2014,0
0000716643,5,5,2012,2016,0
0000716688,4,4,2014,2017,1
0000716778,3,3,2011,2013,1
0000717423,6,6,2011,2016,1
0000717605,1,1,2020,2020,0
0000717954,9,9,2012,2020,0
0000718332,5,5,2012,2020,3
0000718789,1,1,2011,2011,0
0000718877,6,6,2011,2016,0
0000718924,5,5,2011,2015,1
0000718937,10,10,2011,2020,0
0000719135,8,8,2011,2020,3
0000719164,1,1,2012,2012,0
0000719209,4,4,2011,2014,1
0000719274,5,5,2012,2016,3
0000719413,1,1,2020,2020,0
0000719494,10,10,2011,2020,2
0000719733,8,8,2012,2020,1
0000719866,1,1,2013,2013,0
0000719955,6,6,2011,2020,1
0000720154,6,6,2011,2016,2
0000720500,1,1,2017,2017,0
0000720762,3,3,2012,2016,2
0000720875,6,6,2012,2019,0
0000721371,9,9,2011,2020,0
0000721447,6,6,2011,2017,3
0000721683,7,7,2011,2017,2
0000721693,5,5,2011,2015,2
0000722313,10,10,2011,2020,0
0000722392,3,3,2011,2013,0
0000722572,8,8,2013,2020,1
0000722723,4,4,2016,2020,0
0000722830,3,3,2012,2014,1
0000723125,10,10,2011,2020,2
0000723254,7,7,2011,2017,0
0000723531,4,4,2011,2014,0
0000723603,2,2,2018,2020,0
0000723612,2,2,2019,2020,1
0000724571,5,5,2012,2016,0
0000724606,1,1,2013,2013,0
0000724910,3,3,2012,2014,0
0000724941,1,1,2011,2011,1
0000725876,4,4,2012,2015,2
0000726435,2,2,2012,2013,1
0000726513,2,2,2015,2016,0
0000726514,5,5,2012,2016,2
0000726958,10,10,2011,2020,0
0000727207,7,7,2014,2020,3
0000727510,8,8,2011,2019,6
0000727634,9,9,2011,2020,5
0000727672,3,3,2011,2015,2
0000728249,3,3,2011,2013,2
0000728303,3,3,2011,2013,0
0000728385,7,7,2013,2020,3
0000728387,3,3,2018,2020,0
0000728447,1,1,2017,2017,0
0000728535,6,6,2011,2016,0
0000729580,10,10,2011,2020,0
0000730255,5,5,2012,2016,1
0000730263,8,8,2011,2020,1
0000730272,5,5,2012,2016,0
0000730349,9,9,2012,2020,1
0000730464,10,10,2011,2020,1
0000730716,1,1,2012,2012,1
0000731012,10,10,2011,2020,0
0000732412,1,1,2011,2011,0
0000732712,6,6,2011,2016,0
0000732717,6,6,2011,2017,0
0000732834,10,10,2011,2020,2
0000733269,7,7,2011,2020,0
0000736012,6,6,2011,2020,3
0000736822,1,1,2015,2015,0
0000737207,1,1,2018,2018,1
0000737300,3,3,2011,2013,1
0000737758,2,2,2019,2020,0
0000738214,10,10,2011,2020,3
0000739608,2,2,2012,2013,0
0000739708,5,5,2012,2016,0
0000739878,2,2,2011,2012,1
0000740664,10,10,2011,2020,0
0000740694,1,1,2011,2011,1
0000740726,2,2,2011,2012,1
0000741114,2,2,2012,2013,1
0000741815,6,6,2011,2016,3
0000742112,9,9,2012,2020,0
0000742278,10,10,2011,2020,3
0000743238,10,10,2011,2020,0
0000743316,9,9,2011,2019,1
0000743758,4,4,2012,2015,2
0000743988,8,8,2011,2019,0
0000744452,6,6,2011,2016,2
0000744825,4,4,2017,2020,1
0000745732,1,1,2020,2020,0
0000746210,9,9,2012,2020,3
0000746515,6,6,2011,2016,0
0000746598,9,9,2011,2020,0
0000746838,6,6,2011,2016,1
0000746967,2,2,2011,2012,0
0000747540,10,10,2011,2020,0
0000748268,3,3,2013,2020,2
0000748592,6,6,2011,2016,1
0000749038,6,6,2012,2019,1
0000749251,6,6,2011,2016,0
0000749660,6,6,2011,2016,2
0000749872,1,1,2012,2012,0
0000749935,2,2,2011,2012,1
0000750004,5,5,2012,2016,0
0000751085,2,2,2012,2013,0
0000751365,9,9,2012,2020,0
0000751978,10,10,2011,2020,2
0000752294,8,8,2012,2020,2
0000752902,1,1,2012,2012,0
0000753048,2,2,2012,2013,1
0000753772,2,2,2012,2015,1
0000754813,2,2,2013,2014,1
0000757011,7,7,2011,2017,0
0000758743,9,9,2012,2020,5
0000758938,4,4,2012,2018,1
0000760326,1,1,2011,2011,0
0000763532,7,7,2012,2020,1
0000763744,10,10,2011,2020,0
0000763950,1,1,2011,2011,1
0000764065,6,6,2011,2020,3
0000764180,2,2,2019,2020,0
0000764195,5,5,2016,2020,3
0000764401,10,10,2011,2020,0
0000764478,8,8,2013,2020,0
0000764579,3,3,2011,2013,2
0000764839,1,1,2011,2011,1
0000766421,6,6,2011,2016,0
0000766561,2,2,2011,2012,0
0000766792,10,10,2011,2020,4
0000767920,3,3,2011,2013,1
0000768251,3,3,2011,2013,1
0000768411,9,9,2011,2020,2
0000768835,10,10,2011,2020,1
0000769397,6,6,2011,2016,4
0000769520,10,10,2011,2020,0
0000771266,6,6,2011,2016,3
0000771497,10,10,2011,2020,0
0000771856,6,6,2012,2017,3
0000771950,1,1,2011,2011,1
0000771999,3,3,2011,2016,0
0000772406,9,9,2012,2020,2
0000772897,4,4,2011,2014,0
0000773318,5,5,2015,2020,3
0000773840,6,6,2011,2016,0
0000774937,2,2,2015,2016,2
0000775057,10,10,2011,2020,2
0000775158,10,10,2011,2020,1
0000776008,2,2,2011,2012,1
0000776325,2,2,2011,2012,0
0000778164,8,8,2011,2020,3
0000778734,1,1,2012,2012,0
0000779152,2,2,2012,2020,0
0000779544,6,6,2011,2016,0
0000780571,5,5,2011,2016,1
0000781902,7,7,2011,2020,2
0000783005,7,7,2012,2018,2
0000783412,1,1,2014,2014,0
0000784199,6,6,2011,2016,0
0000784539,9,9,2012,2020,0
0000785557,4,4,2017,2020,0
0000785786,10,10,2011,2020,0
0000785787,5,5,2011,2015,0
0000785956,9,9,2012,2020,1
0000786620,2,2,2011,2012,0
0000786947,8,8,2013,2020,6
0000787253,8,8,2012,2020,1
0000788329,10,10,2011,2020,0
0000788611,9,9,2012,2020,3
0000788920,8,8,2012,2020,3
0000788965,1,1,2020,2020,0
0000789019,6,6,2011,2016,0
0000789132,5,5,2011,2015,2
0000789460,9,9,2011,2020,0
0000789570,6,6,2011,2016,0
0000789868,1,1,2011,2011,0
0000789933,8,8,2011,2020,0
0000789944,1,1,2011,2011,0
0000790051,10,10,2011,2020,0
0000790526,7,7,2012,2018,0
0000790652,1,1,2019,2019,1
0000790703,6,6,2012,2018,0
0000790715,6,6,2011,2016,1
0000791519,5,5,2011,2015,0
0000791770,3,3,2011,2013,0
0000791907,5,5,2011,2015,1
0000791908,6,6,2011,2016,2
0000791915,8,8,2011,2018,2
0000792130,6,6,2012,2017,2
0000792935,3,3,2012,2020,0
0000792977,1,1,2016,2016,1
0000792987,10,10,2011,2020,0
0000793074,10,10,2011,2020,0
0000793306,9,9,2012,2020,4
0000793733,1,1,2016,2016,0
0000793952,8,8,2011,2020,0
0000794172,10,10,2011,2020,1
0000794323,5,5,2011,2015,0
0000794367,10,10,2011,2020,1
0000794619,9,9,2012,2020,1
0000795212,2,2,2019,2020,0
0000795403,8,8,2013,2020,0
0000796124,2,2,2012,2013,0
0000796343,10,10,2011,2020,1
0000796505,10,10,2011,2020,0
0000796764,2,2,2012,2013,2
0000797465,6,6,2011,2016,3
0000797468,3,3,2018,2020,1
0000797542,2,2,2019,2020,1
0000797721,6,6,2011,2016,0
0000798081,3,3,2013,2018,0
0000798287,5,5,2011,2016,0
0000798354,7,7,2011,2017,0
0000798528,6,6,2011,2016,5
0000798949,7,7,2011,2017,1
0000799088,4,4,2011,2014,0
0000799165,6,6,2015,2020,2
0000799167,10,10,2011,2020,0
0000799233,10,10,2011,2020,1
0000799288,6,6,2015,2020,0
0000799729,5,5,2011,2015,0
0000800240,7,7,2011,2020,0
0000800286,1,1,2012,2012,1
0000800458,2,2,2012,2013,0
0000800459,5,5,2011,2015,0
0000801898,4,4,2012,2015,2
0000802257,2,2,2012,2013,1
0000802481,10,10,2011,2020,2
0000802724,3,3,2011,2013,1
0000802967,3,3,2012,2014,1
0000803578,1,1,2011,2011,0
0000804212,4,4,2011,2014,0
0000804328,10,10,2011,2020,3
0000804753,10,10,2011,2020,0
0000805022,1,1,2011,2011,0
0000805264,4,4,2011,2014,0
0000805305,4,4,2011,2014,2
0000805326,1,1,2015,2015,0
0000805928,10,10,2011,2020,1
0000806172,7,7,2014,2020,0
0000806517,10,10,2011,2020,3
0000807707,5,5,2012,2020,1
0000807863,5,5,2011,2016,1
0000807882,6,6,2011,2016,0
0000808047,4,4,2011,2014,0
0000808326,8,8,2011,2020,1
0000808461,5,5,2013,2018,0
0000809933,5,5,2013,2018,0
0000810136,10,10,2011,2020,0
0000810509,7,7,2013,2020,3
0000811212,5,5,2012,2020,1
0000811222,2,2,2014,2015,0
0000811240,8,8,2012,2020,3
0000811532,1,1,2016,2016,0
0000811596,5,5,2011,2020,1
0000811779,2,2,2012,2013,2
0000812011,5,5,2016,2020,1
0000812074,10,10,2011,2020,0
0000812128,7,7,2011,2020,0
0000812233,7,7,2011,2017,0
0000812301,1,1,2011,2011,0
0000812306,7,7,2012,2020,1
0000812701,2,2,2011,2016,0
0000812796,7,7,2011,2019,3
0000812900,1,1,2011,2011,0
0000812906,2,2,2012,2013,0
0000813298,9,9,2012,2020,2
0000813621,2,2,2011,2012,0
0000813672,6,6,2011,2016,0
0000813716,2,2,2012,2020,0
0000813781,1,1,2012,2012,0
0000813828,9,9,2011,2020,0
0000813920,2,2,2011,2012,0
0000814453,10,10,2011,2020,0
0000814547,6,6,2011,2016,0
0000814549,10,10,2011,2020,1
0000814586,6,6,2015,2020,0
0000814676,3,3,2014,2016,2
0000814926,7,7,2011,2020,4
0000815065,1,1,2013,2013,0
0000815093,5,5,2011,2015,1
0000815094,9,9,2012,2020,0
0000815097,2,2,2015,2016,0
0000815556,10,10,2011,2020,0
0000816159,4,4,2012,2015,0
0000816284,6,6,2011,2016,1
0000816761,6,6,2011,2016,2
0000816956,10,10,2011,2020,0
0000817135,5,5,2011,2015,0
0000817720,10,10,2011,2020,0
0000817979,3,3,2012,2014,0
0000818479,10,10,2011,2020,1
0000818686,3,3,2018,2020,0
0000819050,7,7,2011,2017,3
0000819220,6,6,2012,2017,0
0000819689,7,7,2012,2018,1
0000819793,10,10,2011,2020,0
0000819926,8,8,2013,2020,3
0000820096,2,2,2011,2012,0
0000820313,10,10,2011,2020,0
0000820318,10,10,2011,2020,2
0000820736,2,2,2011,2012,0
0000820901,4,4,2012,2015,2
0000821002,9,9,2012,2020,2
0000821026,2,2,2019,2020,0
0000821130,6,6,2011,2016,0
0000821483,4,4,2013,2020,0
0000821995,6,6,2011,2016,1
0000822370,1,1,2020,2020,1
0000822418,1,1,2011,2011,0
0000822663,10,10,2011,2020,0
0000822708,1,1,2011,2011,1
0000822997,2,2,2011,2017,0
0000823094,6,6,2011,2016,0
0000823277,8,8,2012,2020,0
0000824142,9,9,2011,2020,1
0000824416,5,5,2013,2019,3
0000825322,4,4,2013,2020,1
0000825324,4,4,2011,2016,0
0000825410,4,4,2011,2015,1
0000825411,5,5,2011,2015,1
0000825542,2,2,2019,2020,0
0000826083,1,1,2011,2011,0
0000826253,2,2,2012,2014,2
0000826326,4,4,2013,2017,2
0000826773,2,2,2011,2012,0
0000827054,10,10,2011,2020,1
0000827099,2,2,2011,2012,2
0000827187,9,9,2012,2020,2
0000827809,2,2,2016,2017,1
0000827871,1,1,2016,2016,0
0000827876,1,1,2020,2020,0
0000828146,2,2,2016,2020,0
0000828940,1,1,2011,2011,0
0000829224,2,2,2011,2012,1
0000829323,10,10,2011,2020,2
0000829325,5,5,2011,2016,2
0000830052,3,3,2011,2013,0
0000830483,1,1,2014,2014,0
0000830616,10,10,2011,2020,1
0000830656,7,7,2011,2019,5
0000830741,1,1,2011,2011,0
0000830916,3,3,2011,2013,1
0000831259,5,5,2012,2020,2
0000831489,9,9,2011,2020,3
0000831547,6,6,2011,2016,1
0000831641,10,10,2011,2020,0
0000831968,4,4,2011,2014,0
0000832101,10,10,2011,2020,0
0000832428,5,5,2011,2016,1
0000832488,4,4,2013,2017,0
0000832988,6,6,2011,2020,1
0000833444,6,6,2011,2017,0
0000833640,10,10,2011,2020,0
0000834365,2,2,2012,2013,0
0000835011,1,1,2017,2017,0
0000835729,1,1,2011,2011,0
0000835887,6,6,2011,2016,3
0000836157,9,9,2012,2020,2
0000836429,3,3,2012,2014,0
0000836690,2,2,2016,2017,1
0000836809,5,5,2014,2018,3
0000837465,9,9,2011,2019,1
0000837852,7,7,2011,2019,2
0000838796,3,3,2012,2015,2
0000838875,8,8,2011,2020,0
0000839087,5,5,2012,2016,1
0000840715,10,10,2011,2020,2
0000840883,2,2,2011,2012,2
0000842013,3,3,2012,2014,1
0000842023,9,9,2011,2020,0
0000842162,5,5,2016,2020,1
0000842295,3,3,2014,2016,0
0000842633,10,10,2011,2020,0
0000842694,1,1,2011,2011,0
0000843006,10,10,2011,2020,1
0000843212,1,1,2013,2013,1
0000844059,3,3,2011,2013,0
0000844143,1,1,2017,2017,1
0000844161,2,2,2017,2018,0
0000844856,6,6,2011,2016,3
0000844965,2,2,2013,2014,1
0000844985,1,1,2013,2013,0
0000845819,2,2,2019,2020,0
0000846475,3,3,2014,2016,1
0000846913,8,8,2013,2020,2
0000847464,4,4,2013,2016,0
0000849145,4,4,2013,2016,3
0000849146,9,9,2012,2020,1
0000849399,10,10,2011,2020,1
0000849401,9,9,2012,2020,4
0000849636,1,1,2011,2011,1
0000849706,5,5,2011,2015,0
0000849869,8,8,2011,2020,0
0000850209,10,10,2011,2020,1
0000850261,4,4,2013,2016,1
0000850429,6,6,2011,2016,0
0000850460,10,10,2011,2020,0
0000850579,2,2,2011,2012,1
0000850693,3,3,2011,2013,0
0000850971,1,1,2020,2020,1
0000851205,9,9,2011,2020,1
0000851310,6,6,2011,2016,2
0000851726,4,4,2012,2015,4
0000851968,10,10,2011,2020,0
0000852437,3,3,2012,2014,1
0000852570,1,1,2011,2011,1
0000852772,6,6,2011,2016,0
0000853816,10,10,2011,2020,0
0000854398,2,2,2011,2012,0
0000854701,3,3,2011,2013,0
0000854775,6,6,2011,2016,0
0000854800,10,10,2011,2020,3
0000854852,3,3,2011,2013,0
0000854860,1,1,2011,2011,0
0000855612,9,9,2011,2019,1
0000855658,8,8,2012,2020,1
0000856982,7,7,2014,2020,0
0000856984,1,1,2020,2020,0
0000857005,7,7,2011,2017,0
0000857737,1,1,2013,2013,0
0000858339,2,2,2012,2013,0
0000858655,10,10,2011,2020,0
0000858803,2,2,2012,2013,1
0000858877,6,6,2011,2016,0
0000859014,2,2,2011,2012,0
0000859163,4,4,2014,2017,0
0000859598,9,9,2011,2019,1
0000859737,7,7,2011,2017,1
0000860131,2,2,2016,2017,1
0000860543,2,2,2019,2020,0
0000860730,2,2,2019,2020,0
0000860731,6,6,2011,2016,1
0000861361,3,3,2011,2013,1
0000861459,6,6,2011,2016,0
0000861884,10,10,2011,2020,0
0000862651,4,4,2012,2015,2
0000862668,4,4,2012,2017,0
0000862692,6,6,2011,2016,2
0000862861,7,7,2012,2020,2
0000863157,2,2,2011,2012,0
0000863436,10,10,2011,2020,0
0000863456,1,1,2012,2012,0
0000863894,9,9,2012,2020,3
0000863895,4,4,2011,2014,2
0000864240,10,10,2011,2020,2
0000864509,5,5,2012,2016,0
0000864559,4,4,2011,2014,0
0000864683,3,3,2012,2014,0
0000864749,6,6,2011,2016,0
0000864839,6,6,2011,2016,5
0000865415,3,3,2012,2014,1
0000865436,1,1,2011,2011,0
0000865752,5,5,2016,2020,0
0000865754,1,1,2011,2011,0
0000865941,4,4,2012,2015,0
0000866121,4,4,2011,2016,0
0000866273,8,8,2012,2020,0
0000866374,7,7,2011,2020,0
0000866458,1,1,2011,2011,1
0000866609,6,6,2011,2016,3
0000866706,10,10,2011,2020,0
0000866729,10,10,2011,2020,0
0000866787,10,10,2011,2020,0
0000866829,10,10,2011,2020,1
0000866970,4,4,2012,2015,2
0000867038,3,3,2014,2016,1
0000867374,7,7,2011,2017,1
0000867665,6,6,2011,2016,2
0000867773,5,5,2011,2015,1
0000867840,8,8,2013,2020,0
0000868267,1,1,2011,2011,0
0000868278,7,7,2011,2019,1
0000868611,7,7,2011,2017,1
0000868725,3,3,2013,2015,0
0000868780,9,9,2011,2020,1
0000868857,4,4,2011,2020,0
0000869487,1,1,2012,2012,1
0000869531,2,2,2017,2018,1
0000869986,1,1,2012,2012,0
0000870732,2,2,2011,2012,1
0000870753,5,5,2011,2015,1
0000870826,9,9,2012,2020,1
0000872448,2,2,2013,2014,0
0000872589,6,6,2011,2016,0
0000872912,2,2,2014,2016,1
0000873044,6,6,2011,2016,3
0000873303,6,6,2015,2020,2
0000874015,6,6,2011,2016,0
0000874214,3,3,2011,2013,0
0000874238,10,10,2011,2020,2
0000874292,8,8,2011,2020,2
0000874396,10,10,2011,2020,0
0000874499,6,6,2011,2016,1
0000874710,8,8,2012,2020,0
0000874716,6,6,2011,2016,0
0000874841,2,2,2012,2013,0
0000875045,6,6,2011,2016,0
0000875296,5,5,2011,2015,0
0000875320,4,4,2012,2015,2
0000875355,8,8,2011,2018,2
0000875582,9,9,2012,2020,0
0000875622,3,3,2014,2016,1
0000875657,10,10,2011,2020,2
0000875729,3,3,2013,2015,3
0000876167,6,6,2011,2016,1
0000876343,8,8,2013,2020,2
0000876378,3,3,2013,2017,1
0000876427,9,9,2012,2020,1
0000877212,6,6,2011,2016,1
0000877422,7,7,2014,2020,0
0000877890,6,6,2011,2016,0
0000878522,1,1,2011,2011,0
0000878526,10,10,2011,2020,1
0000878726,3,3,2012,2020,2
0000878802,4,4,2011,2014,0
0000878828,9,9,2011,2019,3
0000878927,9,9,2011,2020,0
0000879407,6,6,2013,2020,4
0000879519,4,4,2011,2014,4
0000879526,10,10,2011,2020,1
0000879585,1,1,2013,2013,0
0000879682,7,7,2012,2020,2
0000879703,3,3,2011,2013,0
0000879796,3,3,2012,2014,1
0000880115,3,3,2011,2013,0
0000880117,3,3,2013,2019,0
0000880177,1,1,2012,2012,0
0000880242,5,5,2011,2016,3
0000880266,10,10,2011,2020,0
0000880285,3,3,2013,2015,0
0000880432,6,6,2012,2018,2
0000880446,3,3,2011,2013,1
0000880460,4,4,2012,2015,1
0000880562,3,3,2012,2014,0
0000880771,2,2,2014,2015,0
0000880804,3,3,2011,2013,0
0000880807,9,9,2011,2020,4
0000880984,10,10,2011,2020,5
0000881524,5,5,2012,2016,2
0000881890,5,5,2012,2016,0
0000882095,6,6,2011,2016,2
0000882104,6,6,2011,2016,2
0000882154,1,1,2013,2013,0
0000882291,1,1,2012,2012,0
0000882508,9,9,2012,2020,2
0000882796,6,6,2011,2016,1
0000882829,2,2,2011,2012,0
0000882835,10,10,2011,2020,0
0000882873,2,2,2012,2013,1
0000883107,6,6,2011,2016,0
0000883241,6,6,2011,2016,0
0000883293,1,1,2011,2011,0
0000883569,10,10,2011,2020,2
0000883902,8,8,2011,2020,0
0000883943,7,7,2012,2018,3
0000883945,9,9,2011,2020,1
0000883975,2,2,2011,2012,1
0000883980,4,4,2011,2016,0
0000883984,2,2,2019,2020,0
0000884130,1,1,2011,2011,1
0000884144,6,6,2011,2016,0
0000884217,1,1,2013,2013,1
0000884219,6,6,2011,2016,0
0000884269,9,9,2011,2019,0
0000884624,6,6,2015,2020,0
0000884650,7,7,2011,2017,3
0000884713,6,6,2012,2020,1
0000884731,4,4,2011,2014,2
0000884887,6,6,2011,2016,0
0000884905,6,6,2011,2016,0
0000884940,5,5,2012,2016,0
0000885074,3,3,2013,2016,2
0000885306,5,5,2011,2015,1
0000885307,8,8,2013,2020,0
0000885462,8,8,2011,2020,2
0000885475,1,1,2013,2013,0
0000885590,5,5,2011,2016,0
0000885639,6,6,2011,2016,0
0000885725,10,10,2011,2020,0
0000885975,6,6,2011,2016,0
0000885978,5,5,2011,2016,0
0000886035,1,1,2011,2011,0
0000886128,5,5,2012,2016,1
0000886137,2,2,2015,2016,0
0000886158,2,2,2019,2020,1
0000886163,6,6,2011,2016,1
0000886171,6,6,2011,2016,0
0000886206,8,8,2012,2020,1
0000886328,3,3,2012,2014,1
0000886346,9,9,2012,2020,0
0000886475,1,1,2012,2012,0
0000886744,5,5,2011,2016,1
0000886835,4,4,2011,2016,1
0000887150,3,3,2011,2013,2
0000887226,7,7,2012,2019,1
0000887247,4,4,2016,2019,1
0000887359,7,7,2013,2020,2
0000887396,3,3,2018,2020,1
0000887497,1,1,2012,2012,0
0000887596,2,2,2019,2020,1
0000887730,2,2,2017,2018,0
0000887733,6,6,2014,2020,0
0000887921,6,6,2011,2019,2
0000887936,4,4,2017,2020,0
0000887969,5,5,2011,2015,0
0000888504,5,5,2012,2016,1
0000888702,1,1,2011,2011,1
0000888981,7,7,2014,2020,1
0000889156,2,2,2011,2012,0
0000889331,8,8,2012,2020,0
0000889348,8,8,2012,2020,2
0000889570,3,3,2011,2013,0
0000889900,6,6,2011,2016,1
0000889930,2,2,2012,2013,1
0000889971,1,1,2015,2015,0
0000890264,4,4,2012,2015,1
0000890447,7,7,2014,2020,2
0000890465,3,3,2011,2013,0
0000890491,8,8,2011,2018,0
0000890543,4,4,2013,2016,0
0000890547,3,3,2015,2019,2
0000890564,9,9,2012,2020,0
0000890821,2,2,2017,2018,1
0000890846,1,1,2012,2012,0
0000890923,2,2,2011,2012,0
0000891014,7,7,2011,2020,1
0000891024,10,10,2011,2020,2
0000891103,9,9,2011,2020,0
0000891293,4,4,2013,2016,3
0000891417,4,4,2011,2016,2
0000891482,2,2,2011,2012,0
0000892160,4,4,2011,2014,2
0000892482,5,5,2011,2015,2
0000892537,10,10,2011,2020,0
0000892553,9,9,2012,2020,0
0000892822,1,1,2011,2011,1
0000892907,1,1,2012,2012,0
0000893691,8,8,2013,2020,0
0000893949,1,1,2020,2020,0
0000894081,10,10,2011,2020,0
0000894237,2,2,2012,2016,0
0000894405,1,1,2013,2013,0
0000894871,4,4,2017,2020,0
0000895051,3,3,2011,2020,0
0000895126,6,6,2011,2016,2
0000895329,2,2,2011,2012,0
0000895419,10,10,2011,2020,0
0000895447,9,9,2012,2020,1
0000895456,10,10,2011,2020,1
0000895516,1,1,2012,2012,0
0000895655,4,4,2011,2014,0
0000895665,4,4,2013,2016,2
0000895930,2,2,2011,2012,0
0000896156,9,9,2012,2020,1
0000896264,9,9,2012,2020,0
0000896400,3,3,2011,2013,0
0000896429,4,4,2012,2015,0
0000896493,3,3,2011,2013,1
0000896622,10,10,2011,2020,0
0000896747,9,9,2011,2019,3
0000896778,1,1,2011,2011,0
0000896841,5,5,2013,2017,0
0000896842,1,1,2011,2011,1
0000896878,5,5,2011,2015,1
0000896985,4,4,2012,2017,1
0000897067,1,1,2011,2011,1
0000897077,1,1,2013,2013,0
0000897078,3,3,2014,2016,0
0000897448,3,3,2014,2016,1
0000897723,10,10,2011,2020,0
0000898173,10,10,2011,2020,0
0000898293,10,10,2011,2020,0
0000898437,7,7,2011,2020,1
0000899460,1,1,2016,2016,1
0000899597,1,1,2012,2012,0
0000899723,3,3,2011,2013,1
0000899751,10,10,2011,2020,0
0000899866,3,3,2014,2016,1
0000899923,6,6,2011,2016,1
0000901491,1,1,2013,2013,0
0000902791,5,5,2011,2016,1
0000903651,10,10,2011,2020,2
0000904080,1,1,2012,2012,0
0000904979,7,7,2011,2017,0
0000906192,1,1,2014,2014,0
0000906193,5,5,2012,2016,1
0000906709,6,6,2011,2016,2
0000907242,1,1,2018,2018,0
0000907562,3,3,2011,2013,1
0000907649,3,3,2011,2013,0
0000907686,1,1,2011,2011,1
0000908255,6,6,2013,2020,0
0000908598,6,6,2011,2017,4
0000908937,6,6,2011,2016,1
0000909494,10,10,2011,2020,0
0000909724,7,7,2011,2020,1
0000909791,5,5,2011,2015,1
0000909954,2,2,2013,2014,0
0000910267,7,7,2011,2017,2
0000910329,10,10,2011,2020,1
0000910406,9,9,2011,2020,0
0000910521,2,2,2011,2012,0
0000910638,6,6,2011,2016,1
0000911002,1,1,2011,2011,1
0000911160,2,2,2011,2012,1
0000911326,3,3,2011,2013,2
0000911649,1,1,2011,2011,0
0000911650,2,2,2012,2013,0
0000912061,9,9,2011,2020,2
0000912093,2,2,2015,2016,0
0000912513,3,3,2011,2013,0
0000912544,1,1,2011,2011,0
0000912562,10,10,2011,2020,0
0000912603,10,10,2011,2020,1
0000912615,10,10,2011,2020,1
0000912728,10,10,2011,2020,2
0000912752,10,10,2011,2020,0
0000912766,4,4,2017,2020,0
0000912767,7,7,2011,2020,0
0000912833,4,4,2012,2015,0
0000913077,4,4,2011,2014,1
0000913142,10,10,2011,2020,0
0000913165,5,5,2011,2015,1
0000913241,7,7,2011,2017,0
0000913277,7,7,2011,2017,0
0000913885,2,2,2011,2012,0
0000914024,1,1,2011,2011,0
0000914025,6,6,2011,2016,0
0000914122,9,9,2012,2020,1
0000914156,10,10,2011,2020,1
0000914329,4,4,2011,2014,0
0000914397,3,3,2011,2013,2
0000914398,2,2,2012,2013,0
0000914475,4,4,2011,2016,2
0000914712,5,5,2012,2016,1
0000915324,1,1,2011,2011,1
0000915358,9,9,2012,2020,0
0000915389,9,9,2012,2020,0
0000915778,9,9,2011,2019,0
0000915779,9,9,2012,2020,0
0000915862,3,3,2011,2013,0
0000915913,9,9,2012,2020,1
0000916365,10,10,2011,2020,1
0000916459,1,1,2011,2011,0
0000916529,6,6,2012,2017,0
0000916540,4,4,2011,2020,0
0000917273,4,4,2013,2016,0
0000917470,10,10,2011,2020,1
0000917491,5,5,2012,2016,0
0000917520,10,10,2011,2020,0
0000917523,6,6,2011,2016,1
0000918160,1,1,2011,2011,0
0000918251,2,2,2012,2020,0
0000918386,4,4,2011,2014,2
0000918541,5,5,2011,2020,1
0000918543,6,6,2011,2016,0
0000918580,7,7,2011,2017,1
0000918581,4,4,2011,2014,0
0000918646,10,10,2011,2020,0
0000918964,4,4,2011,2014,0
0000918965,9,9,2011,2020,0
0000919012,10,10,2011,2020,2
0000919130,4,4,2011,2014,2
0000919175,7,7,2013,2020,2
0000920033,1,1,2012,2012,0
0000920148,7,7,2011,2020,0
0000920371,7,7,2014,2020,0
0000920448,6,6,2011,2016,4
0000920465,3,3,2015,2019,1
0000920707,1,1,2011,2011,1
0000921299,2,2,2015,2016,0
0000921313,1,1,2011,2011,1
0000921503,2,2,2012,2013,1
0000922011,1,1,2012,2012,1
0000922237,1,1,2011,2011,1
0000922247,2,2,2011,2012,0
0000922475,3,3,2011,2014,1
0000922521,6,6,2012,2017,3
0000922612,9,9,2012,2020,3
0000922717,1,1,2011,2011,0
0000922863,3,3,2011,2013,0
0000923601,9,9,2012,2020,2
0000923649,2,2,2011,2012,0
0000923796,1,1,2011,2011,0
0000924168,10,10,2011,2020,4
0000924383,6,6,2011,2016,2
0000924717,5,5,2012,2016,1
0000924719,6,6,2012,2020,0
0000924822,10,10,2011,2020,1
0000925043,1,1,2011,2011,0
0000925528,10,10,2011,2020,2
0000925645,8,8,2011,2018,1
0000925741,1,1,2016,2016,1
0000926282,6,6,2011,2016,1
0000926326,6,6,2011,2016,0
0000926423,9,9,2012,2020,4
0000926617,6,6,2011,2016,3
0000927003,6,6,2011,2020,0
0000927066,4,4,2017,2020,0
0000927355,3,3,2013,2020,0
0000927653,10,10,2011,2020,0
0000927720,8,8,2011,2018,2
0000928054,9,9,2011,2020,3
0000928421,4,4,2011,2014,1
0000928658,6,6,2011,2016,0
0000929008,8,8,2011,2020,1
0000929351,5,5,2015,2020,0
0000929452,5,5,2011,2015,0
0000929887,4,4,2012,2015,3
0000929940,6,6,2012,2017,0
0000930420,4,4,2017,2020,0
0000930775,4,4,2015,2018,1
0000930803,1,1,2012,2012,1
0000931015,7,7,2011,2020,0
0000931059,5,5,2013,2020,2
0000931148,5,5,2011,2020,1
0000931336,7,7,2011,2018,1
0000931584,10,10,2011,2020,2
0000931799,6,6,2012,2017,5
0000932021,1,1,2020,2020,1
0000932111,3,3,2011,2013,0
0000932372,3,3,2011,2013,0
0000932628,6,6,2012,2017,0
0000932699,2,2,2014,2015,2
0000933034,8,8,2012,2020,0
0000933738,9,9,2011,2020,3
0000933972,3,3,2014,2018,1
0000933974,7,7,2011,2017,0
0000934445,2,2,2011,2012,2
0000934448,1,1,2011,2011,1
0000934473,2,2,2014,2015,2
0000934612,8,8,2013,2020,0
0000934648,5,5,2011,2016,0
0000935036,2,2,2011,2016,0
0000935419,6,6,2011,2016,0
0000935494,6,6,2011,2016,0
0000935703,6,6,2013,2019,1
0000936395,6,6,2011,2016,0
0000936402,6,6,2011,2016,2
0000936446,6,6,2011,2018,1
0000936468,6,6,2011,2016,0
0000937098,3,3,2014,2016,0
0000937556,1,1,2019,2019,0
0000937941,4,4,2014,2017,1
0000939767,5,5,2011,2015,2
0000940332,4,4,2011,2014,3
0000940942,10,10,2011,2020,0
0000940944,10,10,2011,2020,1
0000941020,1,1,2011,2011,1
0000941548,4,4,2011,2014,0
0000941604,3,3,2011,2013,0
0000942126,6,6,2011,2016,0
0000942650,3,3,2011,2013,2
0000943034,5,5,2011,2016,2
0000943110,1,1,2011,2011,0
0000943184,10,10,2011,2020,1
0000943452,6,6,2011,2016,1
0000943535,1,1,2020,2020,0
0000943819,8,8,2011,2018,1
0000943823,1,1,2012,2012,0
0000943861,4,4,2011,2014,3
0000944075,10,10,2011,2020,2
0000944148,9,9,2011,2020,0
0000944480,6,6,2015,2020,2
0000944739,1,1,2011,2011,1
0000944765,3,3,2011,2013,0
0000944809,5,5,2011,2016,2
0000945114,10,10,2011,2020,0
0000945384,8,8,2011,2018,4
0000945436,3,3,2011,2013,1
0000945617,5,5,2014,2020,2
0000945699,4,4,2012,2015,0
0000945828,7,7,2013,2020,0
0000945841,10,10,2011,2020,0
0000945983,5,5,2016,2020,0
0000945989,7,7,2011,2017,1
0000946454,4,4,2013,2016,0
0000946486,3,3,2013,2016,3
0000946563,10,10,2011,2020,2
0000946581,6,6,2014,2020,0
0000946644,7,7,2011,2017,4
0000946822,5,5,2013,2017,2
0000946823,2,2,2011,2012,1
0000948072,6,6,2011,2016,0
0000948320,5,5,2013,2017,2
0000948426,5,5,2012,2016,2
0000948708,10,10,2011,2020,4
0000949039,6,6,2011,2016,0
0000949157,1,1,2020,2020,1
0000949158,7,7,2011,2017,1
0000949373,2,2,2011,2012,0
0000949428,6,6,2011,2016,2
0000949852,3,3,2016,2018,0
0000949982,2,2,2013,2014,0
0001000180,2,2,2011,2012,1
0001000228,10,10,2011,2020,0
0001000229,6,6,2011,2016,2
0001000230,10,10,2011,2020,3
0001000623,7,7,2011,2020,0
0001000683,10,10,2011,2020,3
0001000694,6,6,2011,2016,3
0001001039,5,5,2013,2017,0
0001001082,6,6,2011,2016,0
0001001115,5,5,2011,2020,0
0001001233,9,9,2011,2020,3
0001001250,10,10,2011,2020,1
0001001279,2,2,2012,2013,0
0001001288,3,3,2011,2014,1
0001001385,10,10,2011,2020,1
0001001426,3,3,2012,2014,0
0001001463,4,4,2013,2018,1
0001001604,2,2,2011,2012,0
0001001606,4,4,2011,2014,0
0001001614,6,6,2014,2019,4
0001001838,4,4,2017,2020,0
0001001902,7,7,2011,2020,0
0001001907,9,9,2012,2020,3
0001002037,6,6,2012,2017,2
0001002047,7,7,2011,2017,1
0001002135,6,6,2014,2019,3
0001002388,1,1,2012,2012,0
0001002517,10,10,2011,2020,0
0001002638,7,7,2011,2017,0
0001003078,10,10,2011,2020,1
0001003130,2,2,2011,2012,0
0001003214,3,3,2011,2013,0
0001003642,2,2,2011,2013,0
0001004411,2,2,2015,2016,1
0001004673,5,5,2011,2015,1
0001004724,6,6,2012,2017,2
0001004989,10,10,2011,2020,1
0001005010,2,2,2011,2012,0
0001005101,2,2,2013,2015,0
0001005201,6,6,2011,2016,2
0001005210,6,6,2011,2016,2
0001005229,2,2,2019,2020,0
0001005284,7,7,2012,2018,1
0001005286,2,2,2012,2016,0
0001005414,4,4,2012,2015,1
0001005699,5,5,2012,2016,2
0001005731,8,8,2013,2020,0
0001005757,9,9,2011,2020,0
0001005758,2,2,2011,2012,1
0001006045,8,8,2012,2020,0
0001006281,2,2,2015,2016,1
0001006655,2,2,2012,2013,1
0001006837,3,3,2011,2020,0
0001007019,10,10,2011,2020,1
0001007330,7,7,2011,2018,1
0001007587,6,6,2011,2016,1
0001008586,5,5,2012,2016,1
0001008654,2,2,2019,2020,0
0001008848,6,6,2011,2016,0
0001009626,5,5,2011,2015,1
0001009672,8,8,2011,2018,3
0001009759,2,2,2015,2016,0
0001009829,10,10,2011,2020,2
0001009891,6,6,2012,2020,0
0001009925,3,3,2011,2013,0
0001010552,4,4,2011,2014,0
0001010566,2,2,2014,2015,0
0001010612,9,9,2011,2019,0
0001010858,3,3,2014,2016,1
0001011006,5,5,2011,2015,1
0001011395,3,3,2015,2017,1
0001011432,10,10,2011,2020,2
0001011452,8,8,2011,2018,0
0001011509,5,5,2016,2020,2
0001011570,7,7,2013,2019,2
0001011662,1,1,2015,2015,1
0001012019,6,6,2011,2016,0
0001012100,10,10,2011,2020,0
0001012140,1,1,2011,2011,1
0001012477,1,1,2016,2016,0
0001012620,7,7,2011,2017,1
0001013237,10,10,2011,2020,1
0001013238,5,5,2012,2016,3
0001013462,6,6,2011,2016,0
0001013488,10,10,2011,2020,2
0001013606,8,8,2011,2018,2
0001013706,3,3,2014,2016,0
0001013857,6,6,2011,2016,0
0001013880,6,6,2012,2020,0
0001013934,9,9,2012,2020,0
0001014052,2,2,2019,2020,1
0001014111,6,6,2011,2016,4
0001014473,10,10,2011,2020,1
0001014507,2,2,2013,2014,0
0001014739,3,3,2017,2020,0
0001014763,2,2,2018,2019,2
0001015155,8,8,2011,2020,1
0001015739,6,6,2011,2016,0
0001016125,7,7,2011,2017,0
0001016169,6,6,2011,2016,3
0001016281,1,1,2013,2013,0
0001016504,7,7,2012,2019,0
0001016546,1,1,2011,2011,1
0001017303,6,6,2015,2020,2
0001017480,10,10,2011,2020,0
0001017491,5,5,2011,2015,2
0001017616,1,1,2014,2014,1
0001017655,10,10,2011,2020,3
0001017673,6,6,2011,2016,0
0001017968,6,6,2011,2016,2
0001018003,4,4,2011,2014,0
0001018281,1,1,2016,2016,1
0001018724,6,6,2011,2016,0
0001018840,8,8,2011,2020,0
0001018946,3,3,2011,2013,1
0001018963,6,6,2012,2020,2
0001019034,2,2,2014,2016,0
0001019272,4,4,2012,2015,0
0001019361,4,4,2011,2014,0
0001019671,5,5,2012,2016,3
0001019737,7,7,2011,2017,0
0001019787,8,8,2011,2018,2
0001019849,1,1,2013,2013,0
0001020214,1,1,2014,2014,0
0001020416,1,1,2013,2013,0
0001020475,3,3,2012,2014,2
0001020477,1,1,2011,2011,1
0001020646,2,2,2011,2012,2
0001020710,10,10,2011,2020,0
0001020859,8,8,2013,2020,1
0001021096,1,1,2012,2012,1
0001021162,10,10,2011,2020,3
0001021270,5,5,2012,2016,1
0001021435,4,4,2013,2016,2
0001021561,6,6,2015,2020,0
0001022079,10,10,2011,2020,0
0001022225,2,2,2012,2013,0
0001022321,6,6,2011,2016,0
0001022408,3,3,2012,2014,0
0001022469,5,5,2011,2015,1
0001022505,5,5,2016,2020,3
0001022652,9,9,2011,2019,2
0001022671,10,10,2011,2020,0
0001022705,5,5,2011,2015,1
0001023024,8,8,2013,2020,1
0001023313,6,6,2011,2016,1
0001023364,9,9,2011,2019,1
0001023459,8,8,2013,2020,1
0001023731,4,4,2012,2015,0
0001023734,1,1,2011,2011,0
0001023994,4,4,2011,2014,2
0001024126,5,5,2012,2016,2
0001024305,7,7,2014,2020,0
0001024478,6,6,2011,2016,0
0001024626,3,3,2013,2015,2
0001024628,5,5,2011,2015,3
0001024657,5,5,2011,2015,0
0001024732,2,2,2011,2012,0
0001024795,6,6,2015,2020,1
0001026655,9,9,2011,2020,0
0001027235,2,2,2013,2014,2
0001027838,2,2,2016,2017,0
0001027884,6,6,2011,2016,1
0001028153,4,4,2012,2015,4
0001028215,5,5,2013,2017,1
0001029023,2,2,2011,2012,0
0001029142,5,5,2012,2016,2
0001029506,1,1,2011,2011,0
0001029581,3,3,2013,2015,0
0001029744,6,6,2011,2016,2
0001029802,3,3,2011,2013,0
0001029831,5,5,2012,2019,1
0001030192,4,4,2014,2017,1
0001030206,4,4,2011,2014,0
0001030896,1,1,2011,2011,1
0001031029,6,6,2011,2016,1
0001031203,6,6,2011,2016,0
0001031623,10,10,2011,2020,4
0001031896,1,1,2011,2011,1
0001031927,2,2,2011,2012,1
0001032220,10,10,2011,2020,2
0001033905,6,6,2011,2016,1
0001034054,5,5,2011,2015,0
0001034669,1,1,2011,2011,0
0001034670,10,10,2011,2020,0
0001034760,10,10,2011,2020,2
0001035002,1,1,2017,2017,0
0001035267,6,6,2011,2016,1
0001035983,10,10,2011,2020,0
0001036044,10,10,2011,2020,2
0001036188,5,5,2012,2016,0
0001036262,10,10,2011,2020,1
0001036478,1,1,2013,2013,1
0001036960,4,4,2011,2014,1
0001036968,3,3,2011,2013,1
0001037016,3,3,2011,2013,2
0001037038,6,6,2015,2020,1
0001037131,4,4,2011,2016,2
0001037646,2,2,2011,2012,0
0001037649,4,4,2011,2014,2
0001037676,3,3,2018,2020,1
0001037760,4,4,2011,2014,0
0001037868,10,10,2011,2020,0
0001038074,5,5,2016,2020,0
0001038133,8,8,2011,2020,0
0001039065,2,2,2016,2017,0
0001039101,1,1,2016,2016,0
0001039280,4,4,2012,2015,1
0001039399,7,7,2012,2020,1
0001039466,5,5,2014,2018,3
0001040130,8,8,2012,2020,2
0001040161,7,7,2011,2020,1
0001040426,6,6,2011,2016,1
0001040470,8,8,2012,2020,4
0001040482,2,2,2011,2012,1
0001040792,6,6,2011,2016,3
0001040829,1,1,2011,2011,0
0001040850,2,2,2013,2016,0
0001040896,10,10,2011,2020,3
0001041024,6,6,2015,2020,2
0001041061,4,4,2011,2014,0
0001041177,1,1,2013,2013,0
0001041379,5,5,2011,2015,0
0001041577,2,2,2011,2012,0
0001041657,10,10,2011,2020,0
0001041803,10,10,2011,2020,0
0001041859,10,10,2011,2020,2
0001042173,2,2,2011,2012,2
0001042187,10,10,2011,2020,2
0001042642,5,5,2012,2016,1
0001042783,3,3,2011,2013,0
0001042893,10,10,2011,2020,2
0001043000,5,5,2011,2015,0
0001043186,7,7,2011,2017,1
0001043277,6,6,2011,2016,1
0001043337,7,7,2011,2020,0
0001043509,6,6,2011,2016,0
0001043604,5,5,2011,2016,1
0001043894,4,4,2017,2020,3
0001043961,4,4,2011,2015,2
0001044378,7,7,2014,2020,2
0001044590,1,1,2011,2011,0
0001044777,6,6,2011,2016,1
0001045309,8,8,2011,2019,0
0001045742,5,5,2011,2020,1
0001045942,9,9,2011,2019,2
0001046057,2,2,2011,2013,0
0001046257,7,7,2014,2020,0
0001046311,7,7,2011,2017,0
0001046327,9,9,2011,2020,4
0001046568,6,6,2011,2016,4
0001046859,2,2,2012,2013,0
0001046995,6,6,2011,2016,2
0001047122,6,6,2011,2016,0
0001047127,10,10,2011,2020,0
0001047881,5,5,2011,2015,1
0001047919,2,2,2011,2012,2
0001048268,2,2,2011,2020,0
0001048286,3,3,2014,2016,0
0001048477,6,6,2011,2016,0
0001048685,3,3,2011,2013,0
0001048911,10,10,2011,2020,0
0001049210,1,1,2011,2011,0
0001049502,6,6,2011,2016,1
0001049521,9,9,2012,2020,2
0001049606,10,10,2011,2020,0
0001050377,2,2,2019,2020,0
0001050446,6,6,2011,2016,0
0001050550,1,1,2011,2011,0
0001050606,6,6,2011,2016,0
0001050797,7,7,2011,2020,0
0001050825,4,4,2012,2015,0
0001050915,10,10,2011,2020,0
0001050957,1,1,2011,2011,0
0001051114,1,1,2011,2011,0
0001051470,3,3,2011,2013,0
0001051512,6,6,2011,2016,0
0001051514,9,9,2012,2020,1
0001051627,7,7,2011,2020,1
0001051771,2,2,2012,2013,0
0001052045,2,2,2011,2012,0
0001052054,6,6,2011,2016,1
0001052257,4,4,2011,2014,2
0001052595,6,6,2011,2016,0
0001053369,8,8,2012,2020,2
0001053374,6,6,2011,2016,3
0001053650,5,5,2011,2015,1
0001053706,10,10,2011,2020,1
0001054102,10,10,2011,2020,3
0001054274,1,1,2011,2011,0
0001054374,3,3,2011,2013,1
0001054579,1,1,2012,2012,0
0001054721,6,6,2011,2016,1
0001054905,10,10,2011,2020,0
0001055294,3,3,2011,2013,0
0001055454,2,2,2017,2018,2
0001055726,1,1,2016,2016,0
0001056035,1,1,2011,2011,0
0001056239,4,4,2011,2014,0
0001056285,5,5,2016,2020,1
0001056358,10,10,2011,2020,1
0001056386,2,2,2011,2017,0
0001056696,6,6,2011,2016,0
0001056757,4,4,2013,2018,1
0001057060,9,9,2012,2020,0
0001057083,9,9,2011,2020,1
0001057352,9,9,2011,2019,1
0001057379,5,5,2011,2016,0
0001057758,2,2,2011,2012,0
0001058057,9,9,2011,2019,2
0001058090,2,2,2017,2018,0
0001058290,10,10,2011,2020,0
0001058299,4,4,2011,2014,0
0001058307,6,6,2015,2020,1
0001058623,6,6,2013,2020,1
0001058811,5,5,2011,2016,1
0001059262,4,4,2011,2014,0
0001059272,4,4,2012,2015,2
0001059556,9,9,2011,2020,1
0001059562,2,2,2011,2012,1
0001059790,2,2,2011,2012,2
0001060426,4,4,2012,2015,1
0001060736,6,6,2011,2016,1
0001060822,5,5,2011,2020,0
0001061027,6,6,2011,2016,5
0001061983,5,5,2012,2016,2
0001062047,6,6,2011,2016,0
0001062128,3,3,2011,2013,1
0001062231,10,10,2011,2020,0
0001062273,3,3,2011,2015,1
0001062292,6,6,2011,2016,0
0001062449,5,5,2011,2015,0
0001062478,2,2,2011,2012,0
0001062530,2,2,2011,2012,0
0001062613,3,3,2013,2015,1
0001062822,10,10,2011,2020,4
0001063104,3,3,2014,2016,2
0001063197,1,1,2016,2016,1
0001063537,10,10,2011,2020,1
0001063665,2,2,2012,2013,0
0001064116,4,4,2011,2014,0
0001064728,2,2,2019,2020,1
0001065049,2,2,2011,2012,0
0001065059,2,2,2011,2012,0
0001065087,5,5,2011,2015,1
0001065088,10,10,2011,2020,0
0001065280,10,10,2011,2020,0
0001065598,4,4,2012,2017,3
0001065696,7,7,2011,2020,0
0001065837,10,10,2011,2020,2
0001065860,3,3,2012,2014,0
0001066026,3,3,2011,2013,0
0001066104,5,5,2011,2015,1
0001066134,1,1,2012,2012,0
0001066194,5,5,2012,2017,0
0001066605,7,7,2011,2018,0
0001066764,10,10,2011,2020,3
0001066923,9,9,2011,2019,5
0001067294,9,9,2011,2020,1
0001067837,10,10,2011,2020,0
0001067873,4,4,2013,2016,3
0001068148,10,10,2011,2020,0
0001068689,3,3,2018,2020,0
0001068717,2,2,2011,2013,0
0001068796,1,1,2011,2011,0
0001068874,1,1,2013,2013,1
0001068875,5,5,2011,2016,0
0001069183,5,5,2012,2016,1
0001069202,10,10,2011,2020,0
0001069258,6,6,2011,2016,0
0001069394,8,8,2011,2020,0
0001069530,2,2,2011,2012,1
0001069799,2,2,2013,2014,2
0001069878,10,10,2011,2020,0
0001069899,6,6,2014,2020,0
0001070050,2,2,2019,2020,0
0001070081,4,4,2013,2016,2
0001070336,2,2,2011,2015,1
0001070494,6,6,2015,2020,1
0001070698,1,1,2014,2014,0
0001071411,5,5,2012,2016,0
0001071760,3,3,2011,2013,1
0001072379,8,8,2013,2020,4
0001073349,5,5,2011,2015,0
0001073429,9,9,2011,2019,0
0001073431,1,1,2011,2011,0
0001074828,6,6,2014,2019,3
0001074909,2,2,2011,2012,0
0001075531,3,3,2012,2014,0
0001075736,9,9,2011,2020,2
0001075773,1,1,2011,2011,1
0001075857,6,6,2011,2016,5
0001076195,3,3,2011,2013,0
0001076481,2,2,2012,2014,2
0001076522,5,5,2011,2016,2
0001076682,4,4,2011,2014,2
0001076784,1,1,2012,2012,1
0001076930,10,10,2011,2020,1
0001077183,2,2,2015,2016,0
0001077638,3,3,2012,2014,2
0001077688,10,10,2011,2020,0
0001077866,3,3,2011,2013,3
0001078037,6,6,2013,2018,1
0001078075,5,5,2012,2016,0
0001078099,5,5,2011,2018,1
0001078207,9,9,2011,2019,2
0001078271,4,4,2012,2015,1
0001078383,1,1,2011,2011,0
0001078723,2,2,2013,2014,1
0001080014,1,1,2016,2016,0
0001080029,1,1,2017,2017,1
0001080034,2,2,2011,2012,0
0001080056,6,6,2011,2016,1
0001080099,3,3,2011,2013,0
0001080319,4,4,2017,2020,3
0001080448,1,1,2018,2018,0
0001080627,1,1,2013,2013,0
0001080709,3,3,2011,2016,1
0001081074,1,1,2013,2013,1
0001081078,3,3,2012,2014,0
0001081091,1,1,2013,2013,0
0001081745,6,6,2012,2017,3
0001082038,6,6,2011,2016,2
0001082278,3,3,2011,2013,0
0001082506,2,2,2013,2014,1
0001082526,4,4,2011,2014,0
0001082554,3,3,2016,2018,2
0001082923,6,6,2011,2016,2
0001083301,8,8,2012,2019,1
0001083522,9,9,2012,2020,2
0001083712,3,3,2011,2013,2
0001083743,7,7,2013,2020,3
0001084048,9,9,2011,2020,1
0001084182,1,1,2011,2011,0
0001084267,8,8,2013,2020,6
0001084332,4,4,2013,2016,2
0001084384,7,7,2011,2019,3
0001084463,2,2,2012,2013,0
0001084577,3,3,2018,2020,1
0001084752,2,2,2012,2015,0
0001084765,10,10,2011,2020,0
0001084817,1,1,2011,2011,0
0001084869,7,7,2013,2020,0
0001085254,1,1,2012,2012,0
0001085277,7,7,2012,2020,5
0001085280,2,2,2011,2012,0
0001085621,5,5,2011,2015,1
0001085869,7,7,2011,2020,0
0001086222,10,10,2011,2020,0
0001086303,2,2,2011,2020,2
0001086600,6,6,2011,2016,1
0001086740,2,2,2011,2012,1
0001086745,6,6,2012,2020,2
0001086909,4,4,2011,2015,0
0001087294,6,6,2011,2016,1
0001087423,1,1,2016,2016,0
0001087432,1,1,2012,2012,0
0001087734,2,2,2012,2013,0
0001087934,3,3,2011,2013,0
0001088162,3,3,2012,2014,1
0001088206,1,1,2012,2012,0
0001088211,1,1,2012,2012,1
0001088213,2,2,2011,2012,2
0001088312,1,1,2013,2013,1
0001088413,8,8,2012,2020,0
0001088638,1,1,2020,2020,0
0001088825,4,4,2011,2014,1
0001089511,9,9,2011,2019,0
0001089531,7,7,2011,2017,2
0001089815,1,1,2017,2017,0
0001089872,9,9,2011,2020,2
0001089907,1,1,2012,2012,0
0001090012,5,5,2011,2016,2
0001090061,5,5,2013,2018,0
0001090396,9,9,2011,2020,1
0001090514,1,1,2011,2011,1
0001090727,8,8,2011,2020,1
0001090872,6,6,2011,2016,0
0001091171,4,4,2011,2014,0
0001091312,1,1,2011,2011,0
0001091325,4,4,2011,2014,2
0001091596,4,4,2011,2014,2
0001091667,2,2,2019,2020,0
0001091801,3,3,2011,2013,0
0001091862,1,1,2015,2015,0
0001091883,10,10,2011,2020,3
0001091907,8,8,2011,2020,1
0001091983,6,6,2011,2017,4
0001092289,6,6,2011,2016,2
0001092492,1,1,2011,2011,0
0001092570,4,4,2013,2020,1
0001092662,5,5,2011,2016,1
0001092699,10,10,2011,2020,0
0001092796,9,9,2012,2020,1
0001092839,1,1,2012,2012,0
0001093082,10,10,2011,2020,0
0001093207,4,4,2011,2014,3
0001093248,2,2,2013,2014,2
0001093430,4,4,2011,2014,3
0001093557,10,10,2011,2020,1
0001093649,2,2,2011,2012,1
0001093691,4,4,2012,2015,2
0001094007,2,2,2011,2012,2
0001094032,3,3,2011,2013,1
0001094038,4,4,2017,2020,1
0001094084,6,6,2011,2016,0
0001094139,5,5,2012,2016,0
0001094285,5,5,2011,2020,1
0001094348,5,5,2012,2016,2
0001094392,7,7,2011,2017,1
0001094739,7,7,2012,2018,0
0001094814,4,4,2013,2016,3
0001095130,2,2,2015,2017,0
0001095277,6,6,2011,2016,4
0001095291,6,6,2011,2016,0
0001095315,6,6,2011,2016,1
0001095565,10,10,2011,2020,0
0001095858,3,3,2011,2013,0
0001096056,3,3,2018,2020,0
0001096199,3,3,2011,2013,0
0001096275,6,6,2015,2020,2
0001096294,1,1,2011,2011,0
0001096325,3,3,2013,2015,0
0001096339,3,3,2011,2013,2
0001096376,7,7,2011,2017,1
0001096637,3,3,2011,2013,1
0001096752,8,8,2011,2020,0
0001096857,1,1,2011,2011,0
0001096934,4,4,2011,2016,1
0001096938,5,5,2014,2018,2
0001096939,1,1,2013,2013,0
0001096950,7,7,2014,2020,2
0001097149,10,10,2011,2020,0
0001097718,2,2,2011,2012,2
0001097864,10,10,2011,2020,2
0001097896,1,1,2012,2012,0
0001098009,1,1,2020,2020,0
0001098277,1,1,2011,2011,0
0001098482,1,1,2011,2011,1
0001098880,6,6,2012,2017,2
0001098972,5,5,2011,2016,2
0001099132,5,5,2013,2020,2
0001099160,10,10,2011,2020,0
0001099234,1,1,2016,2016,0
0001099290,4,4,2012,2015,2
0001099509,6,6,2011,2016,4
0001099590,8,8,2011,2019,1
0001099977,1,1,2011,2011,0
0001100202,2,2,2011,2012,1
0001100397,5,5,2016,2020,2
0001100412,6,6,2012,2017,2
0001100441,7,7,2011,2017,1
0001100682,5,5,2011,2016,0
0001100917,5,5,2011,2015,1
0001100962,2,2,2011,2012,0
0001100969,1,1,2011,2011,0
0001101169,3,3,2011,2013,0
0001101215,7,7,2013,2019,0
0001101239,4,4,2011,2014,0
0001101302,10,10,2011,2020,1
0001101396,7,7,2012,2020,0
0001101433,2,2,2018,2019,1
0001101680,8,8,2011,2020,0
0001101688,1,1,2011,2011,1
0001101723,3,3,2011,2013,0
0001102358,5,5,2012,2017,1
0001102392,1,1,2017,2017,0
0001102432,1,1,2020,2020,0
0001102541,4,4,2012,2015,1
0001102741,1,1,2011,2011,1
0001102934,4,4,2013,2020,1
0001102993,9,9,2012,2020,2
0001103021,6,6,2011,2016,2
0001103090,5,5,2011,2016,2
0001103640,7,7,2012,2018,5
0001103833,1,1,2016,2016,0
0001103837,4,4,2011,2014,0
0001103982,10,10,2011,2020,1
0001104038,1,1,2019,2019,0
0001104188,6,6,2011,2016,2
0001104265,1,1,2015,2015,1
0001104280,2,2,2013,2014,2
0001104349,6,6,2011,2016,0
0001104358,3,3,2013,2015,0
0001104485,5,5,2012,2016,2
0001104506,1,1,2018,2018,0
0001104657,10,10,2011,2020,0
0001104855,3,3,2011,2017,1
0001105184,4,4,2011,2014,1
0001105533,3,3,2014,2016,2
0001105705,6,6,2011,2016,0
0001106644,7,7,2011,2020,1
0001106645,5,5,2011,2015,1
0001106838,6,6,2011,2016,0
0001106851,3,3,2012,2014,0
0001107280,2,2,2011,2013,2
0001107332,2,2,2011,2012,2
0001107694,4,4,2011,2014,0
0001107796,2,2,2013,2015,0
0001107843,9,9,2012,2020,0
0001108046,2,2,2011,2012,1
0001108205,6,6,2011,2016,4
0001108320,8,8,2012,2019,1
0001108524,6,6,2011,2016,0
0001108967,10,10,2011,2020,2
0001109116,8,8,2011,2020,0
0001109354,6,6,2011,2016,0
0001110361,4,4,2011,2014,1
0001110607,8,8,2011,2020,2
0001110647,1,1,2017,2017,0
0001110783,6,6,2011,2016,0
0001110803,6,6,2011,2016,0
0001110805,6,6,2011,2016,0
0001111335,9,9,2012,2020,0
0001111665,3,3,2011,2013,0
0001111741,5,5,2014,2020,2
0001111928,10,10,2011,2020,0
0001112372,3,3,2011,2014,1
0001112920,6,6,2011,2016,0
0001113148,1,1,2020,2020,0
0001113232,1,1,2016,2016,0
0001113256,10,10,2011,2020,0
0001113481,7,7,2011,2017,3
0001113513,5,5,2013,2017,2
0001113809,5,5,2012,2016,0
0001114208,3,3,2012,2014,2
0001114220,3,3,2014,2016,1
0001114483,10,10,2011,2020,1
0001114925,4,4,2017,2020,0
0001114936,1,1,2011,2011,0
0001114995,5,5,2016,2020,1
0001115128,4,4,2014,2020,0
0001115222,6,6,2011,2016,0
0001115836,7,7,2011,2017,0
0001116132,10,10,2011,2020,3
0001116463,6,6,2011,2016,0
0001116521,4,4,2011,2014,0
0001116942,10,10,2011,2020,0
0001117057,7,7,2011,2020,2
0001117106,4,4,2011,2014,0
0001117171,6,6,2012,2019,4
0001117297,9,9,2012,2020,1
0001117480,4,4,2013,2016,1
0001117733,5,5,2012,2016,1
0001118037,1,1,2015,2015,0
0001118417,4,4,2013,2016,2
0001118974,2,2,2013,2014,1
0001119643,8,8,2012,2020,4
0001119897,5,5,2016,2020,1
0001120295,4,4,2012,2015,1
0001120370,5,5,2016,2020,2
0001120914,6,6,2011,2016,0
0001120970,7,7,2011,2020,2
0001121484,1,1,2016,2016,0
0001121702,6,6,2014,2020,3
0001121788,10,10,2011,2020,0
0001121793,2,2,2012,2013,0
0001122020,3,3,2012,2014,1
0001122108,2,2,2011,2012,1
0001122342,3,3,2012,2014,0
0001122388,2,2,2016,2017,0
0001122897,2,2,2013,2014,0
0001122904,9,9,2012,2020,0
0001122976,10,10,2011,2020,0
0001122991,1,1,2012,2012,1
0001123316,2,2,2012,2016,0
0001123360,8,8,2011,2020,0
0001123494,10,10,2011,2020,1
0001123596,6,6,2011,2016,1
0001124024,2,2,2011,2012,1
0001124140,4,4,2017,2020,0
0001124198,9,9,2011,2020,0
0001124524,5,5,2012,2018,1
0001124608,3,3,2011,2013,1
0001124610,4,4,2011,2014,0
0001124796,1,1,2018,2018,0
0001124804,6,6,2011,2016,0
0001124827,1,1,2013,2013,0
0001124941,10,10,2011,2020,0
0001125345,4,4,2013,2016,2
0001125376,7,7,2011,2018,1
0001125699,3,3,2012,2015,2
0001125914,2,2,2011,2012,0
0001125920,6,6,2011,2016,0
0001126216,2,2,2011,2012,0
0001126234,4,4,2013,2016,2
0001126741,9,9,2012,2020,3
0001127475,4,4,2017,2020,4
0001127537,1,1,2020,2020,1
0001127993,5,5,2012,2020,2
0001128281,10,10,2011,2020,3
0001128353,4,4,2017,2020,3
0001128725,6,6,2011,2016,2
0001128928,7,7,2011,2020,0
0001129048,1,1,2013,2013,1
0001129155,10,10,2011,2020,1
0001129260,5,5,2012,2016,0
0001130166,3,3,2013,2015,1
0001130258,1,1,2011,2011,0
0001130591,4,4,2011,2014,2
0001130598,7,7,2014,2020,3
0001130888,1,1,2011,2011,0
0001131089,2,2,2011,2012,0
0001131096,2,2,2012,2016,1
0001131227,5,5,2011,2016,1
0001131324,1,1,2016,2016,0
0001131457,1,1,2011,2011,0
0001131554,9,9,2011,2020,1
0001131675,3,3,2011,2013,0
0001132105,7,7,2014,2020,0
0001132509,1,1,2020,2020,1
0001133062,9,9,2011,2020,1
0001133311,1,1,2020,2020,0
0001133421,6,6,2011,2016,0
0001133798,4,4,2015,2018,1
0001133818,1,1,2016,2016,0
0001134765,8,8,2012,2020,5
0001135152,4,4,2011,2014,0
0001135185,10,10,2011,2020,0
0001135657,4,4,2014,2017,2
0001135906,2,2,2011,2012,2
0001136174,5,5,2011,2020,1
0001136294,9,9,2011,2020,2
0001136869,10,10,2011,2020,1
0001136893,4,4,2017,2020,1
0001137091,7,7,2011,2020,2
0001137204,1,1,2012,2012,0
0001137411,7,7,2011,2017,0
0001137789,10,10,2011,2020,1
0001137855,1,1,2011,2011,1
0001137861,1,1,2012,2012,1
0001138476,6,6,2011,2016,1
0001138639,6,6,2011,2016,1
0001138723,3,3,2012,2015,1
0001138951,2,2,2011,2012,0
0001138978,3,3,2018,2020,0
0001139822,3,3,2011,2013,2
0001140102,4,4,2012,2017,0
0001140215,9,9,2011,2020,5
0001140859,7,7,2013,2020,0
0001141107,3,3,2011,2013,1
0001141240,6,6,2011,2016,3
0001141391,5,5,2011,2020,0
0001141673,1,1,2011,2011,1
0001142412,5,5,2011,2016,0
0001142417,4,4,2012,2020,0
0001142576,1,1,2011,2011,1
0001142596,6,6,2011,2016,0
0001142701,4,4,2011,2014,0
0001142750,10,10,2011,2020,0
0001142790,1,1,2018,2018,1
0001143238,5,5,2012,2016,3
0001144215,10,10,2011,2020,0
0001144225,1,1,2011,2011,1
0001144354,3,3,2012,2014,1
0001144519,10,10,2011,2020,0
0001144980,9,9,2011,2019,0
0001145197,10,10,2011,2020,2
0001145404,1,1,2011,2011,1
0001145761,2,2,2011,2012,1
0001145986,3,3,2014,2016,2
0001156041,4,4,2017,2020,1
0001156174,10,10,2011,2020,3
0001156388,9,9,2012,2020,1
0001156784,1,1,2014,2014,0
0001157075,1,1,2012,2012,0
0001157377,2,2,2012,2015,0
0001157408,3,3,2018,2020,1
0001157806,1,1,2016,2016,0
0001157817,3,3,2013,2017,0
0001158114,8,8,2013,2020,2
0001158172,5,5,2011,2020,0
0001158419,4,4,2012,2015,3
0001158449,4,4,2011,2020,0
0001158463,6,6,2011,2016,0
0001158694,1,1,2013,2013,0
0001158780,5,5,2012,2018,1
0001158863,4,4,2012,2015,0
0001158895,10,10,2011,2020,0
0001159036,7,7,2011,2017,2
0001159154,3,3,2011,2014,0
0001159167,9,9,2012,2020,1
0001159275,3,3,2016,2018,1
0001159297,3,3,2011,2013,0
0001160142,2,2,2011,2012,1
0001160791,7,7,2013,2019,1
0001160858,1,1,2011,2011,0
0001160958,9,9,2011,2019,1
0001161154,2,2,2018,2019,0
0001161364,7,7,2011,2017,0
0001161582,7,7,2012,2020,3
0001161706,5,5,2011,2015,1
0001162112,9,9,2011,2019,2
0001162194,6,6,2011,2016,1
0001162315,3,3,2011,2013,1
0001162461,6,6,2011,2016,0
0001162556,5,5,2012,2016,0
0001162816,2,2,2012,2014,2
0001162896,4,4,2014,2019,3
0001163698,1,1,2011,2011,0
0001163932,1,1,2011,2011,0
0001164255,1,1,2014,2014,0
0001164727,2,2,2019,2020,0
0001164863,10,10,2011,2020,0
0001165231,3,3,2011,2013,1
0001166003,9,9,2011,2020,1
0001166126,6,6,2011,2016,1
0001166220,2,2,2012,2013,0
0001166380,2,2,2012,2013,0
0001166388,6,6,2012,2017,0
0001166691,2,2,2019,2020,0
0001167294,1,1,2013,2013,1
0001168054,6,6,2011,2016,1
0001168081,2,2,2019,2020,1
0001168195,1,1,2011,2011,0
0001168213,4,4,2011,2014,3
0001168220,6,6,2011,2016,2
0001168325,1,1,2013,2013,1
0001168696,6,6,2011,2016,0
0001169264,1,1,2016,2016,0
0001169440,2,2,2011,2012,1
0001169561,6,6,2011,2016,0
0001169652,8,8,2013,2020,1
0001169987,2,2,2015,2016,1
0001169988,9,9,2011,2019,0
0001170154,1,1,2011,2011,1
0001170534,3,3,2012,2016,0
0001171008,3,3,2015,2017,1
0001171012,3,3,2011,2015,1
0001171155,3,3,2018,2020,0
0001171298,1,1,2011,2011,0
0001171759,4,4,2013,2016,0
0001172139,2,2,2015,2016,0
0001172298,1,1,2018,2018,0
0001172480,1,1,2011,2011,0
0001172631,7,7,2014,2020,3
0001172706,6,6,2015,2020,1
0001173204,7,7,2012,2020,2
0001173313,3,3,2012,2020,0
0001173489,6,6,2011,2016,0
0001173514,9,9,2012,2020,1
0001173738,2,2,2012,2013,1
0001173752,3,3,2011,2013,0
0001173784,1,1,2011,2011,1
0001174266,2,2,2012,2013,1
0001174672,1,1,2013,2013,0
0001174922,1,1,2017,2017,0
0001174940,4,4,2011,2014,1
0001175151,1,1,2017,2017,0
0001175454,10,10,2011,2020,0
0001175609,2,2,2015,2016,1
0001176309,5,5,2016,2020,1
0001176334,5,5,2011,2016,0
0001177135,1,1,2011,2011,1
0001177394,7,7,2011,2020,0
0001177609,9,9,2012,2020,1
0001177648,5,5,2013,2020,2
0001177702,10,10,2011,2020,0
0001177845,5,5,2012,2016,2
0001178104,5,5,2012,2016,3
0001178253,5,5,2014,2018,3
0001178377,4,4,2011,2015,3
0001178552,1,1,2011,2011,0
0001178697,2,2,2019,2020,1
0001178711,1,1,2016,2016,0
0001178727,6,6,2011,2020,4
0001178879,2,2,2013,2016,0
0001180079,3,3,2013,2015,0
0001180145,9,9,2012,2020,1
0001180262,9,9,2011,2020,1
0001181749,7,7,2011,2020,2
0001182325,3,3,2011,2013,0
0001186362,1,1,2011,2011,0
0001187953,4,4,2017,2020,2
0001190370,5,5,2011,2020,1
0001192448,6,6,2015,2020,0
0001195734,4,4,2013,2016,0
0001196298,5,5,2011,2016,3
0001196501,7,7,2013,2019,0
0001200375,6,6,2011,2016,2
0001201663,2,2,2012,2013,1
0001201792,10,10,2011,2020,1
0001203900,1,1,2013,2013,1
0001205181,2,2,2014,2015,1
0001205727,2,2,2011,2012,0
0001205922,2,2,2019,2020,0
0001206264,8,8,2011,2020,1
0001206942,10,10,2011,2020,3
0001207074,5,5,2014,2018,1
0001208208,1,1,2011,2011,0
0001208261,1,1,2013,2013,1
0001208790,1,1,2011,2011,0
0001210294,1,1,2013,2013,1
0001210618,1,1,2013,2013,0
0001210708,10,10,2011,2020,1
0001211211,3,3,2014,2016,1
0001211351,3,3,2016,2018,1
0001211524,1,1,2012,2012,0
0001211759,2,2,2015,2016,1
0001211805,2,2,2019,2020,0
0001212458,5,5,2012,2016,0
0001213037,7,7,2013,2019,4
0001213660,7,7,2011,2020,1
0001217234,3,3,2014,2016,2
0001219601,6,6,2013,2020,0
0001220754,1,1,2011,2011,0
0001223112,1,1,2011,2011,0
0001223862,4,4,2012,2015,0
0001224133,10,10,2011,2020,2
0001224370,1,1,2012,2012,0
0001224950,1,1,2012,2012,0
0001224951,2,2,2011,2012,1
0001227025,10,10,2011,2020,3
0001227636,3,3,2018,2020,2
0001227654,9,9,2011,2019,3
0001227930,2,2,2012,2013,2
0001230276,4,4,2011,2016,3
0001230355,2,2,2011,2012,1
0001232241,1,1,2013,2013,0
0001232524,6,6,2011,2016,1
0001235007,6,6,2011,2016,0
0001236275,5,5,2012,2016,0
0001236997,7,7,2012,2018,2
0001237746,6,6,2013,2018,0
0001237831,8,8,2012,2020,0
0001239819,8,8,2011,2020,0
0001242513,2,2,2011,2012,2
0001244937,4,4,2011,2014,2
0001245104,1,1,2014,2014,0
0001245791,3,3,2014,2016,3
0001251769,5,5,2016,2020,1
0001253176,2,2,2019,2020,1
0001253689,2,2,2014,2015,2
0001254419,3,3,2011,2013,0
0001254699,3,3,2013,2020,0
0001256540,2,2,2012,2013,1
0001257640,10,10,2011,2020,2
0001259045,1,1,2013,2013,1
0001259515,2,2,2016,2017,0
0001259550,3,3,2011,2013,1
0001260221,10,10,2011,2020,0
0001261249,1,1,2020,2020,1
0001261654,9,9,2011,2020,0
0001261694,3,3,2012,2014,1
0001262039,6,6,2012,2017,0
0001262104,4,4,2017,2020,2
0001262823,7,7,2014,2020,1
0001262976,6,6,2011,2020,1
0001263872,3,3,2012,2014,2
0001265107,2,2,2013,2015,0
0001265572,2,2,2016,2017,2
0001265848,1,1,2013,2013,1
0001265888,4,4,2011,2015,0
0001266806,4,4,2015,2018,3
0001267097,3,3,2011,2013,0
0001267130,4,4,2012,2015,0
0001267602,7,7,2013,2019,1
0001267813,1,1,2020,2020,1
0001269879,2,2,2011,2012,2
0001270073,2,2,2015,2016,2
0001270200,1,1,2014,2014,1
0001271024,4,4,2011,2014,0
0001271057,1,1,2011,2011,0
0001271075,6,6,2011,2016,1
0001271214,7,7,2014,2020,2
0001271833,1,1,2020,2020,0
0001272550,4,4,2011,2014,2
0001272830,10,10,2011,2020,0
0001272842,5,5,2016,2020,1
0001273385,3,3,2011,2013,0
0001273636,3,3,2014,2017,2
0001274032,7,7,2011,2018,2
0001274494,10,10,2011,2020,1
0001274644,3,3,2011,2014,2
0001274737,2,2,2019,2020,1
0001274792,2,2,2014,2015,2
0001275014,8,8,2013,2020,0
0001275158,4,4,2013,2016,1
0001275187,9,9,2012,2020,1
0001275712,1,1,2012,2012,1
0001276591,3,3,2011,2013,3
0001277270,1,1,2011,2011,0
0001277856,4,4,2011,2014,0
0001277998,3,3,2011,2013,2
0001278027,2,2,2019,2020,0
0001280058,3,3,2011,2013,1
0001280263,9,9,2012,2020,1
0001280452,8,8,2012,2020,0
0001280600,2,2,2013,2014,1
0001281774,6,6,2011,2016,1
0001281922,3,3,2012,2014,1
0001282224,6,6,2014,2020,0
0001282631,5,5,2012,2019,2
0001282637,10,10,2011,2020,1
0001282648,4,4,2011,2020,1
0001283140,5,5,2012,2016,0
0001283699,5,5,2011,2016,0
0001283843,2,2,2012,2013,1
0001284450,6,6,2011,2019,3
0001284807,5,5,2012,2016,0
0001285543,10,10,2011,2020,6
0001285550,4,4,2012,2016,1
0001285701,3,3,2011,2013,2
0001285785,6,6,2011,2020,0
0001285819,5,5,2011,2016,2
0001286131,1,1,2013,2013,0
0001286225,6,6,2011,2016,1
0001286459,2,2,2018,2019,2
0001286613,10,10,2011,2020,2
0001286681,2,2,2012,2013,0
0001286964,6,6,2011,2019,3
0001287151,2,2,2015,2016,0
0001287213,4,4,2011,2014,1
0001287808,7,7,2011,2017,1
0001287900,1,1,2015,2015,0
0001288359,6,6,2012,2017,0
0001288469,10,10,2011,2020,2
0001288776,1,1,2013,2013,0
0001288847,6,6,2014,2020,1
0001289308,10,10,2011,2020,0
0001289340,7,7,2011,2017,2
0001289460,6,6,2011,2016,0
0001289496,5,5,2011,2015,0
0001289550,3,3,2011,2013,2
0001289636,3,3,2012,2014,0
0001289790,5,5,2013,2017,0
0001289848,7,7,2011,2017,0
0001289850,10,10,2011,2020,4
0001289863,3,3,2011,2013,1
0001289945,5,5,2012,2016,0
0001290658,4,4,2017,2020,2
0001290677,5,5,2016,2020,0
0001290900,9,9,2011,2020,1
0001292055,1,1,2012,2012,0
0001292556,2,2,2012,2013,0
0001292653,2,2,2011,2013,1
0001293282,9,9,2011,2020,2
0001293310,1,1,2020,2020,1
0001293593,2,2,2012,2013,0
0001293818,2,2,2015,2016,2
0001293971,4,4,2013,2016,1
0001294016,2,2,2013,2014,0
0001294133,7,7,2014,2020,0
0001294157,2,2,2012,2013,2
0001294250,2,2,2014,2015,1
0001294924,1,1,2012,2012,1
0001296205,8,8,2011,2018,1
0001296435,10,10,2011,2020,0
0001297184,7,7,2014,2020,0
0001297336,4,4,2011,2014,2
0001297720,1,1,2011,2011,0
0001297989,10,10,2011,2020,0
0001299130,6,6,2011,2016,1
0001299139,6,6,2011,2016,3
0001299864,2,2,2011,2012,2
0001300524,2,2,2019,2020,1
0001300938,1,1,2014,2014,0
0001301031,3,3,2012,2014,0
0001301206,1,1,2011,2011,0
0001301367,2,2,2011,2012,2
0001301712,1,1,2011,2011,0
0001301787,9,9,2012,2020,0
0001302028,10,10,2011,2020,0
0001302177,2,2,2011,2012,0
0001302573,4,4,2013,2016,3
0001302707,2,2,2011,2013,0
0001303652,4,4,2013,2016,0
0001304161,9,9,2012,2020,3
0001304280,6,6,2015,2020,0
0001304421,8,8,2011,2020,0
0001304730,1,1,2020,2020,0
0001304741,1,1,2018,2018,1
0001305014,4,4,2011,2014,0
0001305168,6,6,2011,2016,0
0001305294,4,4,2011,2014,0
0001305323,8,8,2011,2018,4
0001305773,2,2,2015,2016,1
0001306830,10,10,2011,2020,0
0001307140,2,2,2015,2016,2
0001307579,10,10,2011,2020,3
0001307954,6,6,2011,2016,0
0001308027,7,7,2014,2020,2
0001308085,2,2,2012,2013,0
0001308161,7,7,2011,2017,0
0001308208,6,6,2012,2017,0
0001308547,4,4,2011,2014,0
0001308569,3,3,2013,2015,1
0001309057,7,7,2014,2020,0
0001309251,1,1,2020,2020,0
0001309402,6,6,2011,2016,0
0001309442,7,7,2011,2018,3
0001310067,1,1,2013,2013,1
0001310094,1,1,2011,2011,1
0001310114,10,10,2011,2020,1
0001310488,1,1,2018,2018,0
0001311230,5,5,2011,2015,3
0001311241,1,1,2013,2013,1
0001311486,1,1,2011,2011,1
0001311538,1,1,2012,2012,0
0001312073,6,6,2011,2016,0
0001313275,5,5,2012,2016,1
0001313911,1,1,2013,2013,1
0001314054,2,2,2011,2012,0
0001314102,4,4,2012,2015,2
0001314196,6,6,2011,2020,3
0001314223,3,3,2014,2016,1
0001314475,5,5,2011,2015,2
0001314727,3,3,2018,2020,0
0001314772,5,5,2016,2020,0
0001315061,4,4,2017,2020,1
0001315257,9,9,2012,2020,1
0001315695,1,1,2011,2011,0
0001315756,1,1,2013,2013,1
0001316016,1,1,2017,2017,0
0001316175,1,1,2015,2015,1
0001316360,3,3,2011,2013,0
0001316517,9,9,2011,2020,0
0001316625,4,4,2012,2015,1
0001316631,1,1,2011,2011,0
0001316644,7,7,2012,2018,0
0001316645,4,4,2011,2014,2
0001316656,3,3,2011,2013,0
0001316835,10,10,2011,2020,0
0001316898,5,5,2011,2016,1
0001317577,2,2,2012,2013,1
0001317839,3,3,2016,2018,2
0001317880,2,2,2012,2013,1
0001317945,9,9,2012,2020,0
0001318008,9,9,2012,2020,0
0001318084,2,2,2011,2012,0
0001318268,2,2,2019,2020,0
0001318482,5,5,2011,2017,2
0001318484,5,5,2016,2020,1
0001318605,6,6,2011,2016,2
0001318742,3,3,2013,2015,0
0001319161,2,2,2019,2020,0
0001319229,5,5,2012,2016,0
0001319764,2,2,2011,2012,0
0001319947,8,8,2012,2020,1
0001320414,2,2,2019,2020,0
0001320461,8,8,2013,2020,1
0001320695,10,10,2011,2020,1
0001320760,9,9,2011,2019,3
0001320854,10,10,2011,2020,4
0001320947,3,3,2012,2014,1
0001321516,2,2,2012,2013,1
0001321646,5,5,2016,2020,0
0001321655,1,1,2020,2020,0
0001321732,6,6,2015,2020,0
0001321828,7,7,2012,2020,0
0001321834,3,3,2014,2016,2
0001322439,3,3,2017,2019,1
0001322505,2,2,2018,2019,1
0001322739,1,1,2012,2012,0
0001322952,1,1,2015,2015,0
0001323274,1,1,2012,2012,0
0001323468,2,2,2019,2020,0
0001323885,10,10,2011,2020,0
0001323891,2,2,2012,2013,0
0001323974,3,3,2011,2013,0
0001324189,6,6,2012,2017,1
0001324272,6,6,2011,2016,0
0001324404,2,2,2019,2020,0
0001324424,10,10,2011,2020,1
0001324759,1,1,2011,2011,1
0001324772,1,1,2015,2015,0
0001324948,9,9,2011,2020,2
0001325281,1,1,2016,2016,0
0001325618,7,7,2014,2020,2
0001325702,6,6,2013,2018,1
0001326110,5,5,2015,2019,3
0001326190,3,3,2018,2020,1
0001326200,6,6,2011,2020,1
0001326205,9,9,2012,2020,3
0001326380,10,10,2011,2020,1
0001326396,2,2,2011,2012,0
0001326428,4,4,2011,2015,2
0001326583,3,3,2011,2015,1
0001326706,6,6,2015,2020,2
0001326801,9,9,2012,2020,1
0001327318,5,5,2014,2020,1
0001327471,2,2,2012,2013,0
0001327567,1,1,2015,2015,0
0001327811,5,5,2012,2016,0
0001328015,1,1,2014,2014,1
0001328143,3,3,2014,2016,1
0001328571,4,4,2011,2014,1
0001328581,5,5,2016,2020,0
0001328655,4,4,2011,2014,1
0001328670,1,1,2014,2014,1
0001328792,1,1,2020,2020,1
0001329606,9,9,2012,2020,5
0001329919,2,2,2011,2012,0
0001330421,3,3,2013,2015,0
0001330436,1,1,2018,2018,0
0001331301,3,3,2011,2013,0
0001332349,6,6,2011,2016,0
0001333170,6,6,2011,2016,0
0001333248,2,2,2011,2012,1
0001333274,8,8,2013,2020,0
0001333513,3,3,2011,2013,0
0001333822,9,9,2012,2020,4
0001334036,10,10,2011,2020,0
0001334126,3,3,2012,2014,2
0001334325,3,3,2017,2019,1
0001334478,5,5,2011,2015,0
0001334814,3,3,2011,2013,0
0001334933,1,1,2012,2012,1
0001334978,3,3,2011,2020,1
0001335190,3,3,2012,2014,1
0001335239,2,2,2011,2012,1
0001335258,10,10,2011,2020,1
0001335293,4,4,2011,2015,2
0001335493,3,3,2014,2016,1
0001335982,1,1,2014,2014,1
0001336691,1,1,2011,2011,0
0001336917,8,8,2011,2020,2
0001336920,8,8,2011,2020,0
0001337013,3,3,2018,2020,0
0001337272,3,3,2011,2013,0
0001337553,2,2,2018,2019,0
0001337619,5,5,2011,2016,0
0001337675,3,3,2011,2013,0
0001337885,1,1,2012,2012,1
0001338242,1,1,2012,2012,0
0001338460,1,1,2014,2014,1
0001338474,4,4,2017,2020,1
0001338578,1,1,2012,2012,0
0001338690,2,2,2012,2013,0
0001338929,2,2,2015,2019,0
0001339947,6,6,2013,2018,0
0001339970,1,1,2019,2019,0
0001340122,4,4,2017,2020,2
0001340127,7,7,2011,2017,1
0001340282,3,3,2011,2013,1
0001340652,4,4,2016,2020,2
0001340786,4,4,2011,2014,1
0001341319,1,1,2012,2012,0
0001341439,10,10,2011,2020,0
0001341766,4,4,2016,2019,1
0001341878,4,4,2011,2014,1
0001342505,1,1,2011,2011,0
0001342854,1,1,2013,2013,0
0001342958,5,5,2012,2016,3
0001343009,4,4,2016,2019,2
0001343465,3,3,2018,2020,1
0001344413,4,4,2011,2014,2
0001344596,5,5,2011,2016,1
0001344980,6,6,2011,2016,0
0001345016,8,8,2012,2020,1
0001345126,7,7,2012,2020,1
0001346287,2,2,2011,2012,1
0001346302,1,1,2019,2019,0
0001346346,2,2,2011,2013,1
0001346526,3,3,2011,2013,1
0001346655,1,1,2014,2014,0
0001346830,3,3,2014,2016,1
0001346980,5,5,2011,2018,2
0001347022,3,3,2014,2016,2
0001347078,3,3,2011,2014,1
0001347178,10,10,2011,2020,2
0001347858,3,3,2012,2014,1
0001348324,2,2,2013,2014,0
0001348334,3,3,2013,2015,0
0001348362,4,4,2017,2020,1
0001348911,3,3,2017,2019,1
0001349436,4,4,2011,2014,1
0001349437,7,7,2011,2017,3
0001349454,2,2,2012,2013,0
0001349929,6,6,2013,2019,2
0001349976,1,1,2011,2011,0
0001350073,1,1,2020,2020,0
0001350102,6,6,2014,2020,4
0001350381,6,6,2011,2016,0
0001350420,9,9,2012,2020,4
0001350593,10,10,2011,2020,1
0001350653,6,6,2011,2016,3
0001351051,6,6,2011,2019,0
0001351636,4,4,2017,2020,0
0001352010,6,6,2012,2020,0
0001352081,9,9,2012,2020,1
0001352190,4,4,2017,2020,1
0001352302,2,2,2011,2012,1
0001352952,8,8,2011,2019,5
0001353406,2,2,2018,2019,2
0001353487,5,5,2011,2016,1
0001353970,9,9,2011,2019,2
0001354217,2,2,2011,2012,2
0001354327,6,6,2012,2020,0
0001354513,3,3,2011,2013,0
0001354866,7,7,2013,2019,3
0001355042,5,5,2011,2015,2
0001355096,4,4,2017,2020,0
0001355304,1,1,2011,2011,0
0001355754,1,1,2016,2016,0
0001355790,8,8,2012,2019,1
0001355839,8,8,2011,2020,3
0001355848,6,6,2011,2016,1
0001356090,4,4,2013,2016,2
0001356093,9,9,2011,2020,3
0001356564,2,2,2014,2015,1
0001356576,5,5,2012,2016,0
0001356857,1,1,2011,2011,1
0001356949,9,9,2011,2019,1
0001357115,5,5,2011,2015,3
0001357204,6,6,2011,2016,0
0001357326,3,3,2011,2013,1
0001357459,9,9,2011,2019,3
0001357615,5,5,2011,2020,1
0001357671,4,4,2014,2019,1
0001357838,1,1,2013,2013,0
0001357874,2,2,2019,2020,1
0001357971,7,7,2011,2017,1
0001358190,9,9,2011,2020,3
0001358483,1,1,2014,2014,0
0001358831,1,1,2011,2011,0
0001359425,1,1,2011,2011,0
0001360442,4,4,2011,2020,2
0001360530,7,7,2011,2017,0
0001360565,6,6,2011,2016,2
0001360886,1,1,2017,2017,0
0001361113,3,3,2014,2016,0
0001361394,2,2,2011,2012,0
0001361470,1,1,2013,2013,0
0001361538,10,10,2011,2020,0
0001361540,2,2,2013,2014,1
0001361709,1,1,2012,2012,0
0001361983,6,6,2011,2016,1
0001362004,7,7,2014,2020,0
0001362190,6,6,2015,2020,2
0001362468,9,9,2011,2020,1
0001362491,1,1,2011,2011,0
0001362516,8,8,2011,2020,2
0001362705,5,5,2011,2020,2
0001362718,2,2,2012,2013,1
0001362925,4,4,2012,2015,0
0001364099,7,7,2011,2017,2
0001364100,2,2,2011,2012,0
0001364397,4,4,2017,2020,1
0001364479,1,1,2016,2016,0
0001364885,1,1,2020,2020,0
0001364896,1,1,2011,2011,1
0001364954,3,3,2018,2020,0
0001364962,5,5,2012,2016,1
0001365038,6,6,2011,2016,1
0001365101,7,7,2011,2017,1
0001365216,5,5,2011,2015,1
0001365357,1,1,2020,2020,0
0001365916,5,5,2011,2015,3
0001366246,8,8,2011,2019,2
0001366312,3,3,2011,2013,2
0001366340,1,1,2011,2011,0
0001366541,1,1,2013,2013,0
0001366649,2,2,2011,2012,1
0001366684,3,3,2011,2013,0
0001367083,5,5,2012,2020,1
0001367311,2,2,2013,2014,1
0001367396,1,1,2011,2011,0
0001367644,5,5,2011,2020,0
0001367920,5,5,2014,2019,2
0001368148,7,7,2011,2020,5
0001368196,1,1,2011,2011,0
0001368275,3,3,2012,2014,2
0001368308,7,7,2011,2017,0
0001368365,6,6,2012,2019,3
0001368458,4,4,2017,2020,0
0001368514,8,8,2012,2019,4
0001368622,2,2,2016,2017,0
0001368637,4,4,2017,2020,1
0001368745,1,1,2011,2011,0
0001368900,1,1,2011,2011,0
0001368993,4,4,2011,2014,1
0001369290,4,4,2017,2020,2
0001369774,4,4,2011,2014,2
0001369786,4,4,2011,2014,0
0001369795,1,1,2014,2014,0
0001369868,5,5,2011,2015,0
0001370489,2,2,2013,2014,2
0001370637,6,6,2015,2020,1
0001370804,6,6,2011,2016,3
0001370880,4,4,2013,2016,0
0001370946,9,9,2011,2020,0
0001371217,4,4,2015,2019,2
0001371451,6,6,2011,2018,3
0001371489,8,8,2013,2020,0
0001371781,2,2,2011,2012,0
0001372000,1,1,2011,2011,0
0001372184,1,1,2019,2019,1
0001372375,2,2,2012,2013,0
0001372414,2,2,2014,2015,0
0001373485,1,1,2011,2011,1
0001373670,1,1,2011,2011,1
0001373690,2,2,2019,2020,1
0001373707,4,4,2013,2016,3
0001373715,5,5,2012,2016,1
0001373846,3,3,2011,2014,0
0001373988,3,3,2011,2013,0
0001374128,1,1,2015,2015,1
0001374328,9,9,2011,2019,2
0001374535,10,10,2011,2020,0
0001374536,2,2,2012,2013,0
0001374567,1,1,2012,2012,0
0001375063,4,4,2013,2016,2
0001375151,8,8,2011,2020,1
0001375195,1,1,2013,2013,1
0001375205,8,8,2013,2020,1
0001375247,1,1,2011,2011,0
0001375557,4,4,2012,2015,2
0001375686,2,2,2015,2016,0
0001375793,2,2,2013,2014,0
0001375796,5,5,2013,2018,2
0001376139,5,5,2012,2020,2
0001376231,4,4,2016,2020,3
0001376321,3,3,2014,2016,1
0001376339,8,8,2011,2020,2
0001376755,1,1,2011,2011,0
0001376804,2,2,2017,2018,2
0001376912,3,3,2011,2013,2
0001377013,1,1,2011,2011,0
0001377149,9,9,2011,2019,6
0001377167,1,1,2016,2016,0
0001377789,4,4,2012,2015,1
0001378125,1,1,2018,2018,0
0001378453,6,6,2011,2016,0
0001378590,6,6,2011,2016,1
0001378950,8,8,2012,2020,0
0001378992,4,4,2012,2020,0
0001379245,3,3,2014,2019,3
0001379246,1,1,2012,2012,1
0001380277,1,1,2012,2012,1
0001381105,4,4,2012,2015,4
0001381240,1,1,2018,2018,1
0001381435,4,4,2014,2017,3
0001381531,8,8,2011,2019,0
0001381807,1,1,2011,2011,1
0001382112,1,1,2012,2012,0
0001382219,3,3,2011,2014,3
0001382574,5,5,2014,2020,1
0001382911,5,5,2011,2015,2
0001382943,1,1,2019,2019,1
0001383006,2,2,2011,2012,1
0001383097,4,4,2013,2016,2
0001383154,4,4,2011,2014,2
0001383183,5,5,2011,2015,1
0001383196,2,2,2012,2013,2
0001383312,9,9,2011,2020,0
0001383571,3,3,2012,2014,0
0001383701,3,3,2016,2018,1
0001383729,1,1,2012,2012,0
0001383871,3,3,2012,2014,1
0001383960,2,2,2011,2012,0
0001384072,5,5,2011,2015,2
0001384135,6,6,2011,2016,5
0001384365,1,1,2013,2013,1
0001384905,4,4,2013,2016,0
0001385157,8,8,2011,2020,0
0001385228,2,2,2013,2014,2
0001385280,6,6,2011,2016,0
0001385292,6,6,2011,2016,1
0001385310,3,3,2011,2013,2
0001385329,3,3,2016,2018,1
0001385508,3,3,2015,2020,0
0001385662,4,4,2017,2020,1
0001385799,1,1,2019,2019,0
0001385849,1,1,2020,2020,0
0001386018,1,1,2017,2017,1
0001386026,1,1,2017,2017,0
0001386041,1,1,2013,2013,1
0001386049,2,2,2019,2020,1
0001386198,1,1,2011,2011,0
0001386301,3,3,2013,2015,0
0001386355,2,2,2011,2012,0
0001386570,9,9,2012,2020,1
0001386765,1,1,2011,2011,1
0001387135,1,1,2015,2015,1
0001387156,1,1,2017,2017,1
0001387467,9,9,2012,2020,1
0001387713,6,6,2011,2016,1
0001388133,4,4,2012,2015,0
0001388180,6,6,2012,2017,3
0001388195,4,4,2011,2015,0
0001388311,1,1,2011,2011,0
0001388319,4,4,2013,2016,0
0001388410,1,1,2015,2015,1
0001388430,6,6,2012,2019,0
0001388658,5,5,2016,2020,2
0001389002,8,8,2013,2020,4
0001389050,1,1,2013,2013,0
0001389072,4,4,2011,2014,1
0001389217,3,3,2011,2013,2
0001389415,1,1,2014,2014,1
0001389518,1,1,2020,2020,1
0001389545,3,3,2014,2016,1
0001390478,1,1,2013,2013,0
0001390844,8,8,2011,2018,1
0001391127,10,10,2011,2020,3
0001391135,1,1,2020,2020,0
0001391390,1,1,2011,2011,0
0001391636,1,1,2013,2013,1
0001392363,6,6,2012,2017,1
0001392380,1,1,2013,2013,0
0001392477,1,1,2013,2013,0
0001392522,1,1,2011,2011,0
0001392545,2,2,2011,2013,0
0001392694,4,4,2016,2020,2
0001393020,2,2,2015,2016,2
0001393052,4,4,2013,2016,0
0001393066,5,5,2013,2020,0
0001393434,6,6,2014,2020,3
0001393463,2,2,2011,2012,2
0001393540,4,4,2015,2020,2
0001393631,1,1,2012,2012,0
0001393883,6,6,2011,2020,1
0001394056,3,3,2018,2020,0
0001394108,4,4,2017,2020,0
0001394156,7,7,2011,2017,1
0001394159,3,3,2011,2013,0
0001394638,5,5,2012,2018,2
0001394872,3,3,2013,2015,3
0001395400,1,1,2013,2013,1
0001395848,4,4,2015,2018,1
0001395937,5,5,2016,2020,1
0001395942,3,3,2018,2020,0
0001396009,8,8,2013,2020,0
0001396033,7,7,2011,2017,1
0001396118,3,3,2011,2013,3
0001396536,4,4,2011,2016,1
0001396814,7,7,2011,2017,0
0001396838,1,1,2011,2011,0
0001397016,9,9,2012,2020,0
0001397047,7,7,2014,2020,1
0001397183,4,4,2011,2014,2
0001397187,2,2,2019,2020,0
0001397410,2,2,2011,2012,0
0001397516,1,1,2011,2011,0
0001397702,2,2,2019,2020,0
0001398137,5,5,2015,2019,3
0001398529,2,2,2015,2016,1
0001398659,6,6,2011,2020,0
0001398702,1,1,2014,2014,0
0001398733,3,3,2018,2020,2
0001398797,4,4,2012,2015,3
0001398805,10,10,2011,2020,5
0001399306,2,2,2019,2020,0
0001399356,1,1,2011,2011,0
0001399520,8,8,2013,2020,1
0001399521,2,2,2011,2012,0
0001399529,3,3,2015,2019,2
0001399587,2,2,2013,2014,0
0001399855,7,7,2012,2018,3
0001399935,8,8,2011,2018,3
0001400431,1,1,2012,2012,0
0001400891,7,7,2011,2020,0
0001401257,4,4,2012,2020,1
0001401680,7,7,2013,2019,0
0001401688,2,2,2011,2012,0
0001401708,4,4,2013,2016,1
0001402057,2,2,2019,2020,0
0001402328,2,2,2019,2020,0
0001402366,1,1,2013,2013,0
0001402436,6,6,2011,2016,1
0001402479,6,6,2013,2018,3
0001402737,2,2,2015,2016,0
0001403161,7,7,2011,2020,0
0001403568,3,3,2012,2020,0
0001403570,1,1,2017,2017,0
0001403676,5,5,2011,2017,1
0001403853,5,5,2012,2019,2
0001404123,1,1,2019,2019,0
0001404592,3,3,2011,2013,3
0001404624,5,5,2011,2015,1
0001404655,3,3,2014,2016,0
0001404804,3,3,2011,2020,1
0001405041,2,2,2011,2012,2
0001405073,1,1,2017,2017,0
0001405277,3,3,2011,2013,1
0001405686,3,3,2011,2013,3
0001405858,6,6,2011,2016,4
0001406243,2,2,2012,2013,1
0001406666,6,6,2011,2016,1
0001407038,4,4,2011,2014,3
0001407190,2,2,2013,2014,1
0001407268,1,1,2012,2012,0
0001407704,4,4,2016,2020,3
0001407805,3,3,2011,2013,1
0001408057,2,2,2013,2018,0
0001408075,4,4,2017,2020,0
0001408198,2,2,2013,2020,0
0001408278,7,7,2012,2019,0
0001408287,2,2,2012,2013,0
0001408299,4,4,2012,2015,3
0001408351,4,4,2012,2015,3
0001408356,3,3,2013,2015,0
0001408710,9,9,2012,2020,1
0001409014,3,3,2011,2013,2
0001409171,7,7,2012,2019,0
0001409175,1,1,2018,2018,1
0001409269,1,1,2017,2017,1
0001409375,5,5,2012,2016,2
0001409565,1,1,2012,2012,1
0001409885,2,2,2012,2016,1
0001409916,1,1,2016,2016,0
0001409947,4,4,2017,2020,2
0001409999,1,1,2020,2020,0
0001410056,3,3,2011,2013,0
0001410098,2,2,2019,2020,0
0001410172,8,8,2011,2019,3
0001410384,7,7,2014,2020,0
0001410428,4,4,2013,2018,2
0001410471,3,3,2011,2013,0
0001410711,2,2,2012,2013,0
0001411207,6,6,2015,2020,1
0001411685,1,1,2020,2020,1
0001411688,5,5,2013,2020,0
0001411861,1,1,2011,2011,0
0001411879,3,3,2014,2016,0
0001411906,1,1,2014,2014,1
0001412043,1,1,2014,2014,0
0001412232,1,1,2014,2014,0
0001412270,4,4,2014,2017,0
0001412347,3,3,2011,2017,2
0001413119,2,2,2016,2017,1
0001413263,8,8,2012,2019,2
0001413329,10,10,2011,2020,0
0001413447,2,2,2019,2020,0
0001413547,1,1,2012,2012,0
0001413754,1,1,2020,2020,1
0001413891,3,3,2013,2019,2
0001413909,3,3,2018,2020,1
0001413990,2,2,2013,2014,1
0001414043,1,1,2016,2016,1
0001414078,3,3,2011,2013,0
0001414628,1,1,2012,2012,1
0001414767,6,6,2015,2020,2
0001414953,6,6,2013,2020,2
0001415020,2,2,2013,2014,1
0001415301,6,6,2012,2017,1
0001415336,5,5,2011,2015,1
0001415404,6,6,2011,2016,0
0001415624,2,2,2014,2015,0
0001415684,8,8,2011,2020,3
0001415744,1,1,2019,2019,1
0001415917,3,3,2011,2013,2
0001416083,1,1,2012,2012,0
0001416697,5,5,2016,2020,0
0001416876,2,2,2011,2012,0
0001417172,3,3,2012,2014,2
0001417398,8,8,2012,2020,1
0001417663,4,4,2012,2015,3
0001417926,2,2,2015,2016,1
0001418065,1,1,2012,2012,1
0001418091,7,7,2014,2020,0
0001418133,4,4,2011,2015,2
0001418134,1,1,2011,2011,0
0001418135,3,3,2016,2020,0
0001418506,1,1,2012,2012,1
0001418780,2,2,2016,2017,1
0001418819,9,9,2011,2019,0
0001419051,6,6,2011,2018,4
0001419275,5,5,2013,2020,2
0001419428,3,3,2011,2013,0
0001419581,5,5,2011,2015,0
0001419612,4,4,2015,2020,0
0001419625,1,1,2016,2016,0
0001419793,8,8,2012,2020,5
0001419951,10,10,2011,2020,2
0001420030,3,3,2012,2014,3
0001420108,2,2,2014,2015,1
0001420302,7,7,2012,2018,0
0001420368,2,2,2017,2019,0
0001420520,4,4,2017,2020,1
0001420720,7,7,2013,2020,2
0001420800,8,8,2011,2020,0
0001421182,7,7,2011,2020,3
0001421517,3,3,2011,2013,1
0001421561,3,3,2011,2013,0
0001421819,1,1,2020,2020,0
0001421871,1,1,2012,2012,1
0001421907,3,3,2017,2020,2
0001422105,4,4,2011,2014,2
0001422109,3,3,2011,2013,0
0001422768,2,2,2018,2019,1
0001422862,3,3,2012,2014,1
0001422892,6,6,2013,2020,2
0001422992,2,2,2011,2012,2
0001423221,9,9,2011,2020,0
0001423357,1,1,2013,2013,1
0001423542,4,4,2011,2014,0
0001424328,2,2,2012,2013,0
0001424454,3,3,2011,2013,0
0001424640,2,2,2011,2012,1
0001424657,4,4,2011,2020,3
0001424755,4,4,2014,2017,0
0001424768,8,8,2011,2020,2
0001424822,1,1,2011,2011,1
0001424844,6,6,2011,2019,1
0001424929,8,8,2013,2020,1
0001425173,1,1,2013,2013,1
0001425203,2,2,2015,2016,0
0001425287,5,5,2014,2019,1
0001425450,4,4,2017,2020,0
0001425565,5,5,2011,2015,3
0001425715,2,2,2011,2012,0
0001425808,2,2,2013,2014,2
0001426506,4,4,2017,2020,1
0001426780,1,1,2011,2011,1
0001426945,4,4,2016,2019,0
0001427030,2,2,2011,2012,1
0001427570,2,2,2018,2019,1
0001427714,1,1,2012,2012,1
0001427925,5,5,2012,2016,3
0001428397,1,1,2013,2013,0
0001428469,1,1,2011,2011,0
0001428669,3,3,2011,2013,1
0001428875,7,7,2014,2020,0
0001429260,4,4,2017,2020,1
0001429393,5,5,2014,2020,2
0001429560,2,2,2015,2018,2
0001429592,1,1,2013,2013,0
0001429627,2,2,2011,2012,0
0001429764,4,4,2013,2016,4
0001429775,1,1,2011,2011,0
0001429896,2,2,2011,2012,0
0001430300,1,1,2020,2020,0
0001430523,2,2,2019,2020,1
0001430602,4,4,2011,2014,1
0001430960,5,5,2011,2015,1
0001431074,8,8,2011,2020,2
0001431372,3,3,2013,2015,2
0001431824,1,1,2011,2011,0
0001431888,1,1,2011,2011,0
0001432150,5,5,2011,2015,1
0001432176,2,2,2011,2012,2
0001432963,3,3,2011,2014,1
0001432967,1,1,2012,2012,1
0001433195,6,6,2015,2020,1
0001433269,4,4,2011,2014,0
0001433607,6,6,2015,2020,1
0001433660,6,6,2011,2016,0
0001433714,3,3,2014,2016,1
0001433966,3,3,2012,2014,1
0001434070,4,4,2017,2020,1
0001434110,3,3,2011,2014,1
0001434388,4,4,2012,2015,1
0001434389,2,2,2011,2012,2
0001434477,4,4,2011,2016,2
0001434524,3,3,2015,2017,1
0001434588,2,2,2011,2012,0
0001434589,1,1,2011,2011,1
0001434647,2,2,2019,2020,0
0001434674,2,2,2012,2013,0
0001434729,5,5,2011,2015,0
0001435049,2,2,2015,2016,1
0001435064,6,6,2011,2019,0
0001435224,1,1,2016,2016,0
0001435375,2,2,2016,2019,0
0001435617,1,1,2020,2020,0
0001436126,7,7,2012,2020,0
0001436161,3,3,2012,2017,1
0001436208,2,2,2019,2020,0
0001436229,4,4,2011,2016,2
0001437106,5,5,2013,2017,1
0001437107,3,3,2011,2016,0
0001437226,10,10,2011,2020,1
0001437283,4,4,2013,2018,2
0001437352,5,5,2016,2020,0
0001437402,1,1,2014,2014,1
0001437491,2,2,2013,2014,2
0001437517,2,2,2018,2019,1
0001437557,4,4,2011,2014,4
0001437578,8,8,2013,2020,1
0001437786,3,3,2014,2016,1
0001437925,1,1,2016,2016,0
0001438133,7,7,2014,2020,2
0001438138,2,2,2011,2012,0
0001438231,6,6,2011,2016,3
0001438423,1,1,2016,2016,1
0001438731,5,5,2016,2020,1
0001439095,10,10,2011,2020,0
0001439222,2,2,2013,2016,1
0001439288,6,6,2011,2018,0
0001439299,2,2,2011,2012,1
0001439397,2,2,2015,2016,0
0001439404,5,5,2012,2016,1
0001439725,1,1,2020,2020,1
0001440024,8,8,2011,2018,1
0001440760,3,3,2012,2014,1
0001441236,1,1,2020,2020,0
0001441693,3,3,2014,2016,2
0001441769,3,3,2014,2016,1
0001442145,9,9,2012,2020,0
0001442236,7,7,2014,2020,0
0001442376,3,3,2013,2015,2
0001442505,1,1,2011,2011,0
0001442711,2,2,2011,2012,1
0001443611,3,3,2018,2020,1
0001443646,7,7,2014,2020,0
0001443669,9,9,2012,2020,1
0001443863,8,8,2011,2020,5
0001444310,1,1,2013,2013,1
0001444380,7,7,2014,2020,1
0001444598,2,2,2013,2014,0
0001445283,1,1,2018,2018,1
0001445815,3,3,2012,2015,2
0001445883,3,3,2012,2014,0
0001445918,2,2,2013,2014,0
0001446159,1,1,2013,2013,0
0001446714,5,5,2011,2015,1
0001446847,1,1,2016,2016,0
0001447028,5,5,2013,2017,1
0001447362,2,2,2019,2020,1
0001447380,10,10,2011,2020,4
0001447599,4,4,2015,2018,2
0001447669,5,5,2016,2020,0
0001448431,8,8,2012,2020,0
0001448558,2,2,2015,2017,1
0001448705,4,4,2013,2017,3
0001448780,2,2,2012,2013,2
0001449349,3,3,2011,2020,1
0001449488,4,4,2013,2016,1
0001449574,1,1,2015,2015,1
0001449792,10,10,2011,2020,2
0001450552,2,2,2011,2012,0
0001450973,1,1,2014,2014,0
0001451505,6,6,2011,2019,0
0001451512,7,7,2013,2020,1
0001451809,2,2,2019,2020,0
0001451929,1,1,2016,2016,0
0001452011,1,1,2011,2011,0
0001452176,2,2,2014,2015,1
0001452575,4,4,2011,2014,0
0001452857,5,5,2012,2016,0
0001453090,2,2,2011,2012,0
0001453593,8,8,2011,2020,2
0001453814,6,6,2011,2016,0
0001454742,5,5,2016,2020,4
0001455206,3,3,2011,2013,0
0001455684,4,4,2016,2020,0
0001455819,1,1,2011,2011,1
0001456137,1,1,2011,2011,0
0001456189,9,9,2012,2020,2
0001456212,3,3,2011,2017,1
0001456455,1,1,2013,2013,1
0001456857,3,3,2018,2020,1
0001457543,2,2,2012,2013,0
0001457919,1,1,2020,2020,0
0001458891,2,2,2012,2013,0
0001458962,2,2,2015,2016,0
0001459200,2,2,2015,2016,0
0001459417,6,6,2015,2020,1
0001459482,3,3,2012,2014,1
0001459839,2,2,2019,2020,1
0001460329,6,6,2015,2020,0
0001460602,3,3,2015,2017,1
0001460801,2,2,2011,2012,0
0001461993,3,3,2013,2015,1
0001462047,6,6,2011,2016,2
0001462418,5,5,2016,2020,3
0001462633,4,4,2012,2015,1
0001463101,7,7,2012,2020,1
0001463172,7,7,2014,2020,0
0001463208,4,4,2017,2020,2
0001463258,6,6,2011,2016,1
0001463959,4,4,2012,2015,2
0001463961,1,1,2011,2011,1
0001463972,6,6,2011,2016,3
0001464790,5,5,2011,2015,0
0001464865,2,2,2019,2020,1
0001465062,1,1,2011,2011,1
0001465509,2,2,2013,2014,1
0001466258,9,9,2011,2019,0
0001466815,6,6,2011,2016,2
0001467154,2,2,2019,2020,0
0001467373,3,3,2018,2020,0
0001467623,3,3,2018,2020,0
0001467652,1,1,2015,2015,1
0001467761,10,10,2011,2020,4
0001468164,1,1,2014,2014,1
0001468174,6,6,2011,2016,0
0001468516,3,3,2011,2013,0
0001468679,6,6,2013,2018,3
0001468780,5,5,2011,2015,3
0001468929,2,2,2019,2020,0
0001469207,1,1,2016,2016,0
0001469367,2,2,2015,2016,0
0001469443,2,2,2015,2016,2
0001469510,2,2,2011,2012,0
0001469606,2,2,2011,2012,0
0001470099,3,3,2014,2016,1
0001470215,3,3,2012,2014,0
0001471387,1,1,2013,2013,1
0001471727,1,1,2020,2020,0
0001471781,2,2,2013,2015,2
0001472343,2,2,2014,2015,1
0001472468,4,4,2015,2018,2
0001472601,3,3,2011,2013,2
0001473334,8,8,2012,2019,2
0001473490,5,5,2011,2020,4
0001473579,7,7,2011,2019,4
0001473597,1,1,2017,2017,1
0001473654,2,2,2014,2015,2
0001473971,1,1,2011,2011,0
0001474167,2,2,2019,2020,0
0001474439,6,6,2012,2017,3
0001474627,1,1,2011,2011,0
0001474735,10,10,2011,2020,1
0001474903,8,8,2013,2020,0
0001475115,3,3,2018,2020,1
0001475273,2,2,2012,2013,0
0001475274,3,3,2013,2015,0
0001475899,2,2,2012,2013,2
0001476170,4,4,2012,2015,2
0001476278,1,1,2012,2012,0
0001476638,2,2,2011,2012,2
0001476655,1,1,2011,2011,0
0001476719,2,2,2011,2012,1
0001477009,2,2,2014,2015,1
0001477200,3,3,2013,2015,1
0001477294,9,9,2011,2020,0
0001477333,2,2,2019,2020,0
0001477472,1,1,2012,2012,0
0001478121,4,4,2014,2017,2
0001478242,6,6,2013,2020,0
0001479290,5,5,2014,2018,2
0001479488,2,2,2011,2012,0
0001479526,3,3,2012,2015,0
0001479681,2,2,2019,2020,1
0001481218,1,1,2013,2013,0
0001481504,4,4,2014,2017,3
0001481512,1,1,2018,2018,1
0001481582,5,5,2015,2020,0
0001481792,7,7,2011,2017,0
0001482075,1,1,2017,2017,1
0001482080,1,1,2013,2013,1
0001482361,2,2,2012,2013,0
0001482541,2,2,2014,2015,1
0001483510,9,9,2012,2020,2
0001483935,1,1,2013,2013,1
0001484478,2,2,2011,2012,0
0001484565,1,1,2015,2015,0
0001484769,1,1,2015,2015,1
0001485003,4,4,2014,2020,2
0001485029,2,2,2011,2016,1
0001485074,9,9,2011,2020,6
0001485469,7,7,2011,2017,0
0001486597,3,3,2011,2013,3
0001486800,1,1,2012,2012,1
0001486957,9,9,2012,2020,0
0001487101,4,4,2013,2017,0
0001487197,7,7,2012,2020,1
0001487198,7,7,2014,2020,1
0001487347,1,1,2012,2012,0
0001487371,8,8,2011,2019,3
0001487522,1,1,2014,2014,1
0001487718,5,5,2014,2018,5
0001487730,3,3,2013,2015,0
0001487931,4,4,2017,2020,2
0001487941,3,3,2011,2013,2
0001487952,10,10,2011,2020,0
0001487986,1,1,2016,2016,0
0001487997,5,5,2011,2015,1
0001488039,2,2,2013,2014,2
0001488139,8,8,2011,2020,0
0001488419,1,1,2011,2011,0
0001488613,1,1,2013,2013,1
0001488917,8,8,2012,2020,1
0001488934,1,1,2014,2014,0
0001489039,1,1,2011,2011,0
0001489096,2,2,2019,2020,0
0001489136,4,4,2012,2015,0
0001489588,5,5,2011,2018,4
0001489979,4,4,2011,2014,0
0001490161,4,4,2012,2016,2
0001490165,3,3,2012,2014,2
0001490281,3,3,2012,2014,0
0001490346,1,1,2011,2011,0
0001490630,6,6,2011,2016,2
0001490636,3,3,2012,2014,1
0001490660,2,2,2013,2014,1
0001491471,2,2,2012,2013,1
0001491487,6,6,2014,2019,3
0001491501,1,1,2011,2011,0
0001491675,3,3,2012,2014,0
0001491778,4,4,2012,2015,0
0001492426,9,9,2012,2020,1
0001492633,10,10,2011,2020,0
0001492658,3,3,2012,2018,0
0001492674,3,3,2014,2016,3
0001492691,5,5,2011,2015,0
0001493137,2,2,2012,2013,1
0001493594,9,9,2012,2020,2
0001493761,8,8,2011,2020,2
0001494162,1,1,2018,2018,0
0001494214,1,1,2012,2012,1
0001494259,3,3,2017,2019,0
0001494319,6,6,2015,2020,0
0001494413,5,5,2014,2020,2
0001494891,5,5,2016,2020,1
0001495231,3,3,2011,2013,0
0001495320,9,9,2012,2020,1
0001495479,6,6,2011,2016,1
0001495536,1,1,2013,2013,0
0001495648,1,1,2017,2017,1
0001495899,2,2,2013,2014,1
0001495932,4,4,2014,2017,0
0001496139,1,1,2013,2013,0
0001496443,7,7,2011,2017,1
0001496671,1,1,2017,2017,1
0001497055,2,2,2014,2015,2
0001497504,2,2,2018,2019,1
0001497647,1,1,2014,2014,1
0001498021,3,3,2012,2014,0
0001498067,1,1,2013,2013,0
0001498232,2,2,2016,2018,1
0001498291,2,2,2018,2019,1
0001498301,8,8,2011,2019,3
0001498522,2,2,2011,2012,1
0001498710,6,6,2011,2016,0
0001499717,6,6,2013,2020,1
0001499807,3,3,2014,2016,0
0001499832,6,6,2014,2020,0
0001499961,7,7,2012,2019,1
0001500123,4,4,2013,2020,2
0001500435,7,7,2014,2020,1
0001501134,2,2,2015,2016,1
0001501162,2,2,2011,2012,0
0001501489,2,2,2013,2014,1
0001501585,6,6,2011,2016,0
0001501756,1,1,2014,2014,0
0001501989,3,3,2018,2020,2
0001502034,7,7,2011,2018,2
0001502557,4,4,2014,2018,3
0001502966,9,9,2012,2020,4
0001504167,2,2,2016,2017,1
0001504747,3,3,2011,2013,1
0001505497,8,8,2013,2020,3
0001505512,7,7,2013,2019,4
0001505611,3,3,2011,2013,1
0001505892,4,4,2011,2014,2
0001506270,2,2,2014,2015,2
0001506293,2,2,2019,2020,0
0001506439,9,9,2011,2019,3
0001506492,5,5,2016,2020,2
0001506546,2,2,2011,2012,1
0001506928,6,6,2015,2020,2
0001506929,1,1,2017,2017,1
0001506983,2,2,2015,2016,1
0001507079,4,4,2017,2020,0
0001507181,3,3,2015,2017,1
0001507571,1,1,2011,2011,0
0001507605,1,1,2020,2020,0
0001507615,2,2,2014,2015,0
0001507934,3,3,2012,2014,0
0001507957,2,2,2013,2014,1
0001508348,3,3,2015,2019,2
0001508677,2,2,2011,2012,0
0001509190,3,3,2014,2016,2
0001509477,1,1,2015,2015,1
0001509957,1,1,2016,2016,1
0001510247,5,5,2013,2017,4
0001510524,1,1,2011,2011,1
0001510580,1,1,2015,2015,1
0001510871,1,1,2011,2011,1
0001510891,1,1,2015,2015,1
0001511139,3,3,2011,2013,2
0001511161,1,1,2012,2012,1
0001511261,3,3,2011,2014,2
0001511735,2,2,2014,2015,0
0001511737,9,9,2012,2020,0
0001512074,1,1,2016,2016,1
0001512077,4,4,2013,2016,1
0001512138,2,2,2014,2015,0
0001512762,3,3,2014,2016,1
0001512922,4,4,2015,2020,3
0001513761,4,4,2013,2016,0
0001513818,2,2,2018,2020,1
0001514056,4,4,2017,2020,1
0001514183,1,1,2019,2019,0
0001514226,6,6,2012,2017,2
0001514705,4,4,2012,2015,1
0001514946,1,1,2017,2017,0
0001514991,3,3,2018,2020,0
0001514994,2,2,2014,2015,1
0001515003,4,4,2012,2015,0
0001515115,1,1,2014,2014,0
0001515139,2,2,2019,2020,0
0001515156,2,2,2015,2016,0
0001515317,1,1,2018,2018,1
0001515319,2,2,2014,2015,1
0001515673,1,1,2016,2016,1
0001515718,1,1,2015,2015,0
0001515740,2,2,2017,2018,1
0001516007,2,2,2011,2012,1
0001516479,5,5,2013,2017,3
0001516805,3,3,2015,2017,3
0001517175,10,10,2011,2020,0
0001517228,7,7,2014,2020,2
0001517389,2,2,2017,2018,0
0001517393,1,1,2012,2012,0
0001517401,4,4,2015,2018,0
0001517413,2,2,2019,2020,0
0001517498,7,7,2013,2019,3
0001517650,4,4,2011,2014,1
0001518222,2,2,2014,2015,0
0001518403,3,3,2011,2013,1
0001518461,6,6,2015,2020,3
0001518520,5,5,2013,2017,3
0001518587,7,7,2012,2018,0
0001518720,4,4,2014,2018,4
0001518832,5,5,2012,2016,1
0001518909,2,2,2011,2012,1
0001519061,5,5,2015,2020,0
0001519625,2,2,2011,2012,0
0001519632,2,2,2012,2013,0
0001519751,10,10,2011,2020,0
0001520006,5,5,2012,2016,1
0001520007,1,1,2015,2015,0
0001520108,1,1,2014,2014,0
0001520118,3,3,2018,2020,0
0001520262,4,4,2011,2016,0
0001520668,1,1,2013,2013,1
0001520697,2,2,2019,2020,0
0001520744,5,5,2011,2015,0
0001521013,1,1,2013,2013,0
0001521036,3,3,2018,2020,0
0001521222,3,3,2011,2014,3
0001521332,2,2,2019,2020,0
0001521549,1,1,2014,2014,0
0001521762,2,2,2011,2012,0
0001521847,3,3,2013,2015,2
0001522165,1,1,2014,2014,1
0001522222,2,2,2019,2020,0
0001522704,2,2,2014,2017,1
0001522767,3,3,2014,2017,0
0001522860,1,1,2020,2020,0
0001524025,9,9,2012,2020,1
0001524471,2,2,2012,2013,0
0001524472,10,10,2011,2020,1
0001524741,2,2,2015,2016,1
0001524931,9,9,2012,2020,1
0001525221,1,1,2013,2013,0
0001525287,8,8,2013,2020,2
0001525852,1,1,2018,2018,1
0001525998,3,3,2012,2014,1
0001526520,8,8,2013,2020,1
0001527032,1,1,2014,2014,0
0001527102,7,7,2012,2020,1
0001527190,1,1,2017,2017,0
0001527355,1,1,2015,2015,1
0001527508,1,1,2020,2020,0
0001527599,4,4,2017,2020,0
0001527613,5,5,2014,2020,1
0001527622,3,3,2012,2014,1
0001527702,2,2,2019,2020,0
0001527753,2,2,2019,2020,0
0001528098,1,1,2013,2013,1
0001528129,3,3,2014,2016,1
0001528172,3,3,2018,2020,2
0001528308,3,3,2018,2020,0
0001528396,5,5,2012,2017,0
0001528557,3,3,2015,2017,1
0001528760,1,1,2017,2017,1
0001528849,7,7,2012,2019,0
0001528930,2,2,2013,2014,0
0001529113,7,7,2014,2020,3
0001529628,3,3,2016,2018,0
0001530721,5,5,2016,2020,2
0001530746,5,5,2015,2020,2
0001530804,5,5,2014,2020,0
0001530950,7,7,2014,2020,0
0001531048,1,1,2020,2020,1
0001532063,1,1,2014,2014,0
0001532158,3,3,2016,2018,3
0001532390,1,1,2018,2018,0
0001532595,3,3,2015,2019,1
0001533040,5,5,2012,2018,2
0001533106,7,7,2012,2018,5
0001533454,3,3,2012,2014,0
0001533455,1,1,2013,2013,1
0001533526,4,4,2013,2016,0
0001533743,3,3,2013,2015,3
0001533758,4,4,2012,2015,0
0001533924,3,3,2012,2014,1
0001533932,5,5,2012,2016,0
0001534120,1,1,2016,2016,0
0001534154,6,6,2015,2020,2
0001534287,2,2,2013,2014,0
0001534525,2,2,2016,2019,0
0001534675,3,3,2014,2016,0
0001534992,5,5,2012,2016,0
0001535031,3,3,2012,2014,0
0001535079,4,4,2014,2020,2
0001535635,1,1,2015,2015,0
0001535955,1,1,2018,2018,1
0001536035,2,2,2012,2013,0
0001537028,7,7,2014,2020,2
0001537054,4,4,2013,2016,0
0001537435,6,6,2012,2017,1
0001537511,1,1,2014,2014,0
0001537663,4,4,2015,2018,1
0001537834,1,1,2012,2012,0
0001538217,8,8,2012,2020,2
0001538849,3,3,2013,2020,0
0001539551,3,3,2015,2017,1
0001539850,6,6,2012,2019,3
0001540159,3,3,2015,2017,1
0001540684,4,4,2017,2020,3
0001540729,3,3,2014,2018,3
0001543151,2,2,2019,2020,0
0001543272,2,2,2013,2014,1
0001543623,6,6,2015,2020,3
0001544227,2,2,2015,2016,1
0001544229,2,2,2014,2016,1
0001544238,4,4,2016,2019,3
0001544597,2,2,2012,2013,2
0001545158,2,2,2012,2013,0
0001546296,4,4,2013,2016,3
0001546417,5,5,2012,2016,0
0001546640,2,2,2013,2014,0
0001546853,8,8,2012,2019,1
0001547459,8,8,2013,2020,0
0001547521,1,1,2013,2013,0
0001548082,1,1,2013,2013,1
0001548309,6,6,2012,2017,1
0001548621,2,2,2014,2015,0
0001549084,7,7,2014,2020,2
0001549346,4,4,2016,2020,0
0001549719,2,2,2013,2014,1
0001549848,3,3,2015,2018,2
0001549872,2,2,2012,2013,1
0001550053,1,1,2017,2017,0
0001550377,4,4,2013,2016,0
0001550695,9,9,2012,2020,3
0001550737,1,1,2016,2016,1
0001551152,6,6,2015,2020,1
0001551182,9,9,2012,2020,0
0001551306,2,2,2019,2020,0
0001551693,7,7,2014,2020,3
0001551986,1,1,2016,2016,1
0001552033,6,6,2015,2020,0
0001552275,1,1,2016,2016,0
0001552800,9,9,2012,2020,1
0001552845,5,5,2012,2016,4
0001553588,1,1,2013,2013,0
0001554859,5,5,2016,2020,0
0001555177,5,5,2013,2017,3
0001555280,6,6,2015,2020,0
0001555972,4,4,2013,2016,0
0001556263,2,2,2017,2020,1
0001556739,2,2,2013,2020,1
0001556898,3,3,2018,2020,0
0001557340,2,2,2016,2017,2
0001557376,5,5,2016,2020,1
0001557644,1,1,2015,2015,0
0001558465,2,2,2016,2017,1
0001558583,4,4,2017,2020,2
0001559053,6,6,2013,2018,3
0001559157,5,5,2016,2020,3
0001559172,1,1,2013,2013,1
0001559270,2,2,2013,2014,0
0001559356,1,1,2015,2015,0
0001559754,1,1,2014,2014,1
0001559865,7,7,2013,2020,0
0001560143,3,3,2018,2020,3
0001560258,3,3,2018,2020,1
0001560327,2,2,2015,2016,0
0001560385,2,2,2013,2014,0
0001560443,1,1,2013,2013,0
0001560905,2,2,2012,2013,1
0001561550,2,2,2019,2020,0
0001561551,1,1,2015,2015,0
0001561627,7,7,2013,2019,3
0001561865,1,1,2014,2014,1
0001561880,6,6,2015,2020,3
0001561921,2,2,2019,2020,1
0001562151,7,7,2013,2019,0
0001562733,5,5,2014,2018,2
0001563407,1,1,2017,2017,0
0001563463,2,2,2019,2020,2
0001563568,3,3,2017,2019,1
0001563665,3,3,2013,2015,2
0001563699,3,3,2013,2015,0
0001564408,4,4,2017,2020,0
0001564708,3,3,2014,2016,0
0001564822,1,1,2015,2015,0
0001564902,4,4,2013,2016,0
0001565228,8,8,2013,2020,4
0001566011,3,3,2018,2020,1
0001566469,1,1,2016,2016,1
0001566610,2,2,2017,2020,0
0001566826,5,5,2015,2020,1
0001567345,8,8,2013,2020,1
0001567514,3,3,2014,2016,0
0001567892,2,2,2013,2015,0
0001567900,2,2,2016,2017,2
0001568319,1,1,2013,2013,1
0001568385,3,3,2014,2016,1
0001568875,1,1,2017,2017,1
0001568969,1,1,2014,2014,0
0001569329,6,6,2013,2018,1
0001569737,1,1,2014,2014,0
0001570585,6,6,2013,2020,1
0001571116,1,1,2014,2014,0
0001571123,7,7,2013,2020,0
0001571274,1,1,2013,2013,0
0001571371,1,1,2013,2013,0
0001571636,2,2,2017,2018,0
0001571804,1,1,2018,2018,0
0001572384,3,3,2016,2020,1
0001572552,3,3,2014,2016,1
0001572565,1,1,2015,2015,1
0001573166,5,5,2013,2017,1
0001573516,1,1,2013,2013,0
0001574097,1,1,2014,2014,0
0001574235,5,5,2016,2020,2
0001574460,3,3,2014,2016,2
0001574774,3,3,2016,2018,1
0001574815,2,2,2013,2016,0
0001574910,3,3,2017,2019,1
0001574969,1,1,2015,2015,0
0001575051,4,4,2017,2020,1
0001575189,4,4,2015,2018,0
0001575319,2,2,2013,2014,0
0001575360,4,4,2013,2016,0
0001575515,8,8,2013,2020,1
0001575793,6,6,2015,2020,3
0001575828,4,4,2013,2016,1
0001575858,6,6,2015,2020,2
0001576169,8,8,2013,2020,1
0001576263,3,3,2018,2020,2
0001576280,2,2,2019,2020,1
0001576427,5,5,2016,2020,0
0001576778,1,1,2013,2013,0
0001576942,3,3,2018,2020,1
0001577095,3,3,2013,2015,0
0001577445,1,1,2020,2020,0
0001577898,1,1,2014,2014,1
0001577916,4,4,2014,2017,1
0001578845,1,1,2013,2013,0
0001578932,1,1,2013,2013,0
0001579010,2,2,2017,2018,1
0001579157,8,8,2013,2020,3
0001579214,2,2,2019,2020,1
0001579241,7,7,2014,2020,0
0001579252,2,2,2017,2018,1
0001579684,1,1,2016,2016,0
0001579733,1,1,2020,2020,0
0001579823,3,3,2017,2019,1
0001579910,5,5,2016,2020,3
0001580063,1,1,2020,2020,0
0001580156,7,7,2014,2020,2
0001580490,5,5,2015,2020,2
0001580808,3,3,2014,2016,0
0001580905,7,7,2014,2020,0
0001581280,2,2,2019,2020,0
0001581545,3,3,2015,2017,0
0001581552,4,4,2017,2020,1
0001581908,1,1,2013,2013,0
0001582313,2,2,2019,2020,0
0001582341,1,1,2016,2016,1
0001582568,7,7,2014,2020,2
0001582919,1,1,2016,2016,1
0001582982,7,7,2014,2020,2
0001583107,3,3,2014,2016,1
0001583648,6,6,2015,2020,2
0001583744,2,2,2014,2015,0
0001584423,4,4,2013,2016,1
0001584489,1,1,2014,2014,1
0001584509,5,5,2014,2020,1
0001584584,1,1,2014,2014,1
0001584693,2,2,2015,2016,1
0001584701,1,1,2015,2015,0
0001584754,3,3,2018,2020,0
0001584952,3,3,2014,2016,2
0001585364,4,4,2014,2020,0
0001585608,3,3,2015,2019,1
0001585689,3,3,2014,2016,0
0001585738,1,1,2016,2016,1
0001586105,2,2,2016,2017,1
0001586300,2,2,2014,2015,2
0001586495,3,3,2015,2020,2
0001587246,7,7,2014,2020,2
0001587755,2,2,2014,2015,0
0001588014,3,3,2014,2016,2
0001588216,3,3,2014,2016,0
0001588972,6,6,2015,2020,3
0001589094,2,2,2014,2015,0
0001589149,4,4,2017,2020,2
0001589150,1,1,2017,2017,1
0001589526,5,5,2016,2020,1
0001589919,1,1,2014,2014,1
0001590383,2,2,2015,2016,1
0001590496,1,1,2013,2013,1
0001590560,1,1,2016,2016,0
0001590584,3,3,2014,2016,0
0001590695,7,7,2014,2020,2
0001590714,5,5,2015,2020,0
0001590750,2,2,2014,2015,1
0001590877,4,4,2015,2020,1
0001590955,3,3,2014,2016,0
0001590976,6,6,2014,2020,0
0001591096,3,3,2015,2017,2
0001591165,2,2,2019,2020,1
0001591517,2,2,2014,2015,0
0001591588,2,2,2019,2020,0
0001591698,7,7,2014,2020,0
0001591956,1,1,2018,2018,0
0001592016,1,1,2020,2020,0
0001592057,2,2,2015,2016,0
0001592058,1,1,2020,2020,0
0001592288,1,1,2015,2015,1
0001592379,4,4,2014,2017,0
0001592411,1,1,2017,2017,0
0001592480,1,1,2016,2016,0
0001592782,2,2,2018,2020,1
0001593001,3,3,2014,2016,2
0001593034,7,7,2014,2020,0
0001593195,4,4,2015,2019,0
0001593548,2,2,2016,2017,0
0001593549,1,1,2014,2014,1
0001593936,6,6,2014,2019,0
0001594109,6,6,2014,2019,0
0001594337,3,3,2014,2016,1
0001594485,1,1,2014,2014,1
0001594590,2,2,2014,2015,2
0001594617,3,3,2014,2016,0
0001594864,2,2,2015,2016,0
0001594879,3,3,2014,2016,0
0001595262,1,1,2014,2014,0
0001595893,1,1,2020,2020,1
0001595974,5,5,2014,2020,1
0001596062,1,1,2020,2020,0
0001596532,2,2,2014,2016,0
0001596783,2,2,2014,2020,0
0001597033,3,3,2018,2020,1
0001597131,1,1,2014,2014,1
0001597313,1,1,2016,2016,0
0001597672,4,4,2014,2020,0
0001597846,1,1,2016,2016,1
0001597892,4,4,2014,2020,0
0001598014,5,5,2016,2020,0
0001598308,1,1,2020,2020,0
0001598428,3,3,2014,2020,0
0001598981,2,2,2015,2016,0
0001599222,1,1,2014,2014,0
0001599298,1,1,2020,2020,0
0001599407,5,5,2014,2020,1
0001599489,2,2,2019,2020,0
0001599617,5,5,2014,2020,0
0001600033,2,2,2016,2017,0
0001600347,2,2,2016,2017,1
0001600422,4,4,2014,2017,1
0001600438,4,4,2017,2020,0
0001600470,3,3,2014,2016,0
0001601046,2,2,2015,2016,0
0001601280,1,1,2018,2018,0
0001601548,3,3,2018,2020,0
0001602706,1,1,2017,2017,0
0001602813,1,1,2015,2015,0
0001603345,1,1,2016,2016,1
0001603494,1,1,2017,2017,1
0001603756,3,3,2018,2020,1
0001603923,3,3,2014,2016,2
0001604477,1,1,2020,2020,0
0001604627,3,3,2017,2019,2
0001604665,1,1,2016,2016,0
0001604738,2,2,2015,2016,1
0001604821,2,2,2015,2016,2
0001604868,4,4,2016,2020,0
0001605331,1,1,2016,2016,0
0001605997,2,2,2015,2016,1
0001606163,4,4,2017,2020,0
0001606366,3,3,2014,2016,0
0001606498,5,5,2016,2020,0
0001606645,2,2,2017,2018,1
0001606698,4,4,2017,2020,0
0001606745,5,5,2014,2020,1
0001606757,6,6,2015,2020,0
0001607716,4,4,2014,2017,0
0001607741,1,1,2015,2015,1
0001607962,5,5,2015,2020,0
0001608092,1,1,2018,2018,0
0001608249,4,4,2015,2018,0
0001608430,3,3,2014,2016,2
0001608638,3,3,2015,2017,0
0001609139,2,2,2016,2017,1
0001609253,2,2,2014,2018,2
0001609351,2,2,2015,2016,2
0001609472,1,1,2016,2016,1
0001609550,2,2,2019,2020,0
0001609702,6,6,2015,2020,1
0001609804,2,2,2019,2020,1
0001609809,4,4,2017,2020,1
0001609989,2,2,2015,2016,0
0001610092,4,4,2014,2017,0
0001610466,5,5,2014,2020,1
0001610950,5,5,2014,2020,0
0001610979,2,2,2014,2015,0
0001611231,1,1,2015,2015,0
0001611277,2,2,2016,2017,0
0001611647,7,7,2014,2020,2
0001611983,2,2,2016,2020,0
0001612188,2,2,2019,2020,2
0001613103,5,5,2015,2020,0
0001613859,4,4,2016,2019,0
0001614067,1,1,2020,2020,0
0001614466,4,4,2016,2019,1
0001615153,1,1,2015,2015,0
0001615165,4,4,2017,2020,0
0001615219,1,1,2016,2016,1
0001615999,2,2,2016,2018,2
0001616101,1,1,2014,2014,0
0001616495,1,1,2014,2014,0
0001616533,4,4,2017,2020,0
0001616707,7,7,2014,2020,2
0001616741,4,4,2015,2020,0
0001616862,3,3,2018,2020,0
0001617227,5,5,2015,2019,1
0001617640,2,2,2015,2016,0
0001617669,6,6,2015,2020,1
0001617898,2,2,2015,2016,0
0001617977,4,4,2015,2018,1
0001618673,4,4,2017,2020,0
0001618921,6,6,2015,2020,0
0001619250,2,2,2016,2017,0
0001619954,5,5,2015,2019,1
0001620053,1,1,2015,2015,1
0001621227,2,2,2016,2020,1
0001621430,1,1,2014,2014,1
0001621434,2,2,2015,2016,1
0001621672,2,2,2019,2020,1
0001622244,1,1,2020,2020,0
0001622345,4,4,2017,2020,2
0001622822,2,2,2015,2016,0
0001622867,1,1,2016,2016,0
0001622879,2,2,2015,2016,1
0001622996,1,1,2018,2018,0
0001623554,1,1,2015,2015,1
0001624512,4,4,2017,2020,1
0001626450,1,1,2020,2020,0
0001626556,5,5,2015,2019,3
0001627014,5,5,2016,2020,0
0001627223,4,4,2015,2020,0
0001627469,1,1,2020,2020,1
0001627475,3,3,2018,2020,0
0001627487,1,1,2016,2016,0
0001627611,3,3,2018,2020,1
0001628171,1,1,2020,2020,0
0001628228,2,2,2017,2018,1
0001628871,1,1,2015,2015,0
0001628908,2,2,2015,2016,1
0001629205,3,3,2018,2020,1
0001629210,4,4,2015,2019,0
0001629261,1,1,2016,2016,1
0001629665,1,1,2020,2020,0
0001630132,2,2,2015,2016,0
0001630176,3,3,2015,2017,2
0001630212,4,4,2016,2020,1
0001630805,4,4,2015,2020,1
0001631282,2,2,2017,2020,2
0001631574,6,6,2015,2020,2
0001632081,3,3,2018,2020,0
0001632127,6,6,2015,2020,0
0001632790,6,6,2015,2020,0
0001633917,6,6,2015,2020,0
0001633931,6,6,2015,2020,0
0001633978,2,2,2018,2019,0
0001634117,2,2,2016,2017,0
0001634293,1,1,2020,2020,0
0001634424,1,1,2017,2017,0
0001634432,1,1,2017,2017,0
0001635282,4,4,2017,2020,0
0001635650,3,3,2015,2017,0
0001635718,2,2,2015,2016,1
0001635863,1,1,2015,2015,0
0001636023,2,2,2015,2016,0
0001636051,2,2,2019,2020,2
0001636222,2,2,2015,2016,0
0001636519,2,2,2019,2020,1
0001637207,2,2,2015,2016,0
0001637459,4,4,2015,2020,0
0001637655,6,6,2015,2020,1
0001637761,6,6,2015,2020,1
0001637913,3,3,2015,2017,0
0001638290,4,4,2017,2020,1
0001638833,4,4,2015,2020,0
0001639691,5,5,2016,2020,2
0001639874,1,1,2017,2017,0
0001640428,3,3,2018,2020,0
0001641489,6,6,2015,2020,3
0001641751,3,3,2017,2020,2
0001641991,6,6,2015,2020,1
0001642159,1,1,2018,2018,0
0001642380,1,1,2020,2020,0
0001643301,4,4,2017,2020,0
0001643319,3,3,2015,2017,1
0001643615,1,1,2020,2020,0
0001643953,3,3,2018,2020,0
0001643988,3,3,2016,2018,2
0001644378,1,1,2016,2016,0
0001644406,3,3,2018,2020,0
0001644440,4,4,2016,2020,0
0001644488,1,1,2019,2019,0
0001644903,1,1,2020,2020,0
0001645113,6,6,2015,2020,1
0001645155,2,2,2018,2019,1
0001645260,1,1,2020,2020,0
0001645494,3,3,2015,2017,0
0001645590,1,1,2017,2017,0
0001646188,3,3,2018,2020,0
0001647513,3,3,2016,2019,1
0001647705,1,1,2015,2015,0
0001648428,4,4,2015,2019,0
0001648893,1,1,2016,2016,1
0001648903,2,2,2019,2020,2
0001649338,1,1,2016,2016,0
0001649744,5,5,2015,2020,2
0001650648,1,1,2020,2020,0
0001650696,1,1,2020,2020,1
0001650729,1,1,2020,2020,0
0001650739,2,2,2018,2019,0
0001650962,1,1,2020,2020,0
0001651235,4,4,2016,2019,1
0001651308,1,1,2016,2016,0
0001651561,1,1,2016,2016,0
0001651716,1,1,2015,2015,0
0001651958,1,1,2018,2018,0
0001652044,6,6,2015,2020,0
0001652535,4,4,2017,2020,1
0001652561,3,3,2016,2020,1
0001653087,1,1,2020,2020,0
0001653247,3,3,2018,2020,2
0001653477,5,5,2016,2020,0
0001653558,3,3,2018,2020,0
0001654151,2,2,2019,2020,1
0001654588,1,1,2016,2016,1
0001654672,1,1,2018,2018,0
0001655075,5,5,2016,2020,0
0001655210,2,2,2019,2020,0
0001655759,3,3,2018,2020,0
0001656239,1,1,2016,2016,0
0001656472,1,1,2020,2020,0
0001656501,1,1,2020,2020,0
0001657197,1,1,2016,2016,0
0001658247,1,1,2020,2020,0
0001659166,1,1,2016,2016,0
0001659323,1,1,2018,2018,1
0001659352,1,1,2020,2020,0
0001660280,2,2,2019,2020,0
0001660719,1,1,2016,2016,1
0001660839,1,1,2016,2016,1
0001661039,1,1,2020,2020,0
0001661059,1,1,2019,2019,0
0001661181,3,3,2018,2020,0
0001661600,1,1,2016,2016,1
0001661920,1,1,2016,2016,0
0001662382,2,2,2018,2019,1
0001662574,4,4,2017,2020,0
0001662684,4,4,2017,2020,2
0001664127,2,2,2018,2019,1
0001665300,2,2,2019,2020,1
0001665598,1,1,2016,2016,0
0001665658,1,1,2016,2016,0
0001665918,5,5,2016,2020,1
0001666071,3,3,2018,2020,1
0001666134,1,1,2016,2016,0
0001666138,5,5,2016,2020,0
0001667313,5,5,2016,2020,1
0001667489,3,3,2016,2018,1
0001668243,3,3,2018,2020,1
0001668397,1,1,2016,2016,0
0001668523,1,1,2016,2016,1
0001669479,1,1,2017,2017,1
0001669812,3,3,2016,2018,1
0001670349,3,3,2018,2020,2
0001670541,4,4,2017,2020,0
0001670592,2,2,2019,2020,0
0001671013,1,1,2016,2016,1
0001671584,1,1,2016,2016,0
0001671933,5,5,2016,2020,0
0001672013,5,5,2016,2020,0
0001673358,1,1,2016,2016,0
0001673772,1,1,2020,2020,0
0001673985,5,5,2016,2020,1
0001674227,4,4,2016,2020,2
0001674335,3,3,2018,2020,0
0001674440,1,1,2020,2020,0
0001674862,5,5,2016,2020,0
0001674910,4,4,2017,2020,0
0001674930,3,3,2016,2020,0
0001675442,1,1,2017,2017,0
0001676580,1,1,2017,2017,1
0001677703,2,2,2019,2020,0
0001678463,4,4,2017,2020,0
0001679273,4,4,2017,2020,0
0001679817,1,1,2020,2020,0
0001680062,4,4,2017,2020,1
0001680139,2,2,2019,2020,0
0001680378,3,3,2017,2019,1
0001681282,1,1,2018,2018,0
0001681622,4,4,2017,2020,0
0001681682,1,1,2017,2017,1
0001682149,3,3,2018,2020,1
0001682265,4,4,2017,2020,1
0001682325,1,1,2020,2020,0
0001682639,1,1,2020,2020,0
0001683131,3,3,2017,2019,1
0001683695,1,1,2018,2018,0
0001685715,1,1,2017,2017,0
0001686850,3,3,2018,2020,1
0001687187,3,3,2018,2020,1
0001687221,4,4,2017,2020,0
0001687932,2,2,2019,2020,1
0001687999,3,3,2016,2019,2
0001688126,2,2,2018,2019,1
0001688476,4,4,2017,2020,3
0001688757,3,3,2018,2020,2
0001689923,2,2,2017,2018,0
0001690334,4,4,2017,2020,0
0001690666,3,3,2016,2018,1
0001690881,1,1,2017,2017,1
0001691077,2,2,2019,2020,1
0001692063,4,4,2017,2020,0
0001692415,4,4,2017,2020,2
0001692787,1,1,2018,2018,1
0001693687,1,1,2019,2019,1
0001693690,3,3,2018,2020,1
0001694426,4,4,2017,2020,1
0001694688,1,1,2017,2017,0
0001696088,3,3,2018,2020,1
0001696195,1,1,2017,2017,1
0001697412,2,2,2017,2018,1
0001697500,1,1,2020,2020,0
0001697834,1,1,2020,2020,0
0001697851,3,3,2017,2020,0
0001697935,1,1,2017,2017,1
0001698530,2,2,2017,2019,0
0001699150,4,4,2017,2020,0
0001701040,1,1,2017,2017,0
0001701051,4,4,2017,2020,0
0001701108,3,3,2018,2020,1
0001701114,2,2,2017,2020,0
0001702744,2,2,2019,2020,1
0001702924,3,3,2018,2020,2
0001703073,1,1,2018,2018,0
0001703497,1,1,2017,2017,1
0001703647,2,2,2019,2020,1
0001703785,2,2,2019,2020,1
0001703956,2,2,2019,2020,0
0001704292,1,1,2020,2020,1
0001704596,3,3,2018,2020,0
0001704711,4,4,2017,2020,0
0001704715,3,3,2018,2020,1
0001704795,2,2,2019,2020,1
0001705012,2,2,2018,2019,1
0001705338,1,1,2020,2020,0
0001705843,4,4,2017,2020,3
0001706509,2,2,2017,2018,2
0001706524,1,1,2018,2018,0
0001706946,1,1,2019,2019,0
0001707092,2,2,2017,2018,0
0001707925,3,3,2018,2020,0
0001708035,4,4,2017,2020,0
0001708301,4,4,2017,2020,0
0001708341,2,2,2019,2020,0
0001708493,3,3,2018,2020,1
0001708527,1,1,2020,2020,0
0001709164,4,4,2017,2020,0
0001710583,4,4,2017,2020,0
0001711754,1,1,2020,2020,0
0001712184,4,4,2017,2020,0
0001713683,3,3,2018,2020,0
0001713832,3,3,2018,2020,1
0001713952,1,1,2020,2020,0
0001715433,2,2,2019,2020,2
0001715819,1,1,2020,2020,0
0001717556,2,2,2018,2020,2
0001718108,2,2,2019,2020,1
0001718224,1,1,2020,2020,0
0001718227,3,3,2018,2020,1
0001718405,1,1,2020,2020,1
0001718500,3,3,2018,2020,1
0001718512,1,1,2020,2020,0
0001719395,1,1,2020,2020,1
0001719435,2,2,2018,2019,1
0001719489,1,1,2020,2020,0
0001720116,3,3,2018,2020,0
0001720592,1,1,2020,2020,0
0001720635,3,3,2018,2020,0
0001722482,2,2,2019,2020,0
0001722731,2,2,2018,2019,2
0001723128,3,3,2018,2020,1
0001723187,1,1,2018,2018,1
0001723866,2,2,2018,2019,0
0001724344,1,1,2018,2018,1
0001725134,1,1,2020,2020,0
0001725255,2,2,2019,2020,0
0001725526,2,2,2018,2019,1
0001725579,2,2,2018,2019,0
0001725911,2,2,2019,2020,0
0001727196,2,2,2019,2020,1
0001727263,3,3,2018,2020,0
0001728688,3,3,2018,2020,0
0001729149,2,2,2019,2020,1
0001729750,1,1,2020,2020,1
0001730773,2,2,2019,2020,0
0001731727,1,1,2019,2019,0
0001732845,3,3,2018,2020,0
0001733186,2,2,2019,2020,1
0001735041,1,1,2020,2020,0
0001735092,1,1,2019,2019,1
0001735707,2,2,2018,2020,0
0001737193,1,1,2020,2020,1
0001737372,2,2,2018,2019,0
0001737523,2,2,2019,2020,0
0001738177,1,1,2020,2020,0
0001739104,3,3,2018,2020,1
0001739445,3,3,2018,2020,0
0001739936,3,3,2018,2020,0
0001740332,3,3,2018,2020,0
0001741231,1,1,2020,2020,1
0001742924,3,3,2018,2020,2
0001743725,1,1,2020,2020,0
0001743745,2,2,2019,2020,1
0001743759,1,1,2020,2020,0
0001745797,2,2,2019,2020,0
0001745931,1,1,2019,2019,0
0001746119,2,2,2019,2020,1
0001746214,2,2,2019,2020,0
0001746473,1,1,2020,2020,1
0001746563,1,1,2019,2019,1
0001746618,2,2,2019,2020,0
0001748790,2,2,2019,2020,0
0001750777,1,1,2020,2020,1
0001751143,1,1,2020,2020,0
0001752372,1,1,2020,2020,0
0001752474,2,2,2019,2020,0
0001752836,2,2,2019,2020,0
0001753681,2,2,2019,2020,2
0001753931,1,1,2020,2020,0
0001754301,2,2,2019,2020,0
0001755237,1,1,2020,2020,0
0001755953,1,1,2019,2019,0
0001756262,2,2,2019,2020,1
0001756640,2,2,2018,2019,1
0001757073,2,2,2019,2020,1
0001757715,2,2,2019,2020,0
0001759424,2,2,2019,2020,0
0001759509,2,2,2019,2020,1
0001760026,3,3,2018,2020,1
0001760173,2,2,2019,2020,0
0001760717,2,2,2019,2020,0
0001760903,1,1,2020,2020,0
0001760965,2,2,2019,2020,0
0001762303,1,1,2020,2020,0
0001763660,2,2,2019,2020,0
0001764046,2,2,2019,2020,0
0001765651,2,2,2019,2020,2
0001766368,1,1,2020,2020,0
0001766400,2,2,2019,2020,0
0001766502,2,2,2019,2020,0
0001768224,1,1,2020,2020,1
0001769804,1,1,2020,2020,0
0001770787,2,2,2019,2020,0
0001771515,2,2,2019,2020,0
0001772016,1,1,2020,2020,0
0001772177,1,1,2020,2020,0
0001772720,1,1,2020,2020,1
0001772757,1,1,2020,2020,1
0001776661,1,1,2020,2020,0
0001776909,1,1,2020,2020,0
0001780097,1,1,2020,2020,0
0001781405,2,2,2019,2020,1
0001782754,1,1,2020,2020,0
0001783317,1,1,2020,2020,0
0001783875,1,1,2020,2020,0
0001784058,1,1,2020,2020,1
0001784254,1,1,2020,2020,0
0001784535,1,1,2020,2020,0
0001785493,1,1,2020,2020,0
0001787123,1,1,2020,2020,1
0001789330,1,1,2020,2020,1
0001789832,2,2,2019,2020,0
0001791091,1,1,2020,2020,0
0001792789,1,1,2020,2020,0
0001793229,1,1,2020,2020,0
0001793659,1,1,2020,2020,0
0001794515,1,1,2020,2020,0
0001795250,1,1,2020,2020,1
0001797762,1,1,2020,2020,0
0001799208,1,1,2020,2020,0
0001800227,1,1,2020,2020,0
0001801368,1,1,2020,2020,0
0001801661,1,1,2020,2020,0
0001802546,1,1,2020,2020,0
0001803696,1,1,2020,2020,0
0001805077,1,1,2020,2020,1
0001808898,1,1,2020,2020,0
0001809519,1,1,2020,2020,0
0001810019,1,1,2020,2020,0
0001810806,1,1,2020,2020,0
0001811109,1,1,2020,2020,0
0001811999,1,1,2020,2020,0
0001812364,1,1,2020,2020,1
0001813744,1,1,2020,2020,1
0001817358,1,1,2020,2020,0
0001818152,1,1,2020,2020,1
0001819576,1,1,2020,2020,0
0001819615,1,1,2020,2020,1
0001820721,1,1,2020,2020,0
0001821175,1,1,2020,2020,1
0001825480,1,1,2020,2020,0
0001826660,1,1,2020,2020,0
0001828016,1,1,2020,2020,0
