rank,family,family_label,configuration_id,model_configuration,feature_block,parameters_display,training_seed,status,failure_code,convergence_status,pooled_oof_n,pooled_oof_positive_n,pooled_oof_positive_share,pooled_oof_pr_auc,pooled_oof_roc_auc,fold_pr_auc_mean,fold_pr_auc_sample_sd,runtime_seconds,delta_pr_auc_vs_dummy,delta_pr_auc_vs_fixed_l2,identity
1,xgboost,XGBoost,model_stage_v1__coarse__xgboost__004,XGBoost | model_stage_v1__coarse__xgboost__004,L+D+R,"{""colsample_bytree"": 0.7, ""gamma"": 0.0, ""imbalance"": ""sqrt"", ""learning_rate"": 0.02, ""max_depth"": 2, ""min_child_weight"": 20, ""n_estimators"": 500, ""reg_alpha"": 0.0, ""reg_lambda"": 1.0, ""subsample"": 1.0}",20260818,COMPLETE,,CONVERGED_NO_WARNINGS,10760,1986,0.1845724907063197,0.41167748793642267,0.75948605132209945,0.41369081989469153,0.069915636428580757,12.890178165922407,0.23939433701361226,0.030022636007925541,xgboost|L+D+R|model_stage_v1__coarse__xgboost__004|seed=20260818
2,xgboost,XGBoost,model_stage_v1__coarse__xgboost__009,XGBoost | model_stage_v1__coarse__xgboost__009,L+D+R,"{""colsample_bytree"": 0.7, ""gamma"": 0.1, ""imbalance"": ""sqrt"", ""learning_rate"": 0.05, ""max_depth"": 3, ""min_child_weight"": 1, ""n_estimators"": 200, ""reg_alpha"": 0.0, ""reg_lambda"": 5.0, ""subsample"": 0.7}",20260818,COMPLETE,,CONVERGED_NO_WARNINGS,10760,1986,0.1845724907063197,0.41088882686826944,0.75935887891786846,0.41637459440888697,0.065732859599848578,12.077202581975143,0.23860567594545903,0.029233974939772311,xgboost|L+D+R|model_stage_v1__coarse__xgboost__009|seed=20260818
3,xgboost,XGBoost,model_stage_v1__coarse__xgboost__005,XGBoost | model_stage_v1__coarse__xgboost__005,L+D+R,"{""colsample_bytree"": 0.7, ""gamma"": 0.0, ""imbalance"": ""sqrt"", ""learning_rate"": 0.05, ""max_depth"": 2, ""min_child_weight"": 5, ""n_estimators"": 800, ""reg_alpha"": 0.0, ""reg_lambda"": 20.0, ""subsample"": 0.7}",20260818,COMPLETE,,CONVERGED_NO_WARNINGS,10760,1986,0.1845724907063197,0.41000944016263041,0.75740822295847554,0.41470869441061037,0.064290595459756211,14.630294749920722,0.23772628923982,0.028354588234133282,xgboost|L+D+R|model_stage_v1__coarse__xgboost__005|seed=20260818
4,hist_gradient_boosting,HistGradientBoosting,model_stage_v1__coarse__hist_gradient_boosting__007,HistGradientBoosting | model_stage_v1__coarse__hist_gradient_boosting__007,L+D+R,"{""imbalance"": ""none"", ""l2_regularization"": 1.0, ""learning_rate"": 0.06, ""max_features"": 1.0, ""max_iter"": 300, ""max_leaf_nodes"": 7, ""min_samples_leaf"": 50}",20260818,COMPLETE,,CONVERGED_NO_WARNINGS,10760,1986,0.1845724907063197,0.40781029540397229,0.7587946661506314,0.4142313063022775,0.055244708151802317,15.642676666029729,0.23552714448116188,0.02615544347547516,hist_gradient_boosting|L+D+R|model_stage_v1__coarse__hist_gradient_boosting__007|seed=20260818
5,random_forest,Random Forest,model_stage_v1__coarse__random_forest__003,Random Forest | model_stage_v1__coarse__random_forest__003,L+D+R,"{""criterion"": ""gini"", ""imbalance"": ""none"", ""max_depth"": 6, ""max_features"": 0.5, ""max_samples"": 1.0, ""min_samples_leaf"": 5}",20260818,COMPLETE,,CONVERGED_NO_WARNINGS,10760,1986,0.1845724907063197,0.40739113699510365,0.75869960248293788,0.41155903399040739,0.073718022566431812,171.73377895896556,0.23510798607229325,0.025736285066606523,random_forest|L+D+R|model_stage_v1__coarse__random_forest__003|seed=20260818
6,hist_gradient_boosting,HistGradientBoosting,model_stage_v1__coarse__hist_gradient_boosting__010,HistGradientBoosting | model_stage_v1__coarse__hist_gradient_boosting__010,L+D+R,"{""imbalance"": ""none"", ""l2_regularization"": 10.0, ""learning_rate"": 0.03, ""max_features"": 0.7, ""max_iter"": 300, ""max_leaf_nodes"": 15, ""min_samples_leaf"": 50}",20260818,COMPLETE,,CONVERGED_NO_WARNINGS,10760,1986,0.1845724907063197,0.4061211457533776,0.75869067860709949,0.41271561284906522,0.061757486172575635,18.216979916964192,0.23383799483056719,0.02446629382488047,hist_gradient_boosting|L+D+R|model_stage_v1__coarse__hist_gradient_boosting__010|seed=20260818
7,hist_gradient_boosting,HistGradientBoosting,model_stage_v1__coarse__hist_gradient_boosting__004,HistGradientBoosting | model_stage_v1__coarse__hist_gradient_boosting__004,L+D+R,"{""imbalance"": ""none"", ""l2_regularization"": 0.1, ""learning_rate"": 0.1, ""max_features"": 0.7, ""max_iter"": 150, ""max_leaf_nodes"": 7, ""min_samples_leaf"": 100}",20260818,COMPLETE,,CONVERGED_NO_WARNINGS,10760,1986,0.1845724907063197,0.4058562788042942,0.75734713314606406,0.41370602546725782,0.058433938304457728,13.156917708052788,0.23357312788148379,0.024201426875797072,hist_gradient_boosting|L+D+R|model_stage_v1__coarse__hist_gradient_boosting__004|seed=20260818
8,hist_gradient_boosting,HistGradientBoosting,model_stage_v1__coarse__hist_gradient_boosting__005,HistGradientBoosting | model_stage_v1__coarse__hist_gradient_boosting__005,L+D+R,"{""imbalance"": ""none"", ""l2_regularization"": 1.0, ""learning_rate"": 0.06, ""max_features"": 0.7, ""max_iter"": 150, ""max_leaf_nodes"": 7, ""min_samples_leaf"": 50}",20260818,COMPLETE,,CONVERGED_NO_WARNINGS,10760,1986,0.1845724907063197,0.4058412656683229,0.75894720416978578,0.41229126174605524,0.061518253761657343,13.350651208078489,0.2335581147455125,0.024186413739825774,hist_gradient_boosting|L+D+R|model_stage_v1__coarse__hist_gradient_boosting__005|seed=20260818
9,xgboost,XGBoost,model_stage_v1__coarse__xgboost__009,XGBoost | model_stage_v1__coarse__xgboost__009,L+D,"{""colsample_bytree"": 0.7, ""gamma"": 0.1, ""imbalance"": ""sqrt"", ""learning_rate"": 0.05, ""max_depth"": 3, ""min_child_weight"": 1, ""n_estimators"": 200, ""reg_alpha"": 0.0, ""reg_lambda"": 5.0, ""subsample"": 0.7}",20260818,COMPLETE,,CONVERGED_NO_WARNINGS,10760,1986,0.1845724907063197,0.40571422642366489,0.75686466996809898,0.41228631593172566,0.06207027073576929,11.674923500977457,0.23343107550085448,0.024059374495167762,xgboost|L+D|model_stage_v1__coarse__xgboost__009|seed=20260818
10,hist_gradient_boosting,HistGradientBoosting,model_stage_v1__coarse__hist_gradient_boosting__016,HistGradientBoosting | model_stage_v1__coarse__hist_gradient_boosting__016,L+D+R,"{""imbalance"": ""sqrt"", ""l2_regularization"": 1.0, ""learning_rate"": 0.03, ""max_features"": 0.7, ""max_iter"": 300, ""max_leaf_nodes"": 15, ""min_samples_leaf"": 100}",20260818,COMPLETE,,CONVERGED_NO_WARNINGS,10760,1986,0.1845724907063197,0.40498190811122081,0.75598637120431134,0.41072452441920709,0.060756824427870559,18.045816416968592,0.2326987571884104,0.023327056182723682,hist_gradient_boosting|L+D+R|model_stage_v1__coarse__hist_gradient_boosting__016|seed=20260818
11,random_forest,Random Forest,model_stage_v1__coarse__random_forest__008,Random Forest | model_stage_v1__coarse__random_forest__008,L+D+R,"{""criterion"": ""log_loss"", ""imbalance"": ""sqrt"", ""max_depth"": 12, ""max_features"": ""sqrt"", ""max_samples"": 0.7, ""min_samples_leaf"": 5}",20260818,COMPLETE,,CONVERGED_NO_WARNINGS,10760,1986,0.1845724907063197,0.4047721695178641,0.7600268209814266,0.41136472074501862,0.07680766074178115,98.742405000026338,0.23248901859505369,0.02311731758936697,random_forest|L+D+R|model_stage_v1__coarse__random_forest__008|seed=20260818
12,xgboost,XGBoost,model_stage_v1__coarse__xgboost__004,XGBoost | model_stage_v1__coarse__xgboost__004,L+D,"{""colsample_bytree"": 0.7, ""gamma"": 0.0, ""imbalance"": ""sqrt"", ""learning_rate"": 0.02, ""max_depth"": 2, ""min_child_weight"": 20, ""n_estimators"": 500, ""reg_alpha"": 0.0, ""reg_lambda"": 1.0, ""subsample"": 1.0}",20260818,COMPLETE,,CONVERGED_NO_WARNINGS,10760,1986,0.1845724907063197,0.4042168639199426,0.75650025445958513,0.40893838428937118,0.068012884118033384,12.365989584010094,0.2319337129971322,0.022562011991445474,xgboost|L+D|model_stage_v1__coarse__xgboost__004|seed=20260818
13,random_forest,Random Forest,model_stage_v1__coarse__random_forest__011,Random Forest | model_stage_v1__coarse__random_forest__011,L+D+R,"{""criterion"": ""log_loss"", ""imbalance"": ""sqrt"", ""max_depth"": null, ""max_features"": ""sqrt"", ""max_samples"": 1.0, ""min_samples_leaf"": 20}",20260818,COMPLETE,,CONVERGED_NO_WARNINGS,10760,1986,0.1845724907063197,0.40366995563126845,0.76017046381887721,0.40833915853381519,0.076783530665304286,123.64601595897693,0.23138680470845804,0.022015103702771321,random_forest|L+D+R|model_stage_v1__coarse__random_forest__011|seed=20260818
14,random_forest,Random Forest,model_stage_v1__coarse__random_forest__007,Random Forest | model_stage_v1__coarse__random_forest__007,L+D+R,"{""criterion"": ""log_loss"", ""imbalance"": ""none"", ""max_depth"": null, ""max_features"": ""sqrt"", ""max_samples"": 0.7, ""min_samples_leaf"": 5}",20260818,COMPLETE,,CONVERGED_NO_WARNINGS,10760,1986,0.1845724907063197,0.40360173561325668,0.75955319559689649,0.40954187235744205,0.075857168255329038,114.48744337505195,0.23131858469044628,0.021946883684759555,random_forest|L+D+R|model_stage_v1__coarse__random_forest__007|seed=20260818
15,hist_gradient_boosting,HistGradientBoosting,model_stage_v1__coarse__hist_gradient_boosting__011,HistGradientBoosting | model_stage_v1__coarse__hist_gradient_boosting__011,L+D+R,"{""imbalance"": ""none"", ""l2_regularization"": 10.0, ""learning_rate"": 0.1, ""max_features"": 0.7, ""max_iter"": 300, ""max_leaf_nodes"": 7, ""min_samples_leaf"": 20}",20260818,COMPLETE,,CONVERGED_NO_WARNINGS,10760,1986,0.1845724907063197,0.40329939772175211,0.7567524185138228,0.40903686109255882,0.057928027464174407,15.706545958993956,0.2310162467989417,0.021644545793254977,hist_gradient_boosting|L+D+R|model_stage_v1__coarse__hist_gradient_boosting__011|seed=20260818
16,xgboost,XGBoost,model_stage_v1__coarse__xgboost__001,XGBoost | model_stage_v1__coarse__xgboost__001,L+D+R,"{""colsample_bytree"": 0.7, ""gamma"": 0.0, ""imbalance"": ""none"", ""learning_rate"": 0.02, ""max_depth"": 5, ""min_child_weight"": 20, ""n_estimators"": 500, ""reg_alpha"": 0.0, ""reg_lambda"": 5.0, ""subsample"": 1.0}",20260818,COMPLETE,,CONVERGED_NO_WARNINGS,10760,1986,0.1845724907063197,0.40323556992952508,0.7575559690571636,0.40947915934475526,0.059961378223376334,15.088707832037471,0.23095241900671468,0.021580718001027954,xgboost|L+D+R|model_stage_v1__coarse__xgboost__001|seed=20260818
17,random_forest,Random Forest,model_stage_v1__coarse__random_forest__003,Random Forest | model_stage_v1__coarse__random_forest__003,L+D,"{""criterion"": ""gini"", ""imbalance"": ""none"", ""max_depth"": 6, ""max_features"": 0.5, ""max_samples"": 1.0, ""min_samples_leaf"": 5}",20260818,COMPLETE,,CONVERGED_NO_WARNINGS,10760,1986,0.1845724907063197,0.40303752371486623,0.75563736444603902,0.40875665627919006,0.073900504372943071,127.88036579301115,0.23075437279205582,0.021382671786369101,random_forest|L+D|model_stage_v1__coarse__random_forest__003|seed=20260818
18,random_forest,Random Forest,model_stage_v1__coarse__random_forest__012,Random Forest | model_stage_v1__coarse__random_forest__012,L+D+R,"{""criterion"": ""log_loss"", ""imbalance"": ""sqrt"", ""max_depth"": null, ""max_features"": 1.0, ""max_samples"": 0.7, ""min_samples_leaf"": 20}",20260818,COMPLETE,,CONVERGED_NO_WARNINGS,10760,1986,0.1845724907063197,0.4028644637984905,0.75812744144043642,0.40754777331511272,0.072054178722709319,490.41904679196887,0.23058131287568009,0.021209611869993372,random_forest|L+D+R|model_stage_v1__coarse__random_forest__012|seed=20260818
19,xgboost,XGBoost,model_stage_v1__coarse__xgboost__004,XGBoost | model_stage_v1__coarse__xgboost__004,L,"{""colsample_bytree"": 0.7, ""gamma"": 0.0, ""imbalance"": ""sqrt"", ""learning_rate"": 0.02, ""max_depth"": 2, ""min_child_weight"": 20, ""n_estimators"": 500, ""reg_alpha"": 0.0, ""reg_lambda"": 1.0, ""subsample"": 1.0}",20260818,COMPLETE,,CONVERGED_NO_WARNINGS,10760,1986,0.1845724907063197,0.4027201758980235,0.75461855050546434,0.40310566987318008,0.067862048595841884,11.792745500046294,0.2304370249752131,0.021065323969526373,xgboost|L|model_stage_v1__coarse__xgboost__004|seed=20260818
20,random_forest,Random Forest,model_stage_v1__coarse__random_forest__004,Random Forest | model_stage_v1__coarse__random_forest__004,L+D+R,"{""criterion"": ""gini"", ""imbalance"": ""sqrt"", ""max_depth"": 24, ""max_features"": 1.0, ""max_samples"": 0.7, ""min_samples_leaf"": 20}",20260818,COMPLETE,,CONVERGED_NO_WARNINGS,10760,1986,0.1845724907063197,0.40233358501752747,0.75852307616731751,0.40706937651041647,0.073603307984325628,420.08585691498592,0.23005043409471707,0.020678733089030343,random_forest|L+D+R|model_stage_v1__coarse__random_forest__004|seed=20260818
21,hist_gradient_boosting,HistGradientBoosting,model_stage_v1__coarse__hist_gradient_boosting__009,HistGradientBoosting | model_stage_v1__coarse__hist_gradient_boosting__009,L+D+R,"{""imbalance"": ""none"", ""l2_regularization"": 10.0, ""learning_rate"": 0.03, ""max_features"": 0.7, ""max_iter"": 150, ""max_leaf_nodes"": 31, ""min_samples_leaf"": 20}",20260818,COMPLETE,,CONVERGED_NO_WARNINGS,10760,1986,0.1845724907063197,0.40216247750790934,0.75702426674434731,0.40802273311256193,0.064856846998184586,16.735209875972942,0.22987932658509894,0.020507625579412214,hist_gradient_boosting|L+D+R|model_stage_v1__coarse__hist_gradient_boosting__009|seed=20260818
22,xgboost,XGBoost,model_stage_v1__coarse__xgboost__005,XGBoost | model_stage_v1__coarse__xgboost__005,L+D,"{""colsample_bytree"": 0.7, ""gamma"": 0.0, ""imbalance"": ""sqrt"", ""learning_rate"": 0.05, ""max_depth"": 2, ""min_child_weight"": 5, ""n_estimators"": 800, ""reg_alpha"": 0.0, ""reg_lambda"": 20.0, ""subsample"": 0.7}",20260818,COMPLETE,,CONVERGED_NO_WARNINGS,10760,1986,0.1845724907063197,0.40194507768237892,0.75454236757829085,0.40657825792322272,0.059750545154352248,13.829077668022364,0.22966192675956851,0.020290225753881785,xgboost|L+D|model_stage_v1__coarse__xgboost__005|seed=20260818
23,hist_gradient_boosting,HistGradientBoosting,model_stage_v1__coarse__hist_gradient_boosting__005,HistGradientBoosting | model_stage_v1__coarse__hist_gradient_boosting__005,L+D,"{""imbalance"": ""none"", ""l2_regularization"": 1.0, ""learning_rate"": 0.06, ""max_features"": 0.7, ""max_iter"": 150, ""max_leaf_nodes"": 7, ""min_samples_leaf"": 50}",20260818,COMPLETE,,CONVERGED_NO_WARNINGS,10760,1986,0.1845724907063197,0.40186462452361404,0.75526098348342652,0.40806476841485623,0.059446520344333779,12.689944583107717,0.22958147360080364,0.020209772595116915,hist_gradient_boosting|L+D|model_stage_v1__coarse__hist_gradient_boosting__005|seed=20260818
24,random_forest,Random Forest,model_stage_v1__coarse__random_forest__006,Random Forest | model_stage_v1__coarse__random_forest__006,L+D+R,"{""criterion"": ""log_loss"", ""imbalance"": ""none"", ""max_depth"": 24, ""max_features"": ""sqrt"", ""max_samples"": 0.7, ""min_samples_leaf"": 1}",20260818,COMPLETE,,CONVERGED_NO_WARNINGS,10760,1986,0.1845724907063197,0.40134947581271829,0.75705626070434684,0.40668005191547502,0.070593414307794353,126.51818958000513,0.22906632488990789,0.019694623884221163,random_forest|L+D+R|model_stage_v1__coarse__random_forest__006|seed=20260818
25,random_forest,Random Forest,model_stage_v1__coarse__random_forest__010,Random Forest | model_stage_v1__coarse__random_forest__010,L+D+R,"{""criterion"": ""log_loss"", ""imbalance"": ""sqrt"", ""max_depth"": 24, ""max_features"": 1.0, ""max_samples"": 1.0, ""min_samples_leaf"": 20}",20260818,COMPLETE,,CONVERGED_NO_WARNINGS,10760,1986,0.1845724907063197,0.4001339098140364,0.75716440889738534,0.40489281828529594,0.070511555715925572,647.91047520906432,0.227850758891226,0.018479057885539274,random_forest|L+D+R|model_stage_v1__coarse__random_forest__010|seed=20260818
26,xgboost,XGBoost,model_stage_v1__coarse__xgboost__015,XGBoost | model_stage_v1__coarse__xgboost__015,L+D+R,"{""colsample_bytree"": 1.0, ""gamma"": 0.1, ""imbalance"": ""sqrt"", ""learning_rate"": 0.05, ""max_depth"": 3, ""min_child_weight"": 20, ""n_estimators"": 500, ""reg_alpha"": 0.1, ""reg_lambda"": 20.0, ""subsample"": 1.0}",20260818,COMPLETE,,CONVERGED_NO_WARNINGS,10760,1986,0.1845724907063197,0.4000162240321426,0.75377973487078798,0.40373428841492015,0.066724692385500772,13.916609083011281,0.22773307310933219,0.018361372103645468,xgboost|L+D+R|model_stage_v1__coarse__xgboost__015|seed=20260818
27,random_forest,Random Forest,model_stage_v1__coarse__random_forest__004,Random Forest | model_stage_v1__coarse__random_forest__004,L+D,"{""criterion"": ""gini"", ""imbalance"": ""sqrt"", ""max_depth"": 24, ""max_features"": 1.0, ""max_samples"": 0.7, ""min_samples_leaf"": 20}",20260818,COMPLETE,,CONVERGED_NO_WARNINGS,10760,1986,0.1845724907063197,0.3998399138330207,0.75539337822014174,0.40565781244257604,0.069368797944865376,300.68658279202646,0.22755676291021029,0.01818506190452357,random_forest|L+D|model_stage_v1__coarse__random_forest__004|seed=20260818
28,random_forest,Random Forest,model_stage_v1__coarse__random_forest__011,Random Forest | model_stage_v1__coarse__random_forest__011,L+D,"{""criterion"": ""log_loss"", ""imbalance"": ""sqrt"", ""max_depth"": null, ""max_features"": ""sqrt"", ""max_samples"": 1.0, ""min_samples_leaf"": 20}",20260818,COMPLETE,,CONVERGED_NO_WARNINGS,10760,1986,0.1845724907063197,0.39938684261922008,0.75733410600898798,0.40564335244693295,0.072721839252307977,104.55064500001026,0.22710369169640968,0.017731990690722954,random_forest|L+D|model_stage_v1__coarse__random_forest__011|seed=20260818
29,random_forest,Random Forest,model_stage_v1__coarse__random_forest__001,Random Forest | model_stage_v1__coarse__random_forest__001,L+D+R,"{""criterion"": ""gini"", ""imbalance"": ""none"", ""max_depth"": 24, ""max_features"": ""sqrt"", ""max_samples"": 1.0, ""min_samples_leaf"": 1}",20260818,COMPLETE,,CONVERGED_NO_WARNINGS,10760,1986,0.1845724907063197,0.39903680547539311,0.75528898895872654,0.40377147740054148,0.070316828024865052,139.95471862592967,0.2267536545525827,0.017381953546895978,random_forest|L+D+R|model_stage_v1__coarse__random_forest__001|seed=20260818
30,random_forest,Random Forest,model_stage_v1__coarse__random_forest__012,Random Forest | model_stage_v1__coarse__random_forest__012,L+D,"{""criterion"": ""log_loss"", ""imbalance"": ""sqrt"", ""max_depth"": null, ""max_features"": 1.0, ""max_samples"": 0.7, ""min_samples_leaf"": 20}",20260818,COMPLETE,,CONVERGED_NO_WARNINGS,10760,1986,0.1845724907063197,0.39889579404534098,0.75524629208654792,0.40397984769091666,0.067974540848061676,357.78803729091305,0.22661264312253057,0.017240942116843849,random_forest|L+D|model_stage_v1__coarse__random_forest__012|seed=20260818
31,hist_gradient_boosting,HistGradientBoosting,model_stage_v1__coarse__hist_gradient_boosting__005,HistGradientBoosting | model_stage_v1__coarse__hist_gradient_boosting__005,L,"{""imbalance"": ""none"", ""l2_regularization"": 1.0, ""learning_rate"": 0.06, ""max_features"": 0.7, ""max_iter"": 150, ""max_leaf_nodes"": 7, ""min_samples_leaf"": 50}",20260818,COMPLETE,,CONVERGED_NO_WARNINGS,10760,1986,0.1845724907063197,0.39883646631644959,0.75401878570554637,0.40086457768257872,0.065908516555589408,11.859592750028241,0.22655331539363918,0.01718161438795246,hist_gradient_boosting|L|model_stage_v1__coarse__hist_gradient_boosting__005|seed=20260818
32,hist_gradient_boosting,HistGradientBoosting,model_stage_v1__coarse__hist_gradient_boosting__004,HistGradientBoosting | model_stage_v1__coarse__hist_gradient_boosting__004,L+D,"{""imbalance"": ""none"", ""l2_regularization"": 0.1, ""learning_rate"": 0.1, ""max_features"": 0.7, ""max_iter"": 150, ""max_leaf_nodes"": 7, ""min_samples_leaf"": 100}",20260818,COMPLETE,,CONVERGED_NO_WARNINGS,10760,1986,0.1845724907063197,0.39796447402573282,0.75439479364440998,0.40325909609073479,0.057547049264531483,12.646746623096988,0.22568132310292241,0.016309622097235688,hist_gradient_boosting|L+D|model_stage_v1__coarse__hist_gradient_boosting__004|seed=20260818
33,hist_gradient_boosting,HistGradientBoosting,model_stage_v1__coarse__hist_gradient_boosting__016,HistGradientBoosting | model_stage_v1__coarse__hist_gradient_boosting__016,L+D,"{""imbalance"": ""sqrt"", ""l2_regularization"": 1.0, ""learning_rate"": 0.03, ""max_features"": 0.7, ""max_iter"": 300, ""max_leaf_nodes"": 15, ""min_samples_leaf"": 100}",20260818,COMPLETE,,CONVERGED_NO_WARNINGS,10760,1986,0.1845724907063197,0.39764323907306348,0.753222638248914,0.40310118262824451,0.055483872327240884,16.525969874986913,0.22536008815025307,0.015988387144566352,hist_gradient_boosting|L+D|model_stage_v1__coarse__hist_gradient_boosting__016|seed=20260818
34,hist_gradient_boosting,HistGradientBoosting,model_stage_v1__coarse__hist_gradient_boosting__010,HistGradientBoosting | model_stage_v1__coarse__hist_gradient_boosting__010,L+D,"{""imbalance"": ""none"", ""l2_regularization"": 10.0, ""learning_rate"": 0.03, ""max_features"": 0.7, ""max_iter"": 300, ""max_leaf_nodes"": 15, ""min_samples_leaf"": 50}",20260818,COMPLETE,,CONVERGED_NO_WARNINGS,10760,1986,0.1845724907063197,0.39740383190728529,0.75530241781368601,0.40383431443772649,0.055405167599690143,16.546235083020292,0.22512068098447488,0.015748979978788158,hist_gradient_boosting|L+D|model_stage_v1__coarse__hist_gradient_boosting__010|seed=20260818
35,hist_gradient_boosting,HistGradientBoosting,model_stage_v1__coarse__hist_gradient_boosting__002,HistGradientBoosting | model_stage_v1__coarse__hist_gradient_boosting__002,L+D+R,"{""imbalance"": ""none"", ""l2_regularization"": 0.1, ""learning_rate"": 0.06, ""max_features"": 1.0, ""max_iter"": 150, ""max_leaf_nodes"": 15, ""min_samples_leaf"": 20}",20260818,COMPLETE,,CONVERGED_NO_WARNINGS,10760,1986,0.1845724907063197,0.39713201805561688,0.75475817616408092,0.40238580928702211,0.057145980303978196,14.014055624022149,0.22484886713280647,0.015477166127119746,hist_gradient_boosting|L+D+R|model_stage_v1__coarse__hist_gradient_boosting__002|seed=20260818
36,xgboost,XGBoost,model_stage_v1__coarse__xgboost__013,XGBoost | model_stage_v1__coarse__xgboost__013,L+D+R,"{""colsample_bytree"": 1.0, ""gamma"": 0.0, ""imbalance"": ""sqrt"", ""learning_rate"": 0.05, ""max_depth"": 2, ""min_child_weight"": 1, ""n_estimators"": 800, ""reg_alpha"": 0.01, ""reg_lambda"": 1.0, ""subsample"": 0.7}",20260818,COMPLETE,,CONVERGED_NO_WARNINGS,10760,1986,0.1845724907063197,0.3970678789479356,0.75366665128661059,0.40334865549659366,0.062808687849498071,14.907575624994934,0.2247847280251252,0.015413027019438474,xgboost|L+D+R|model_stage_v1__coarse__xgboost__013|seed=20260818
37,random_forest,Random Forest,model_stage_v1__coarse__random_forest__007,Random Forest | model_stage_v1__coarse__random_forest__007,L+D,"{""criterion"": ""log_loss"", ""imbalance"": ""none"", ""max_depth"": null, ""max_features"": ""sqrt"", ""max_samples"": 0.7, ""min_samples_leaf"": 5}",20260818,COMPLETE,,CONVERGED_NO_WARNINGS,10760,1986,0.1845724907063197,0.39678258973231872,0.75647199073707427,0.40332241202153729,0.071471060741815015,97.385638334031682,0.22449943880950832,0.015127737803821595,random_forest|L+D|model_stage_v1__coarse__random_forest__007|seed=20260818
38,hist_gradient_boosting,HistGradientBoosting,model_stage_v1__coarse__hist_gradient_boosting__009,HistGradientBoosting | model_stage_v1__coarse__hist_gradient_boosting__009,L+D,"{""imbalance"": ""none"", ""l2_regularization"": 10.0, ""learning_rate"": 0.03, ""max_features"": 0.7, ""max_iter"": 150, ""max_leaf_nodes"": 31, ""min_samples_leaf"": 20}",20260818,COMPLETE,,CONVERGED_NO_WARNINGS,10760,1986,0.1845724907063197,0.39649034938961786,0.75483903623518256,0.4021319542910593,0.060116418579032327,15.336771790927742,0.22420719846680745,0.014835497461120728,hist_gradient_boosting|L+D|model_stage_v1__coarse__hist_gradient_boosting__009|seed=20260818
39,xgboost,XGBoost,model_stage_v1__coarse__xgboost__005,XGBoost | model_stage_v1__coarse__xgboost__005,L,"{""colsample_bytree"": 0.7, ""gamma"": 0.0, ""imbalance"": ""sqrt"", ""learning_rate"": 0.05, ""max_depth"": 2, ""min_child_weight"": 5, ""n_estimators"": 800, ""reg_alpha"": 0.0, ""reg_lambda"": 20.0, ""subsample"": 0.7}",20260818,COMPLETE,,CONVERGED_NO_WARNINGS,10760,1986,0.1845724907063197,0.39626913218283444,0.75385841418766564,0.39783460292156186,0.062696036886797313,13.006152875022963,0.22398598126002403,0.014614280254337308,xgboost|L|model_stage_v1__coarse__xgboost__005|seed=20260818
40,random_forest,Random Forest,model_stage_v1__coarse__random_forest__008,Random Forest | model_stage_v1__coarse__random_forest__008,L+D,"{""criterion"": ""log_loss"", ""imbalance"": ""sqrt"", ""max_depth"": 12, ""max_features"": ""sqrt"", ""max_samples"": 0.7, ""min_samples_leaf"": 5}",20260818,COMPLETE,,CONVERGED_NO_WARNINGS,10760,1986,0.1845724907063197,0.39614914594172196,0.75589357437324556,0.40421525997540991,0.072942583730442864,83.951862418092787,0.22386599501891155,0.014494294013224829,random_forest|L+D|model_stage_v1__coarse__random_forest__008|seed=20260818
41,random_forest,Random Forest,model_stage_v1__coarse__random_forest__010,Random Forest | model_stage_v1__coarse__random_forest__010,L+D,"{""criterion"": ""log_loss"", ""imbalance"": ""sqrt"", ""max_depth"": 24, ""max_features"": 1.0, ""max_samples"": 1.0, ""min_samples_leaf"": 20}",20260818,COMPLETE,,CONVERGED_NO_WARNINGS,10760,1986,0.1845724907063197,0.39598336525242328,0.75434053303601611,0.40074761259337022,0.067328385364700913,472.01377899898216,0.22370021432961287,0.014328513323926151,random_forest|L+D|model_stage_v1__coarse__random_forest__010|seed=20260818
42,hist_gradient_boosting,HistGradientBoosting,model_stage_v1__coarse__hist_gradient_boosting__003,HistGradientBoosting | model_stage_v1__coarse__hist_gradient_boosting__003,L+D+R,"{""imbalance"": ""none"", ""l2_regularization"": 0.1, ""learning_rate"": 0.1, ""max_features"": 0.7, ""max_iter"": 150, ""max_leaf_nodes"": 15, ""min_samples_leaf"": 20}",20260818,COMPLETE,,CONVERGED_NO_WARNINGS,10760,1986,0.1845724907063197,0.395930147152039,0.75441619946876837,0.40116032133248575,0.051115220468666567,13.897974375053309,0.2236469962292286,0.014275295223541873,hist_gradient_boosting|L+D+R|model_stage_v1__coarse__hist_gradient_boosting__003|seed=20260818
43,hist_gradient_boosting,HistGradientBoosting,model_stage_v1__coarse__hist_gradient_boosting__012,HistGradientBoosting | model_stage_v1__coarse__hist_gradient_boosting__012,L+D+R,"{""imbalance"": ""sqrt"", ""l2_regularization"": 0.0, ""learning_rate"": 0.1, ""max_features"": 0.7, ""max_iter"": 150, ""max_leaf_nodes"": 15, ""min_samples_leaf"": 20}",20260818,COMPLETE,,CONVERGED_NO_WARNINGS,10760,1986,0.1845724907063197,0.39551054380917416,0.75129304378426509,0.40201498998162782,0.058490746196430923,13.960737581946887,0.22322739288636376,0.013855691880677035,hist_gradient_boosting|L+D+R|model_stage_v1__coarse__hist_gradient_boosting__012|seed=20260818
44,pytorch_mlp,MLP (PyTorch),model_stage_v1__coarse__pytorch_mlp__epochs_200__003,MLP (PyTorch) | model_stage_v1__coarse__pytorch_mlp__epochs_200__003,L+D,"{""activation"": ""relu"", ""batch_size"": 256, ""epochs"": 200, ""hidden_layer_sizes"": [64], ""imbalance"": ""sqrt"", ""learning_rate"": 0.0003, ""weight_decay"": 0.001}",20260818,COMPLETE,,CONVERGED_NO_WARNINGS,10760,1986,0.1845724907063197,0.39548464852848403,0.74494308920134122,0.40027840091709432,0.047989800011082634,46.518136708938982,0.22320149760567362,0.013829796599986899,pytorch_mlp|L+D|model_stage_v1__coarse__pytorch_mlp__epochs_200__003|seed=20260818
45,hist_gradient_boosting,HistGradientBoosting,model_stage_v1__coarse__hist_gradient_boosting__010,HistGradientBoosting | model_stage_v1__coarse__hist_gradient_boosting__010,L,"{""imbalance"": ""none"", ""l2_regularization"": 10.0, ""learning_rate"": 0.03, ""max_features"": 0.7, ""max_iter"": 300, ""max_leaf_nodes"": 15, ""min_samples_leaf"": 50}",20260818,COMPLETE,,CONVERGED_NO_WARNINGS,10760,1986,0.1845724907063197,0.39547241399527427,0.75212055392993715,0.39837693177391448,0.06336949691433838,14.765460667083971,0.22318926307246387,0.013817562066777145,hist_gradient_boosting|L|model_stage_v1__coarse__hist_gradient_boosting__010|seed=20260818
46,pytorch_mlp,MLP (PyTorch),model_stage_v1__coarse__pytorch_mlp__epochs_200__005,MLP (PyTorch) | model_stage_v1__coarse__pytorch_mlp__epochs_200__005,L+D,"{""activation"": ""relu"", ""batch_size"": 64, ""epochs"": 200, ""hidden_layer_sizes"": [64, 32], ""imbalance"": ""none"", ""learning_rate"": 0.0003, ""weight_decay"": 0.001}",20260818,COMPLETE,,CONVERGED_NO_WARNINGS,10760,1986,0.1845724907063197,0.39535403142450243,0.74752670907430208,0.39972149615734853,0.043677266106803024,159.65323087602155,0.22307088050169202,0.013699179496005298,pytorch_mlp|L+D|model_stage_v1__coarse__pytorch_mlp__epochs_200__005|seed=20260818
47,hist_gradient_boosting,HistGradientBoosting,model_stage_v1__coarse__hist_gradient_boosting__016,HistGradientBoosting | model_stage_v1__coarse__hist_gradient_boosting__016,L,"{""imbalance"": ""sqrt"", ""l2_regularization"": 1.0, ""learning_rate"": 0.03, ""max_features"": 0.7, ""max_iter"": 300, ""max_leaf_nodes"": 15, ""min_samples_leaf"": 100}",20260818,COMPLETE,,CONVERGED_NO_WARNINGS,10760,1986,0.1845724907063197,0.39533412573556803,0.75171441714981846,0.39683330903414599,0.059158692169360649,14.645023956894875,0.22305097481275762,0.013679273807070902,hist_gradient_boosting|L|model_stage_v1__coarse__hist_gradient_boosting__016|seed=20260818
48,hist_gradient_boosting,HistGradientBoosting,model_stage_v1__coarse__hist_gradient_boosting__004,HistGradientBoosting | model_stage_v1__coarse__hist_gradient_boosting__004,L,"{""imbalance"": ""none"", ""l2_regularization"": 0.1, ""learning_rate"": 0.1, ""max_features"": 0.7, ""max_iter"": 150, ""max_leaf_nodes"": 7, ""min_samples_leaf"": 100}",20260818,COMPLETE,,CONVERGED_NO_WARNINGS,10760,1986,0.1845724907063197,0.39523674323623703,0.75177045679455301,0.39701400234033951,0.066235187687913033,11.876462958054617,0.22295359231342662,0.013581891307739902,hist_gradient_boosting|L|model_stage_v1__coarse__hist_gradient_boosting__004|seed=20260818
49,hist_gradient_boosting,HistGradientBoosting,model_stage_v1__coarse__hist_gradient_boosting__007,HistGradientBoosting | model_stage_v1__coarse__hist_gradient_boosting__007,L+D,"{""imbalance"": ""none"", ""l2_regularization"": 1.0, ""learning_rate"": 0.06, ""max_features"": 1.0, ""max_iter"": 300, ""max_leaf_nodes"": 7, ""min_samples_leaf"": 50}",20260818,COMPLETE,,CONVERGED_NO_WARNINGS,10760,1986,0.1845724907063197,0.39519560028449224,0.75250385017897103,0.4011211592816753,0.056778961793580524,14.583762457070407,0.22291244936168184,0.013540748355995114,hist_gradient_boosting|L+D|model_stage_v1__coarse__hist_gradient_boosting__007|seed=20260818
50,hist_gradient_boosting,HistGradientBoosting,model_stage_v1__coarse__hist_gradient_boosting__006,HistGradientBoosting | model_stage_v1__coarse__hist_gradient_boosting__006,L+D+R,"{""imbalance"": ""none"", ""l2_regularization"": 1.0, ""learning_rate"": 0.06, ""max_features"": 0.7, ""max_iter"": 300, ""max_leaf_nodes"": 15, ""min_samples_leaf"": 50}",20260818,COMPLETE,,CONVERGED_NO_WARNINGS,10760,1986,0.1845724907063197,0.3949976632432799,0.75318413072037649,0.40127381394556977,0.052762908652566852,17.26748945802683,0.22271451232046949,0.013342811314782765,hist_gradient_boosting|L+D+R|model_stage_v1__coarse__hist_gradient_boosting__006|seed=20260818
51,xgboost,XGBoost,model_stage_v1__coarse__xgboost__001,XGBoost | model_stage_v1__coarse__xgboost__001,L+D,"{""colsample_bytree"": 0.7, ""gamma"": 0.0, ""imbalance"": ""none"", ""learning_rate"": 0.02, ""max_depth"": 5, ""min_child_weight"": 20, ""n_estimators"": 500, ""reg_alpha"": 0.0, ""reg_lambda"": 5.0, ""subsample"": 1.0}",20260818,COMPLETE,,CONVERGED_NO_WARNINGS,10760,1986,0.1845724907063197,0.39460103067618563,0.75375990722382868,0.40056760883725878,0.056918117151602506,14.068345749925356,0.22231787975337522,0.012946178747688497,xgboost|L+D|model_stage_v1__coarse__xgboost__001|seed=20260818
52,xgboost,XGBoost,model_stage_v1__coarse__xgboost__007,XGBoost | model_stage_v1__coarse__xgboost__007,L+D+R,"{""colsample_bytree"": 0.7, ""gamma"": 0.1, ""imbalance"": ""none"", ""learning_rate"": 0.1, ""max_depth"": 5, ""min_child_weight"": 5, ""n_estimators"": 200, ""reg_alpha"": 0.1, ""reg_lambda"": 20.0, ""subsample"": 0.7}",20260818,COMPLETE,,CONVERGED_NO_WARNINGS,10760,1986,0.1845724907063197,0.39436237073846392,0.75213185941894156,0.39809890266805886,0.06506691996773098,13.034874208969995,0.22207921981565351,0.012707518809966789,xgboost|L+D+R|model_stage_v1__coarse__xgboost__007|seed=20260818
53,xgboost,XGBoost,model_stage_v1__coarse__xgboost__011,XGBoost | model_stage_v1__coarse__xgboost__011,L+D+R,"{""colsample_bytree"": 0.7, ""gamma"": 0.1, ""imbalance"": ""sqrt"", ""learning_rate"": 0.1, ""max_depth"": 5, ""min_child_weight"": 5, ""n_estimators"": 200, ""reg_alpha"": 0.1, ""reg_lambda"": 20.0, ""subsample"": 1.0}",20260818,COMPLETE,,CONVERGED_NO_WARNINGS,10760,1986,0.1845724907063197,0.39372645195936012,0.75049376866696915,0.39733828576336067,0.062843471795673733,12.862334750010632,0.22144330103654972,0.012071600030862994,xgboost|L+D+R|model_stage_v1__coarse__xgboost__011|seed=20260818
54,rbf_svm,SVM RBF,model_stage_v1__coarse__rbf_svm__004,SVM RBF | model_stage_v1__coarse__rbf_svm__004,L+D+R,"{""C"": 1.0, ""gamma"": 0.01, ""imbalance"": ""sqrt""}",20260818,COMPLETE,,CONVERGED_NO_WARNINGS,10760,1986,0.1845724907063197,0.39355767923246121,0.73602899806280153,0.3990963357547383,0.068849018183078703,37.028312749986071,0.2212745283096508,0.011902827303964081,rbf_svm|L+D+R|model_stage_v1__coarse__rbf_svm__004|seed=20260818
55,xgboost,XGBoost,model_stage_v1__coarse__xgboost__015,XGBoost | model_stage_v1__coarse__xgboost__015,L+D,"{""colsample_bytree"": 1.0, ""gamma"": 0.1, ""imbalance"": ""sqrt"", ""learning_rate"": 0.05, ""max_depth"": 3, ""min_child_weight"": 20, ""n_estimators"": 500, ""reg_alpha"": 0.1, ""reg_lambda"": 20.0, ""subsample"": 1.0}",20260818,COMPLETE,,CONVERGED_NO_WARNINGS,10760,1986,0.1845724907063197,0.39355458370087482,0.75080954761745722,0.39816341946669082,0.057522597246610456,12.990641709009651,0.22127143277806441,0.011899731772377686,xgboost|L+D|model_stage_v1__coarse__xgboost__015|seed=20260818
56,random_forest,Random Forest,model_stage_v1__coarse__random_forest__002,Random Forest | model_stage_v1__coarse__random_forest__002,L+D+R,"{""criterion"": ""gini"", ""imbalance"": ""none"", ""max_depth"": 24, ""max_features"": 1.0, ""max_samples"": 0.7, ""min_samples_leaf"": 1}",20260818,COMPLETE,,CONVERGED_NO_WARNINGS,10760,1986,0.1845724907063197,0.39312887400998364,0.75141063234756356,0.39705998211434057,0.070103758183575976,619.97987504000776,0.22084572308717323,0.011474022081486512,random_forest|L+D+R|model_stage_v1__coarse__random_forest__002|seed=20260818
57,random_forest,Random Forest,model_stage_v1__coarse__random_forest__003,Random Forest | model_stage_v1__coarse__random_forest__003,L,"{""criterion"": ""gini"", ""imbalance"": ""none"", ""max_depth"": 6, ""max_features"": 0.5, ""max_samples"": 1.0, ""min_samples_leaf"": 5}",20260818,COMPLETE,,CONVERGED_NO_WARNINGS,10760,1986,0.1845724907063197,0.3931042942448485,0.75241598873904425,0.39576460424813886,0.068935961715130681,83.663011041993741,0.22082114332203809,0.011449442316351366,random_forest|L|model_stage_v1__coarse__random_forest__003|seed=20260818
58,xgboost,XGBoost,model_stage_v1__coarse__xgboost__009,XGBoost | model_stage_v1__coarse__xgboost__009,L,"{""colsample_bytree"": 0.7, ""gamma"": 0.1, ""imbalance"": ""sqrt"", ""learning_rate"": 0.05, ""max_depth"": 3, ""min_child_weight"": 1, ""n_estimators"": 200, ""reg_alpha"": 0.0, ""reg_lambda"": 5.0, ""subsample"": 0.7}",20260818,COMPLETE,,CONVERGED_NO_WARNINGS,10760,1986,0.1845724907063197,0.39300634997679451,0.75383706575157627,0.39570002258470277,0.063397689489233036,11.362590332981199,0.2207231990539841,0.011351498048297382,xgboost|L|model_stage_v1__coarse__xgboost__009|seed=20260818
59,hist_gradient_boosting,HistGradientBoosting,model_stage_v1__coarse__hist_gradient_boosting__014,HistGradientBoosting | model_stage_v1__coarse__hist_gradient_boosting__014,L+D+R,"{""imbalance"": ""sqrt"", ""l2_regularization"": 0.1, ""learning_rate"": 0.06, ""max_features"": 1.0, ""max_iter"": 300, ""max_leaf_nodes"": 15, ""min_samples_leaf"": 100}",20260818,COMPLETE,,CONVERGED_NO_WARNINGS,10760,1986,0.1845724907063197,0.39289516740714175,0.7471906720648368,0.39979122385830451,0.049139357675536184,17.544083419023082,0.22061201648433135,0.011240315478644625,hist_gradient_boosting|L+D+R|model_stage_v1__coarse__hist_gradient_boosting__014|seed=20260818
60,pytorch_mlp,MLP (PyTorch),model_stage_v1__coarse__pytorch_mlp__epochs_200__003,MLP (PyTorch) | model_stage_v1__coarse__pytorch_mlp__epochs_200__003,L+D+R,"{""activation"": ""relu"", ""batch_size"": 256, ""epochs"": 200, ""hidden_layer_sizes"": [64], ""imbalance"": ""sqrt"", ""learning_rate"": 0.0003, ""weight_decay"": 0.001}",20260818,COMPLETE,,CONVERGED_NO_WARNINGS,10760,1986,0.1845724907063197,0.39285597329790861,0.74557192115953685,0.39789464059189233,0.0568556017103155,44.912136876082513,0.2205728223750982,0.011201121369411482,pytorch_mlp|L+D+R|model_stage_v1__coarse__pytorch_mlp__epochs_200__003|seed=20260818
61,pytorch_mlp,MLP (PyTorch),model_stage_v1__coarse__pytorch_mlp__epochs_200__001,MLP (PyTorch) | model_stage_v1__coarse__pytorch_mlp__epochs_200__001,L+D,"{""activation"": ""relu"", ""batch_size"": 256, ""epochs"": 200, ""hidden_layer_sizes"": [64, 32], ""imbalance"": ""none"", ""learning_rate"": 0.0003, ""weight_decay"": 0.001}",20260818,COMPLETE,,CONVERGED_NO_WARNINGS,10760,1986,0.1845724907063197,0.39254125321809574,0.74609665079766241,0.39825746991307703,0.047216624289628632,53.002085708081722,0.22025810229528534,0.010886401289598613,pytorch_mlp|L+D|model_stage_v1__coarse__pytorch_mlp__epochs_200__001|seed=20260818
62,random_forest,Random Forest,model_stage_v1__coarse__random_forest__011,Random Forest | model_stage_v1__coarse__random_forest__011,L,"{""criterion"": ""log_loss"", ""imbalance"": ""sqrt"", ""max_depth"": null, ""max_features"": ""sqrt"", ""max_samples"": 1.0, ""min_samples_leaf"": 20}",20260818,COMPLETE,,CONVERGED_NO_WARNINGS,10760,1986,0.1845724907063197,0.39243098111181196,0.75408518393284574,0.39671875597705181,0.07177751342049199,78.429360250069294,0.22014783018900155,0.010776129183314831,random_forest|L|model_stage_v1__coarse__random_forest__011|seed=20260818
63,hist_gradient_boosting,HistGradientBoosting,model_stage_v1__coarse__hist_gradient_boosting__007,HistGradientBoosting | model_stage_v1__coarse__hist_gradient_boosting__007,L,"{""imbalance"": ""none"", ""l2_regularization"": 1.0, ""learning_rate"": 0.06, ""max_features"": 1.0, ""max_iter"": 300, ""max_leaf_nodes"": 7, ""min_samples_leaf"": 50}",20260818,COMPLETE,,CONVERGED_NO_WARNINGS,10760,1986,0.1845724907063197,0.39183459360699141,0.74949802481055561,0.39377824902448805,0.06381730208854329,13.070688374980818,0.219551442684181,0.010179741678494281,hist_gradient_boosting|L|model_stage_v1__coarse__hist_gradient_boosting__007|seed=20260818
64,random_forest,Random Forest,model_stage_v1__coarse__random_forest__012,Random Forest | model_stage_v1__coarse__random_forest__012,L,"{""criterion"": ""log_loss"", ""imbalance"": ""sqrt"", ""max_depth"": null, ""max_features"": 1.0, ""max_samples"": 0.7, ""min_samples_leaf"": 20}",20260818,COMPLETE,,CONVERGED_NO_WARNINGS,10760,1986,0.1845724907063197,0.39172450445865298,0.75239214391325093,0.39517278449244636,0.059387481393205134,223.08622016897425,0.21944135353584257,0.010069652530155848,random_forest|L|model_stage_v1__coarse__random_forest__012|seed=20260818
65,random_forest,Random Forest,model_stage_v1__coarse__random_forest__004,Random Forest | model_stage_v1__coarse__random_forest__004,L,"{""criterion"": ""gini"", ""imbalance"": ""sqrt"", ""max_depth"": 24, ""max_features"": 1.0, ""max_samples"": 0.7, ""min_samples_leaf"": 20}",20260818,COMPLETE,,CONVERGED_NO_WARNINGS,10760,1986,0.1845724907063197,0.3913063972273616,0.75257584376250342,0.39407373362827885,0.061922744900845775,180.1359842910897,0.21902324630455119,0.0096515452988644723,random_forest|L|model_stage_v1__coarse__random_forest__004|seed=20260818
66,hist_gradient_boosting,HistGradientBoosting,model_stage_v1__coarse__hist_gradient_boosting__011,HistGradientBoosting | model_stage_v1__coarse__hist_gradient_boosting__011,L+D,"{""imbalance"": ""none"", ""l2_regularization"": 10.0, ""learning_rate"": 0.1, ""max_features"": 0.7, ""max_iter"": 300, ""max_leaf_nodes"": 7, ""min_samples_leaf"": 20}",20260818,COMPLETE,,CONVERGED_NO_WARNINGS,10760,1986,0.1845724907063197,0.39130183031153282,0.75138070436525006,0.39743757998513113,0.053965063192436054,14.428288499999326,0.21901867938872241,0.009646978383035687,hist_gradient_boosting|L+D|model_stage_v1__coarse__hist_gradient_boosting__011|seed=20260818
67,xgboost,XGBoost,model_stage_v1__coarse__xgboost__001,XGBoost | model_stage_v1__coarse__xgboost__001,L,"{""colsample_bytree"": 0.7, ""gamma"": 0.0, ""imbalance"": ""none"", ""learning_rate"": 0.02, ""max_depth"": 5, ""min_child_weight"": 20, ""n_estimators"": 500, ""reg_alpha"": 0.0, ""reg_lambda"": 5.0, ""subsample"": 1.0}",20260818,COMPLETE,,CONVERGED_NO_WARNINGS,10760,1986,0.1845724907063197,0.39111763362630603,0.75262350471995554,0.39382097769374219,0.061633096672074492,12.897619959083386,0.21883448270349562,0.0094627816978088974,xgboost|L|model_stage_v1__coarse__xgboost__001|seed=20260818
68,xgboost,XGBoost,model_stage_v1__coarse__xgboost__015,XGBoost | model_stage_v1__coarse__xgboost__015,L,"{""colsample_bytree"": 1.0, ""gamma"": 0.1, ""imbalance"": ""sqrt"", ""learning_rate"": 0.05, ""max_depth"": 3, ""min_child_weight"": 20, ""n_estimators"": 500, ""reg_alpha"": 0.1, ""reg_lambda"": 20.0, ""subsample"": 1.0}",20260818,COMPLETE,,CONVERGED_NO_WARNINGS,10760,1986,0.1845724907063197,0.39092097699569589,0.75047021078252119,0.39220805097300815,0.065444187809710813,12.246066959109157,0.21863782607288548,0.0092661250671987605,xgboost|L|model_stage_v1__coarse__xgboost__015|seed=20260818
69,random_forest,Random Forest,model_stage_v1__coarse__random_forest__007,Random Forest | model_stage_v1__coarse__random_forest__007,L,"{""criterion"": ""log_loss"", ""imbalance"": ""none"", ""max_depth"": null, ""max_features"": ""sqrt"", ""max_samples"": 0.7, ""min_samples_leaf"": 5}",20260818,COMPLETE,,CONVERGED_NO_WARNINGS,10760,1986,0.1845724907063197,0.3902573488566225,0.75352843164058592,0.39419335761053054,0.062824661581086336,77.408801457087975,0.21797419793381209,0.0086024969281253694,random_forest|L|model_stage_v1__coarse__random_forest__007|seed=20260818
70,pytorch_mlp,MLP (PyTorch),model_stage_v1__coarse__pytorch_mlp__epochs_200__001,MLP (PyTorch) | model_stage_v1__coarse__pytorch_mlp__epochs_200__001,L+D+R,"{""activation"": ""relu"", ""batch_size"": 256, ""epochs"": 200, ""hidden_layer_sizes"": [64, 32], ""imbalance"": ""none"", ""learning_rate"": 0.0003, ""weight_decay"": 0.001}",20260818,COMPLETE,,CONVERGED_NO_WARNINGS,10760,1986,0.1845724907063197,0.39010611048387983,0.74344109472943842,0.39679167673071064,0.058728340756606198,54.776821333914995,0.21782295956106942,0.0084512585553827013,pytorch_mlp|L+D+R|model_stage_v1__coarse__pytorch_mlp__epochs_200__001|seed=20260818
71,hist_gradient_boosting,HistGradientBoosting,model_stage_v1__coarse__hist_gradient_boosting__009,HistGradientBoosting | model_stage_v1__coarse__hist_gradient_boosting__009,L,"{""imbalance"": ""none"", ""l2_regularization"": 10.0, ""learning_rate"": 0.03, ""max_features"": 0.7, ""max_iter"": 150, ""max_leaf_nodes"": 31, ""min_samples_leaf"": 20}",20260818,COMPLETE,,CONVERGED_NO_WARNINGS,10760,1986,0.1845724907063197,0.38993290128453773,0.75076527256787939,0.39337422782091674,0.063550913195887862,13.887118583952542,0.21764975036172732,0.0082780493560405954,hist_gradient_boosting|L|model_stage_v1__coarse__hist_gradient_boosting__009|seed=20260818
72,xgboost,XGBoost,model_stage_v1__coarse__xgboost__013,XGBoost | model_stage_v1__coarse__xgboost__013,L+D,"{""colsample_bytree"": 1.0, ""gamma"": 0.0, ""imbalance"": ""sqrt"", ""learning_rate"": 0.05, ""max_depth"": 2, ""min_child_weight"": 1, ""n_estimators"": 800, ""reg_alpha"": 0.01, ""reg_lambda"": 1.0, ""subsample"": 0.7}",20260818,COMPLETE,,CONVERGED_NO_WARNINGS,10760,1986,0.1845724907063197,0.3898621581151418,0.74931788303398461,0.39486932653231593,0.056068489886123389,14.052069248980843,0.21757900719233139,0.0082073061866446695,xgboost|L+D|model_stage_v1__coarse__xgboost__013|seed=20260818
73,random_forest,Random Forest,model_stage_v1__coarse__random_forest__009,Random Forest | model_stage_v1__coarse__random_forest__009,L+D+R,"{""criterion"": ""log_loss"", ""imbalance"": ""sqrt"", ""max_depth"": 24, ""max_features"": 0.5, ""max_samples"": 1.0, ""min_samples_leaf"": 1}",20260818,COMPLETE,,CONVERGED_NO_WARNINGS,10760,1986,0.1845724907063197,0.389837271533922,0.750111103688895,0.39473210708194567,0.069428603585465681,427.74443670705659,0.2175541206111116,0.0081824196054248732,random_forest|L+D+R|model_stage_v1__coarse__random_forest__009|seed=20260818
74,pytorch_mlp,MLP (PyTorch),model_stage_v1__coarse__pytorch_mlp__epochs_200__005,MLP (PyTorch) | model_stage_v1__coarse__pytorch_mlp__epochs_200__005,L,"{""activation"": ""relu"", ""batch_size"": 64, ""epochs"": 200, ""hidden_layer_sizes"": [64, 32], ""imbalance"": ""none"", ""learning_rate"": 0.0003, ""weight_decay"": 0.001}",20260818,COMPLETE,,CONVERGED_NO_WARNINGS,10760,1986,0.1845724907063197,0.38978035503698211,0.74772461252014621,0.3880182105400321,0.06865676108419734,156.6328257919522,0.2174972041141717,0.0081255031084849771,pytorch_mlp|L|model_stage_v1__coarse__pytorch_mlp__epochs_200__005|seed=20260818
75,random_forest,Random Forest,model_stage_v1__coarse__random_forest__006,Random Forest | model_stage_v1__coarse__random_forest__006,L+D,"{""criterion"": ""log_loss"", ""imbalance"": ""none"", ""max_depth"": 24, ""max_features"": ""sqrt"", ""max_samples"": 0.7, ""min_samples_leaf"": 1}",20260818,COMPLETE,,CONVERGED_NO_WARNINGS,10760,1986,0.1845724907063197,0.38975449112907012,0.75255839772871025,0.39605763706515296,0.066748659461736803,109.94537012506044,0.21747134020625972,0.0080996392005729945,random_forest|L+D|model_stage_v1__coarse__random_forest__006|seed=20260818
76,pytorch_mlp,MLP (PyTorch),model_stage_v1__coarse__pytorch_mlp__epochs_200__006,MLP (PyTorch) | model_stage_v1__coarse__pytorch_mlp__epochs_200__006,L+D,"{""activation"": ""relu"", ""batch_size"": 64, ""epochs"": 200, ""hidden_layer_sizes"": [64], ""imbalance"": ""none"", ""learning_rate"": 0.0003, ""weight_decay"": 0.0001}",20260818,COMPLETE,,CONVERGED_NO_WARNINGS,10760,1986,0.1845724907063197,0.38915379290876234,0.74196400676630647,0.39440118419154913,0.052771914899484969,120.22206679207738,0.21687064198595193,0.0074989409802652118,pytorch_mlp|L+D|model_stage_v1__coarse__pytorch_mlp__epochs_200__006|seed=20260818
77,xgboost,XGBoost,model_stage_v1__coarse__xgboost__006,XGBoost | model_stage_v1__coarse__xgboost__006,L+D+R,"{""colsample_bytree"": 0.7, ""gamma"": 0.0, ""imbalance"": ""sqrt"", ""learning_rate"": 0.05, ""max_depth"": 8, ""min_child_weight"": 20, ""n_estimators"": 500, ""reg_alpha"": 0.0, ""reg_lambda"": 20.0, ""subsample"": 1.0}",20260818,COMPLETE,,CONVERGED_NO_WARNINGS,10760,1986,0.1845724907063197,0.38907047439382147,0.74461807073953512,0.39247835943865095,0.058972247145625975,17.801298210106324,0.21678732347101107,0.0074156224653243452,xgboost|L+D+R|model_stage_v1__coarse__xgboost__006|seed=20260818
78,random_forest,Random Forest,model_stage_v1__coarse__random_forest__010,Random Forest | model_stage_v1__coarse__random_forest__010,L,"{""criterion"": ""log_loss"", ""imbalance"": ""sqrt"", ""max_depth"": 24, ""max_features"": 1.0, ""max_samples"": 1.0, ""min_samples_leaf"": 20}",20260818,COMPLETE,,CONVERGED_NO_WARNINGS,10760,1986,0.1845724907063197,0.38901158914368922,0.75047078466521167,0.39200098017605306,0.058413529909552279,290.85328691493487,0.21672843822087881,0.0073567372151920885,random_forest|L|model_stage_v1__coarse__random_forest__010|seed=20260818
79,random_forest,Random Forest,model_stage_v1__coarse__random_forest__008,Random Forest | model_stage_v1__coarse__random_forest__008,L,"{""criterion"": ""log_loss"", ""imbalance"": ""sqrt"", ""max_depth"": 12, ""max_features"": ""sqrt"", ""max_samples"": 0.7, ""min_samples_leaf"": 5}",20260818,COMPLETE,,CONVERGED_NO_WARNINGS,10760,1986,0.1845724907063197,0.38845788473854892,0.75264356191999104,0.39311767060982805,0.06610352371367853,67.374791541020386,0.21617473381573851,0.0068030328100517901,random_forest|L|model_stage_v1__coarse__random_forest__008|seed=20260818
80,hist_gradient_boosting,HistGradientBoosting,model_stage_v1__coarse__hist_gradient_boosting__002,HistGradientBoosting | model_stage_v1__coarse__hist_gradient_boosting__002,L+D,"{""imbalance"": ""none"", ""l2_regularization"": 0.1, ""learning_rate"": 0.06, ""max_features"": 1.0, ""max_iter"": 150, ""max_leaf_nodes"": 15, ""min_samples_leaf"": 20}",20260818,COMPLETE,,CONVERGED_NO_WARNINGS,10760,1986,0.1845724907063197,0.38827698889384576,0.75229667852767412,0.3941937599801098,0.054282313650421472,13.298132542928215,0.21599383797103536,0.0066221369653486351,hist_gradient_boosting|L+D|model_stage_v1__coarse__hist_gradient_boosting__002|seed=20260818
81,hist_gradient_boosting,HistGradientBoosting,model_stage_v1__coarse__hist_gradient_boosting__015,HistGradientBoosting | model_stage_v1__coarse__hist_gradient_boosting__015,L+D+R,"{""imbalance"": ""sqrt"", ""l2_regularization"": 0.1, ""learning_rate"": 0.1, ""max_features"": 0.7, ""max_iter"": 150, ""max_leaf_nodes"": 31, ""min_samples_leaf"": 20}",20260818,COMPLETE,,CONVERGED_NO_WARNINGS,10760,1986,0.1845724907063197,0.38761340428080521,0.74461141370032435,0.3957385588290408,0.047879586490883259,15.276141416979954,0.2153302533579948,0.0059585523523080774,hist_gradient_boosting|L+D+R|model_stage_v1__coarse__hist_gradient_boosting__015|seed=20260818
82,random_forest,Random Forest,model_stage_v1__coarse__random_forest__001,Random Forest | model_stage_v1__coarse__random_forest__001,L+D,"{""criterion"": ""gini"", ""imbalance"": ""none"", ""max_depth"": 24, ""max_features"": ""sqrt"", ""max_samples"": 1.0, ""min_samples_leaf"": 1}",20260818,COMPLETE,,CONVERGED_NO_WARNINGS,10760,1986,0.1845724907063197,0.38746526592881686,0.75222695178076937,0.39142700452191415,0.066024596582850495,119.78075462416746,0.21518211500600645,0.0058104140003197302,random_forest|L+D|model_stage_v1__coarse__random_forest__001|seed=20260818
83,xgboost,XGBoost,model_stage_v1__coarse__xgboost__013,XGBoost | model_stage_v1__coarse__xgboost__013,L,"{""colsample_bytree"": 1.0, ""gamma"": 0.0, ""imbalance"": ""sqrt"", ""learning_rate"": 0.05, ""max_depth"": 2, ""min_child_weight"": 1, ""n_estimators"": 800, ""reg_alpha"": 0.01, ""reg_lambda"": 1.0, ""subsample"": 0.7}",20260818,COMPLETE,,CONVERGED_NO_WARNINGS,10760,1986,0.1845724907063197,0.38692939770884444,0.74980224002482854,0.38878104334451313,0.059583634938058141,13.190804292040411,0.21464624678603403,0.0052745457803473061,xgboost|L|model_stage_v1__coarse__xgboost__013|seed=20260818
84,hist_gradient_boosting,HistGradientBoosting,model_stage_v1__coarse__hist_gradient_boosting__011,HistGradientBoosting | model_stage_v1__coarse__hist_gradient_boosting__011,L,"{""imbalance"": ""none"", ""l2_regularization"": 10.0, ""learning_rate"": 0.1, ""max_features"": 0.7, ""max_iter"": 300, ""max_leaf_nodes"": 7, ""min_samples_leaf"": 20}",20260818,COMPLETE,,CONVERGED_NO_WARNINGS,10760,1986,0.1845724907063197,0.38689357373290628,0.75000880909930034,0.38951829514336267,0.062149113101709896,13.058114917075727,0.21461042281009587,0.0052387218044091521,hist_gradient_boosting|L|model_stage_v1__coarse__hist_gradient_boosting__011|seed=20260818
85,hist_gradient_boosting,HistGradientBoosting,model_stage_v1__coarse__hist_gradient_boosting__006,HistGradientBoosting | model_stage_v1__coarse__hist_gradient_boosting__006,L+D,"{""imbalance"": ""none"", ""l2_regularization"": 1.0, ""learning_rate"": 0.06, ""max_features"": 0.7, ""max_iter"": 300, ""max_leaf_nodes"": 15, ""min_samples_leaf"": 50}",20260818,COMPLETE,,CONVERGED_NO_WARNINGS,10760,1986,0.1845724907063197,0.3867882392314646,0.74817637297416539,0.39012996831117147,0.053796832594753631,15.659861083026044,0.2145050883086542,0.0051333873029674737,hist_gradient_boosting|L+D|model_stage_v1__coarse__hist_gradient_boosting__006|seed=20260818
86,random_forest,Random Forest,model_stage_v1__coarse__random_forest__006,Random Forest | model_stage_v1__coarse__random_forest__006,L,"{""criterion"": ""log_loss"", ""imbalance"": ""none"", ""max_depth"": 24, ""max_features"": ""sqrt"", ""max_samples"": 0.7, ""min_samples_leaf"": 1}",20260818,COMPLETE,,CONVERGED_NO_WARNINGS,10760,1986,0.1845724907063197,0.38672430289475035,0.74891963714086152,0.39110459536705861,0.053406615304277642,94.944475707947277,0.21444115197193994,0.0050694509662532194,random_forest|L|model_stage_v1__coarse__random_forest__006|seed=20260818
87,pytorch_mlp,MLP (PyTorch),model_stage_v1__coarse__pytorch_mlp__epochs_200__002,MLP (PyTorch) | model_stage_v1__coarse__pytorch_mlp__epochs_200__002,L,"{""activation"": ""relu"", ""batch_size"": 256, ""epochs"": 200, ""hidden_layer_sizes"": [64, 32], ""imbalance"": ""none"", ""learning_rate"": 0.001, ""weight_decay"": 0.0001}",20260818,COMPLETE,,CONVERGED_NO_WARNINGS,10760,1986,0.1845724907063197,0.38615092055009437,0.74593662360939617,0.38355737701031645,0.067093852736433299,52.853251459077001,0.21386776962728396,0.0044960686215972379,pytorch_mlp|L|model_stage_v1__coarse__pytorch_mlp__epochs_200__002|seed=20260818
88,pytorch_mlp,MLP (PyTorch),model_stage_v1__coarse__pytorch_mlp__epochs_200__006,MLP (PyTorch) | model_stage_v1__coarse__pytorch_mlp__epochs_200__006,L+D+R,"{""activation"": ""relu"", ""batch_size"": 64, ""epochs"": 200, ""hidden_layer_sizes"": [64], ""imbalance"": ""none"", ""learning_rate"": 0.0003, ""weight_decay"": 0.0001}",20260818,COMPLETE,,CONVERGED_NO_WARNINGS,10760,1986,0.1845724907063197,0.38601934495095674,0.73927390296010986,0.39005511550649508,0.05997135744988126,124.44763379095821,0.21373619402814634,0.0043644930224596146,pytorch_mlp|L+D+R|model_stage_v1__coarse__pytorch_mlp__epochs_200__006|seed=20260818
89,pytorch_mlp,MLP (PyTorch),model_stage_v1__coarse__pytorch_mlp__epochs_200__004,MLP (PyTorch) | model_stage_v1__coarse__pytorch_mlp__epochs_200__004,L,"{""activation"": ""relu"", ""batch_size"": 64, ""epochs"": 200, ""hidden_layer_sizes"": [32, 16], ""imbalance"": ""sqrt"", ""learning_rate"": 0.0003, ""weight_decay"": 0.0001}",20260818,COMPLETE,,CONVERGED_NO_WARNINGS,10760,1986,0.1845724907063197,0.38583429731742191,0.74740748494533538,0.38735656264153007,0.059222955027783512,149.97747645707568,0.21355114639461151,0.0041794453889247851,pytorch_mlp|L|model_stage_v1__coarse__pytorch_mlp__epochs_200__004|seed=20260818
90,pytorch_mlp,MLP (PyTorch),model_stage_v1__coarse__pytorch_mlp__epochs_200__004,MLP (PyTorch) | model_stage_v1__coarse__pytorch_mlp__epochs_200__004,L+D,"{""activation"": ""relu"", ""batch_size"": 64, ""epochs"": 200, ""hidden_layer_sizes"": [32, 16], ""imbalance"": ""sqrt"", ""learning_rate"": 0.0003, ""weight_decay"": 0.0001}",20260818,COMPLETE,,CONVERGED_NO_WARNINGS,10760,1986,0.1845724907063197,0.38544647877866656,0.73940776109768613,0.38841401118450153,0.054163802013717462,149.38867004093481,0.21316332785585615,0.0037916268501694272,pytorch_mlp|L+D|model_stage_v1__coarse__pytorch_mlp__epochs_200__004|seed=20260818
91,hist_gradient_boosting,HistGradientBoosting,model_stage_v1__coarse__hist_gradient_boosting__013,HistGradientBoosting | model_stage_v1__coarse__hist_gradient_boosting__013,L+D+R,"{""imbalance"": ""sqrt"", ""l2_regularization"": 0.0, ""learning_rate"": 0.1, ""max_features"": 0.7, ""max_iter"": 300, ""max_leaf_nodes"": 15, ""min_samples_leaf"": 100}",20260818,COMPLETE,,CONVERGED_NO_WARNINGS,10760,1986,0.1845724907063197,0.38503944390337808,0.74126923568696412,0.393214495822721,0.041973988225833973,17.33378804201493,0.21275629298056767,0.0033845919748809461,hist_gradient_boosting|L+D+R|model_stage_v1__coarse__hist_gradient_boosting__013|seed=20260818
92,hist_gradient_boosting,HistGradientBoosting,model_stage_v1__coarse__hist_gradient_boosting__008,HistGradientBoosting | model_stage_v1__coarse__hist_gradient_boosting__008,L+D+R,"{""imbalance"": ""none"", ""l2_regularization"": 1.0, ""learning_rate"": 0.1, ""max_features"": 1.0, ""max_iter"": 150, ""max_leaf_nodes"": 31, ""min_samples_leaf"": 20}",20260818,COMPLETE,,CONVERGED_NO_WARNINGS,10760,1986,0.1845724907063197,0.38489326049199762,0.74488162636518085,0.38945301613946598,0.053304580769961959,15.250891332980245,0.21261010956918722,0.0032384085635004944,hist_gradient_boosting|L+D+R|model_stage_v1__coarse__hist_gradient_boosting__008|seed=20260818
93,hist_gradient_boosting,HistGradientBoosting,model_stage_v1__coarse__hist_gradient_boosting__014,HistGradientBoosting | model_stage_v1__coarse__hist_gradient_boosting__014,L+D,"{""imbalance"": ""sqrt"", ""l2_regularization"": 0.1, ""learning_rate"": 0.06, ""max_features"": 1.0, ""max_iter"": 300, ""max_leaf_nodes"": 15, ""min_samples_leaf"": 100}",20260818,COMPLETE,,CONVERGED_NO_WARNINGS,10760,1986,0.1845724907063197,0.38424343273331835,0.74556486240244291,0.38913043236453665,0.052194597640982006,16.004098457109649,0.21196028181050794,0.0025885808048212167,hist_gradient_boosting|L+D|model_stage_v1__coarse__hist_gradient_boosting__014|seed=20260818
94,random_forest,Random Forest,model_stage_v1__coarse__random_forest__001,Random Forest | model_stage_v1__coarse__random_forest__001,L,"{""criterion"": ""gini"", ""imbalance"": ""none"", ""max_depth"": 24, ""max_features"": ""sqrt"", ""max_samples"": 1.0, ""min_samples_leaf"": 1}",20260818,COMPLETE,,CONVERGED_NO_WARNINGS,10760,1986,0.1845724907063197,0.38423582120440186,0.74581326752505728,0.3873577058128102,0.053323084471435744,97.60033508297056,0.21195267028159145,0.002580969275904732,random_forest|L|model_stage_v1__coarse__random_forest__001|seed=20260818
95,pytorch_mlp,MLP (PyTorch),model_stage_v1__coarse__pytorch_mlp__epochs_200__007,MLP (PyTorch) | model_stage_v1__coarse__pytorch_mlp__epochs_200__007,L+D,"{""activation"": ""tanh"", ""batch_size"": 256, ""epochs"": 200, ""hidden_layer_sizes"": [16], ""imbalance"": ""none"", ""learning_rate"": 0.001, ""weight_decay"": 0.0001}",20260818,COMPLETE,,CONVERGED_NO_WARNINGS,10760,1986,0.1845724907063197,0.38413398774616614,0.74403182087697994,0.38887813739718807,0.055161104085550021,43.521816583932377,0.21185083682335573,0.0024791358176690093,pytorch_mlp|L+D|model_stage_v1__coarse__pytorch_mlp__epochs_200__007|seed=20260818
96,hist_gradient_boosting,HistGradientBoosting,model_stage_v1__coarse__hist_gradient_boosting__006,HistGradientBoosting | model_stage_v1__coarse__hist_gradient_boosting__006,L,"{""imbalance"": ""none"", ""l2_regularization"": 1.0, ""learning_rate"": 0.06, ""max_features"": 0.7, ""max_iter"": 300, ""max_leaf_nodes"": 15, ""min_samples_leaf"": 50}",20260818,COMPLETE,,CONVERGED_NO_WARNINGS,10760,1986,0.1845724907063197,0.38409105503766,0.74677802171618013,0.38577317557966889,0.061374866418336324,14.131188417086378,0.21180790411484959,0.0024362031091628711,hist_gradient_boosting|L|model_stage_v1__coarse__hist_gradient_boosting__006|seed=20260818
97,hist_gradient_boosting,HistGradientBoosting,model_stage_v1__coarse__hist_gradient_boosting__002,HistGradientBoosting | model_stage_v1__coarse__hist_gradient_boosting__002,L,"{""imbalance"": ""none"", ""l2_regularization"": 0.1, ""learning_rate"": 0.06, ""max_features"": 1.0, ""max_iter"": 150, ""max_leaf_nodes"": 15, ""min_samples_leaf"": 20}",20260818,COMPLETE,,CONVERGED_NO_WARNINGS,10760,1986,0.1845724907063197,0.38406964694779183,0.74892345346075362,0.38658756740372874,0.059888429122926509,12.25588399998378,0.21178649602498142,0.0024147950192947021,hist_gradient_boosting|L|model_stage_v1__coarse__hist_gradient_boosting__002|seed=20260818
98,xgboost,XGBoost,model_stage_v1__coarse__xgboost__011,XGBoost | model_stage_v1__coarse__xgboost__011,L,"{""colsample_bytree"": 0.7, ""gamma"": 0.1, ""imbalance"": ""sqrt"", ""learning_rate"": 0.1, ""max_depth"": 5, ""min_child_weight"": 5, ""n_estimators"": 200, ""reg_alpha"": 0.1, ""reg_lambda"": 20.0, ""subsample"": 1.0}",20260818,COMPLETE,,CONVERGED_NO_WARNINGS,10760,1986,0.1845724907063197,0.38397058015752061,0.74726760103950818,0.3864597366908899,0.057508346239792188,11.554030251048971,0.21168742923471021,0.0023157282290234837,xgboost|L|model_stage_v1__coarse__xgboost__011|seed=20260818
99,hist_gradient_boosting,HistGradientBoosting,model_stage_v1__coarse__hist_gradient_boosting__014,HistGradientBoosting | model_stage_v1__coarse__hist_gradient_boosting__014,L,"{""imbalance"": ""sqrt"", ""l2_regularization"": 0.1, ""learning_rate"": 0.06, ""max_features"": 1.0, ""max_iter"": 300, ""max_leaf_nodes"": 15, ""min_samples_leaf"": 100}",20260818,COMPLETE,,CONVERGED_NO_WARNINGS,10760,1986,0.1845724907063197,0.38387341634042699,0.74542503588488473,0.38571309879265198,0.056566575691359373,14.253244958934374,0.21159026541761658,0.0022185644119298575,hist_gradient_boosting|L|model_stage_v1__coarse__hist_gradient_boosting__014|seed=20260818
100,hist_gradient_boosting,HistGradientBoosting,model_stage_v1__coarse__hist_gradient_boosting__012,HistGradientBoosting | model_stage_v1__coarse__hist_gradient_boosting__012,L+D,"{""imbalance"": ""sqrt"", ""l2_regularization"": 0.0, ""learning_rate"": 0.1, ""max_features"": 0.7, ""max_iter"": 150, ""max_leaf_nodes"": 15, ""min_samples_leaf"": 20}",20260818,COMPLETE,,CONVERGED_NO_WARNINGS,10760,1986,0.1845724907063197,0.3838524349908165,0.7471396825877793,0.38588795726679354,0.060673570325722619,13.158306457975414,0.2115692840680061,0.0021975830623193748,hist_gradient_boosting|L+D|model_stage_v1__coarse__hist_gradient_boosting__012|seed=20260818
101,hist_gradient_boosting,HistGradientBoosting,model_stage_v1__coarse__hist_gradient_boosting__001,HistGradientBoosting | model_stage_v1__coarse__hist_gradient_boosting__001,L+D+R,"{""imbalance"": ""none"", ""l2_regularization"": 0.0, ""learning_rate"": 0.1, ""max_features"": 0.7, ""max_iter"": 300, ""max_leaf_nodes"": 15, ""min_samples_leaf"": 50}",20260818,COMPLETE,,CONVERGED_NO_WARNINGS,10760,1986,0.1845724907063197,0.38361945258982827,0.74304058199968726,0.38928704672743009,0.047392362173583759,16.917080123967025,0.21133630166701786,0.0019646006613311395,hist_gradient_boosting|L+D+R|model_stage_v1__coarse__hist_gradient_boosting__001|seed=20260818
102,rbf_svm,SVM RBF,model_stage_v1__coarse__rbf_svm__010,SVM RBF | model_stage_v1__coarse__rbf_svm__010,L+D+R,"{""C"": 10.0, ""gamma"": 0.01, ""imbalance"": ""sqrt""}",20260818,COMPLETE,,CONVERGED_NO_WARNINGS,10760,1986,0.1845724907063197,0.38347950200503378,0.71579670641837279,0.39242091610618762,0.063547359952779922,40.958099167968612,0.21119635108222337,0.0018246500765366491,rbf_svm|L+D+R|model_stage_v1__coarse__rbf_svm__010|seed=20260818
103,hist_gradient_boosting,HistGradientBoosting,model_stage_v1__coarse__hist_gradient_boosting__003,HistGradientBoosting | model_stage_v1__coarse__hist_gradient_boosting__003,L+D,"{""imbalance"": ""none"", ""l2_regularization"": 0.1, ""learning_rate"": 0.1, ""max_features"": 0.7, ""max_iter"": 150, ""max_leaf_nodes"": 15, ""min_samples_leaf"": 20}",20260818,COMPLETE,,CONVERGED_NO_WARNINGS,10760,1986,0.1845724907063197,0.38338801328494176,0.74761310711336781,0.38837913984575451,0.053574308713918342,13.189357417053543,0.21110486236213136,0.0017331613564446346,hist_gradient_boosting|L+D|model_stage_v1__coarse__hist_gradient_boosting__003|seed=20260818
104,pytorch_mlp,MLP (PyTorch),model_stage_v1__coarse__pytorch_mlp__epochs_200__005,MLP (PyTorch) | model_stage_v1__coarse__pytorch_mlp__epochs_200__005,L+D+R,"{""activation"": ""relu"", ""batch_size"": 64, ""epochs"": 200, ""hidden_layer_sizes"": [64, 32], ""imbalance"": ""none"", ""learning_rate"": 0.0003, ""weight_decay"": 0.001}",20260818,COMPLETE,,CONVERGED_NO_WARNINGS,10760,1986,0.1845724907063197,0.38337223583489594,0.74152007981101353,0.39056461785139834,0.054825628582651775,158.68213154195109,0.21108908491208553,0.0017173839063988061,pytorch_mlp|L+D+R|model_stage_v1__coarse__pytorch_mlp__epochs_200__005|seed=20260818
105,random_forest,Random Forest,model_stage_v1__coarse__random_forest__002,Random Forest | model_stage_v1__coarse__random_forest__002,L+D,"{""criterion"": ""gini"", ""imbalance"": ""none"", ""max_depth"": 24, ""max_features"": 1.0, ""max_samples"": 0.7, ""min_samples_leaf"": 1}",20260818,COMPLETE,,CONVERGED_NO_WARNINGS,10760,1986,0.1845724907063197,0.38319975191157329,0.7476509833709456,0.38795511829322155,0.069090038305286303,438.72447395796189,0.21091660098876289,0.0015448999830761645,random_forest|L+D|model_stage_v1__coarse__random_forest__002|seed=20260818
106,pytorch_mlp,MLP (PyTorch),model_stage_v1__coarse__pytorch_mlp__epochs_200__010,MLP (PyTorch) | model_stage_v1__coarse__pytorch_mlp__epochs_200__010,L+D,"{""activation"": ""tanh"", ""batch_size"": 256, ""epochs"": 200, ""hidden_layer_sizes"": [64, 32], ""imbalance"": ""none"", ""learning_rate"": 0.0003, ""weight_decay"": 0.0001}",20260818,COMPLETE,,CONVERGED_NO_WARNINGS,10760,1986,0.1845724907063197,0.38284903870904086,0.74364605693237662,0.38931775321605627,0.051856798870959869,69.620461457932834,0.21056588778623045,0.0011941867805437267,pytorch_mlp|L+D|model_stage_v1__coarse__pytorch_mlp__epochs_200__010|seed=20260818
107,pytorch_mlp,MLP (PyTorch),model_stage_v1__coarse__pytorch_mlp__epochs_200__010,MLP (PyTorch) | model_stage_v1__coarse__pytorch_mlp__epochs_200__010,L,"{""activation"": ""tanh"", ""batch_size"": 256, ""epochs"": 200, ""hidden_layer_sizes"": [64, 32], ""imbalance"": ""none"", ""learning_rate"": 0.0003, ""weight_decay"": 0.0001}",20260818,COMPLETE,,CONVERGED_NO_WARNINGS,10760,1986,0.1845724907063197,0.38280045317309974,0.74719491879674704,0.38567432046535993,0.069183805820339214,70.143571041931864,0.21051730225028933,0.001145601244602612,pytorch_mlp|L|model_stage_v1__coarse__pytorch_mlp__epochs_200__010|seed=20260818
108,pytorch_mlp,MLP (PyTorch),model_stage_v1__coarse__pytorch_mlp__epochs_200__009,MLP (PyTorch) | model_stage_v1__coarse__pytorch_mlp__epochs_200__009,L+D+R,"{""activation"": ""tanh"", ""batch_size"": 256, ""epochs"": 200, ""hidden_layer_sizes"": [32], ""imbalance"": ""none"", ""learning_rate"": 0.0003, ""weight_decay"": 1e-05}",20260818,COMPLETE,,CONVERGED_NO_WARNINGS,10760,1986,0.1845724907063197,0.38278483543408182,0.74409342718381311,0.38844224726925131,0.05742762695697589,47.64044583303621,0.21050168451127141,0.0011299835055846863,pytorch_mlp|L+D+R|model_stage_v1__coarse__pytorch_mlp__epochs_200__009|seed=20260818
109,xgboost,XGBoost,model_stage_v1__coarse__xgboost__011,XGBoost | model_stage_v1__coarse__xgboost__011,L+D,"{""colsample_bytree"": 0.7, ""gamma"": 0.1, ""imbalance"": ""sqrt"", ""learning_rate"": 0.1, ""max_depth"": 5, ""min_child_weight"": 5, ""n_estimators"": 200, ""reg_alpha"": 0.1, ""reg_lambda"": 20.0, ""subsample"": 1.0}",20260818,COMPLETE,,CONVERGED_NO_WARNINGS,10760,1986,0.1845724907063197,0.3826499040117548,0.74630634753279801,0.38831312641411625,0.058819478588683194,12.242621918034274,0.2103667530889444,0.0009950520832576748,xgboost|L+D|model_stage_v1__coarse__xgboost__011|seed=20260818
110,pytorch_mlp,MLP (PyTorch),model_stage_v1__coarse__pytorch_mlp__epochs_200__012,MLP (PyTorch) | model_stage_v1__coarse__pytorch_mlp__epochs_200__012,L,"{""activation"": ""tanh"", ""batch_size"": 64, ""epochs"": 200, ""hidden_layer_sizes"": [64, 32], ""imbalance"": ""sqrt"", ""learning_rate"": 0.001, ""weight_decay"": 0.0001}",20260818,COMPLETE,,CONVERGED_NO_WARNINGS,10760,1986,0.1845724907063197,0.38254578714594573,0.74363822343365027,0.38191526783163937,0.06629228690259184,171.26988079305738,0.21026263622313532,0.00089093521744859627,pytorch_mlp|L|model_stage_v1__coarse__pytorch_mlp__epochs_200__012|seed=20260818
111,random_forest,Random Forest,model_stage_v1__coarse__random_forest__009,Random Forest | model_stage_v1__coarse__random_forest__009,L+D,"{""criterion"": ""log_loss"", ""imbalance"": ""sqrt"", ""max_depth"": 24, ""max_features"": 0.5, ""max_samples"": 1.0, ""min_samples_leaf"": 1}",20260818,COMPLETE,,CONVERGED_NO_WARNINGS,10760,1986,0.1845724907063197,0.38238174875374142,0.74698944009938728,0.38776247985125051,0.068451103171264474,321.81468695809599,0.21009859783093102,0.00072689682524429422,random_forest|L+D|model_stage_v1__coarse__random_forest__009|seed=20260818
112,xgboost,XGBoost,model_stage_v1__coarse__xgboost__007,XGBoost | model_stage_v1__coarse__xgboost__007,L+D,"{""colsample_bytree"": 0.7, ""gamma"": 0.1, ""imbalance"": ""none"", ""learning_rate"": 0.1, ""max_depth"": 5, ""min_child_weight"": 5, ""n_estimators"": 200, ""reg_alpha"": 0.1, ""reg_lambda"": 20.0, ""subsample"": 0.7}",20260818,COMPLETE,,CONVERGED_NO_WARNINGS,10760,1986,0.1845724907063197,0.38229505565466926,0.74867823338707173,0.38833732708426788,0.059174302510194766,12.438487498962786,0.21001190473185885,0.00064020372617212828,xgboost|L+D|model_stage_v1__coarse__xgboost__007|seed=20260818
113,elastic_net_logistic,Regresja logistyczna Elastic Net,model_stage_v1__coarse__elastic_net_logistic__003,Regresja logistyczna Elastic Net | model_stage_v1__coarse__elastic_net_logistic__003,L+D+R,"{""C"": 0.01, ""imbalance"": ""sqrt"", ""l1_ratio"": 0.25}",20260818,COMPLETE,,CONVERGED_NO_WARNINGS,10760,1986,0.1845724907063197,0.38182471722566119,0.74013398094847205,0.38274531174576581,0.054005408772640463,11.293499415973201,0.20954156630285078,0.0001698652971640624,elastic_net_logistic|L+D+R|model_stage_v1__coarse__elastic_net_logistic__003|seed=20260818
114,rbf_svm,SVM RBF,model_stage_v1__coarse__rbf_svm__001,SVM RBF | model_stage_v1__coarse__rbf_svm__001,L+D+R,"{""C"": 0.1, ""gamma"": 0.01, ""imbalance"": ""sqrt""}",20260818,COMPLETE,,CONVERGED_NO_WARNINGS,10760,1986,0.1845724907063197,0.3818094828690331,0.73107581656046394,0.38491751260889601,0.06933297125663683,46.79155458410969,0.20952633194622269,0.00015463094053597137,rbf_svm|L+D+R|model_stage_v1__coarse__rbf_svm__001|seed=20260818
115,pytorch_mlp,MLP (PyTorch),model_stage_v1__coarse__pytorch_mlp__epochs_200__001,MLP (PyTorch) | model_stage_v1__coarse__pytorch_mlp__epochs_200__001,L,"{""activation"": ""relu"", ""batch_size"": 256, ""epochs"": 200, ""hidden_layer_sizes"": [64, 32], ""imbalance"": ""none"", ""learning_rate"": 0.0003, ""weight_decay"": 0.001}",20260818,COMPLETE,,CONVERGED_NO_WARNINGS,10760,1986,0.1845724907063197,0.38178806012792627,0.74474300500127288,0.38316773157680117,0.065707205554167258,54.614898917905521,0.20950490920511586,0.00013320819942913564,pytorch_mlp|L|model_stage_v1__coarse__pytorch_mlp__epochs_200__001|seed=20260818
116,elastic_net_logistic,Regresja logistyczna Elastic Net,model_stage_v1__coarse__elastic_net_logistic__006,Regresja logistyczna Elastic Net | model_stage_v1__coarse__elastic_net_logistic__006,L+D+R,"{""C"": 0.1, ""imbalance"": ""sqrt"", ""l1_ratio"": 0.0}",20260818,COMPLETE,,CONVERGED_NO_WARNINGS,10760,1986,0.1845724907063197,0.38175523198768058,0.73903511037256231,0.38288696096614405,0.052739941137267925,13.685478708997834,0.20947208106487017,0.00010038005918344695,elastic_net_logistic|L+D+R|model_stage_v1__coarse__elastic_net_logistic__006|seed=20260818
117,fixed_l2_logistic,Regresja logistyczna fixed L2,model_stage_v1__coarse__fixed_l2_logistic__002,Regresja logistyczna fixed L2 | model_stage_v1__coarse__fixed_l2_logistic__002,L+D+R,"{""C"": 1.0, ""imbalance"": ""sqrt""}",20260818,COMPLETE,,CONVERGED_NO_WARNINGS,10760,1986,0.1845724907063197,0.38165485192849713,0.73870392267183238,0.3825843800394651,0.051957661286278309,11.302934542065486,0.20937170100568672,0,fixed_l2_logistic|L+D+R|model_stage_v1__coarse__fixed_l2_logistic__002|seed=20260818
118,pytorch_mlp,MLP (PyTorch),model_stage_v1__coarse__pytorch_mlp__epochs_200__006,MLP (PyTorch) | model_stage_v1__coarse__pytorch_mlp__epochs_200__006,L,"{""activation"": ""relu"", ""batch_size"": 64, ""epochs"": 200, ""hidden_layer_sizes"": [64], ""imbalance"": ""none"", ""learning_rate"": 0.0003, ""weight_decay"": 0.0001}",20260818,COMPLETE,,CONVERGED_NO_WARNINGS,10760,1986,0.1845724907063197,0.38156237506825313,0.74710407316682936,0.3841171418000171,0.067470705028244246,118.12227816594532,0.20927922414544273,-9.2476860243995151e-05,pytorch_mlp|L|model_stage_v1__coarse__pytorch_mlp__epochs_200__006|seed=20260818
119,rbf_svm,SVM RBF,model_stage_v1__coarse__rbf_svm__003,SVM RBF | model_stage_v1__coarse__rbf_svm__003,L+D,"{""C"": 1.0, ""gamma"": ""scale"", ""imbalance"": ""sqrt""}",20260818,COMPLETE,,CONVERGED_NO_WARNINGS,10760,1986,0.1845724907063197,0.38149207212168734,0.72519297379353209,0.388771580267605,0.060256249391610325,38.06580354104517,0.20920892119887693,-0.00016277980680978743,rbf_svm|L+D|model_stage_v1__coarse__rbf_svm__003|seed=20260818
120,elastic_net_logistic,Regresja logistyczna Elastic Net,model_stage_v1__coarse__elastic_net_logistic__005,Regresja logistyczna Elastic Net | model_stage_v1__coarse__elastic_net_logistic__005,L+D+R,"{""C"": 0.1, ""imbalance"": ""none"", ""l1_ratio"": 1.0}",20260818,COMPLETE,,CONVERGED_NO_WARNINGS,10760,1986,0.1845724907063197,0.38125639699638592,0.73882478236646731,0.38367057764345613,0.054334364634120461,15.690598373941611,0.20897324607357551,-0.00039845493211121408,elastic_net_logistic|L+D+R|model_stage_v1__coarse__elastic_net_logistic__005|seed=20260818
121,elastic_net_logistic,Regresja logistyczna Elastic Net,model_stage_v1__coarse__elastic_net_logistic__009,Regresja logistyczna Elastic Net | model_stage_v1__coarse__elastic_net_logistic__009,L+D+R,"{""C"": 1.0, ""imbalance"": ""sqrt"", ""l1_ratio"": 1.0}",20260818,COMPLETE,,CONVERGED_NO_WARNINGS,10760,1986,0.1845724907063197,0.38121746493692849,0.73864154162336737,0.3826998009305515,0.052236632034575591,53.789663748990279,0.20893431401411808,-0.00043738699156864458,elastic_net_logistic|L+D+R|model_stage_v1__coarse__elastic_net_logistic__009|seed=20260818
122,rbf_svm,SVM RBF,model_stage_v1__coarse__rbf_svm__010,SVM RBF | model_stage_v1__coarse__rbf_svm__010,L+D,"{""C"": 10.0, ""gamma"": 0.01, ""imbalance"": ""sqrt""}",20260818,COMPLETE,,CONVERGED_NO_WARNINGS,10760,1986,0.1845724907063197,0.3809156045631088,0.71879951890266292,0.38561430904557542,0.052686210780311674,39.107647207041737,0.20863245364029839,-0.00073924736538832914,rbf_svm|L+D|model_stage_v1__coarse__rbf_svm__010|seed=20260818
123,pytorch_mlp,MLP (PyTorch),model_stage_v1__coarse__pytorch_mlp__epochs_200__003,MLP (PyTorch) | model_stage_v1__coarse__pytorch_mlp__epochs_200__003,L,"{""activation"": ""relu"", ""batch_size"": 256, ""epochs"": 200, ""hidden_layer_sizes"": [64], ""imbalance"": ""sqrt"", ""learning_rate"": 0.0003, ""weight_decay"": 0.001}",20260818,COMPLETE,,CONVERGED_NO_WARNINGS,10760,1986,0.1845724907063197,0.38087363690292292,0.74438484481408618,0.38078716989478462,0.064072528500706313,42.44237879110733,0.20859048598011251,-0.00078121502557421119,pytorch_mlp|L|model_stage_v1__coarse__pytorch_mlp__epochs_200__003|seed=20260818
124,hist_gradient_boosting,HistGradientBoosting,model_stage_v1__coarse__hist_gradient_boosting__003,HistGradientBoosting | model_stage_v1__coarse__hist_gradient_boosting__003,L,"{""imbalance"": ""none"", ""l2_regularization"": 0.1, ""learning_rate"": 0.1, ""max_features"": 0.7, ""max_iter"": 150, ""max_leaf_nodes"": 15, ""min_samples_leaf"": 20}",20260818,COMPLETE,,CONVERGED_NO_WARNINGS,10760,1986,0.1845724907063197,0.38087345264882,0.74525071901762296,0.38249325937680823,0.054605980976291803,12.267873000004329,0.20859030172600959,-0.00078139927967713074,hist_gradient_boosting|L|model_stage_v1__coarse__hist_gradient_boosting__003|seed=20260818
125,fixed_l2_logistic,Regresja logistyczna fixed L2,model_stage_v1__coarse__fixed_l2_logistic__001,Regresja logistyczna fixed L2 | model_stage_v1__coarse__fixed_l2_logistic__001,L+D+R,"{""C"": 1.0, ""imbalance"": ""none""}",20260818,COMPLETE,,CONVERGED_NO_WARNINGS,10760,1986,0.1845724907063197,0.38077433909090347,0.73770112005832478,0.38324412418310455,0.052427772577976442,13.082893665938172,0.20849118816809306,-0.00088051283759366106,fixed_l2_logistic|L+D+R|model_stage_v1__coarse__fixed_l2_logistic__001|seed=20260818
126,pytorch_mlp,MLP (PyTorch),model_stage_v1__coarse__pytorch_mlp__epochs_200__009,MLP (PyTorch) | model_stage_v1__coarse__pytorch_mlp__epochs_200__009,L+D,"{""activation"": ""tanh"", ""batch_size"": 256, ""epochs"": 200, ""hidden_layer_sizes"": [32], ""imbalance"": ""none"", ""learning_rate"": 0.0003, ""weight_decay"": 1e-05}",20260818,COMPLETE,,CONVERGED_NO_WARNINGS,10760,1986,0.1845724907063197,0.38070740931824093,0.74314442607254649,0.38689181081232332,0.049039252280261882,46.294447249965742,0.20842425839543052,-0.00094744261025619947,pytorch_mlp|L+D|model_stage_v1__coarse__pytorch_mlp__epochs_200__009|seed=20260818
127,hist_gradient_boosting,HistGradientBoosting,model_stage_v1__coarse__hist_gradient_boosting__012,HistGradientBoosting | model_stage_v1__coarse__hist_gradient_boosting__012,L,"{""imbalance"": ""sqrt"", ""l2_regularization"": 0.0, ""learning_rate"": 0.1, ""max_features"": 0.7, ""max_iter"": 150, ""max_leaf_nodes"": 15, ""min_samples_leaf"": 20}",20260818,COMPLETE,,CONVERGED_NO_WARNINGS,10760,1986,0.1845724907063197,0.38063862592422243,0.74533932650504764,0.38212320715296982,0.057749303203023197,12.22878958308138,0.20835547500141202,-0.0010162260042747007,hist_gradient_boosting|L|model_stage_v1__coarse__hist_gradient_boosting__012|seed=20260818
128,elastic_net_logistic,Regresja logistyczna Elastic Net,model_stage_v1__coarse__elastic_net_logistic__011,Regresja logistyczna Elastic Net | model_stage_v1__coarse__elastic_net_logistic__011,L+D+R,"{""C"": 100.0, ""imbalance"": ""sqrt"", ""l1_ratio"": 0.0}",20260818,COMPLETE,,CONVERGED_NO_WARNINGS,10760,1986,0.1845724907063197,0.38061662666115914,0.7379816913057462,0.38167528950488983,0.049528619862131244,90.399745290982537,0.20833347573834873,-0.0010382252673379888,elastic_net_logistic|L+D+R|model_stage_v1__coarse__elastic_net_logistic__011|seed=20260818
129,elastic_net_logistic,Regresja logistyczna Elastic Net,model_stage_v1__coarse__elastic_net_logistic__012,Regresja logistyczna Elastic Net | model_stage_v1__coarse__elastic_net_logistic__012,L+D+R,"{""C"": 100.0, ""imbalance"": ""sqrt"", ""l1_ratio"": 0.75}",20260818,COMPLETE,,CONVERGED_NO_WARNINGS,10760,1986,0.1845724907063197,0.38060538162016694,0.73795747345620388,0.38165264949691963,0.049555494378135265,136.65402750007343,0.20832223069735653,-0.0010494703083301915,elastic_net_logistic|L+D+R|model_stage_v1__coarse__elastic_net_logistic__012|seed=20260818
130,elastic_net_logistic,Regresja logistyczna Elastic Net,model_stage_v1__coarse__elastic_net_logistic__007,Regresja logistyczna Elastic Net | model_stage_v1__coarse__elastic_net_logistic__007,L+D+R,"{""C"": 1.0, ""imbalance"": ""none"", ""l1_ratio"": 0.25}",20260818,COMPLETE,,CONVERGED_NO_WARNINGS,10760,1986,0.1845724907063197,0.38057698934621137,0.73769474996045947,0.38314049844335973,0.052496586758041974,45.995293375046458,0.20829383842340096,-0.0010778625822857602,elastic_net_logistic|L+D+R|model_stage_v1__coarse__elastic_net_logistic__007|seed=20260818
131,elastic_net_logistic,Regresja logistyczna Elastic Net,model_stage_v1__coarse__elastic_net_logistic__010,Regresja logistyczna Elastic Net | model_stage_v1__coarse__elastic_net_logistic__010,L+D+R,"{""C"": 10.0, ""imbalance"": ""none"", ""l1_ratio"": 0.25}",20260818,COMPLETE,,CONVERGED_NO_WARNINGS,10760,1986,0.1845724907063197,0.38049501715552841,0.73747013227536917,0.38242873924233772,0.051815837820637173,115.01033866702346,0.20821186623271801,-0.0011598347729687153,elastic_net_logistic|L+D+R|model_stage_v1__coarse__elastic_net_logistic__010|seed=20260818
132,pytorch_mlp,MLP (PyTorch),model_stage_v1__coarse__pytorch_mlp__epochs_200__004,MLP (PyTorch) | model_stage_v1__coarse__pytorch_mlp__epochs_200__004,L+D+R,"{""activation"": ""relu"", ""batch_size"": 64, ""epochs"": 200, ""hidden_layer_sizes"": [32, 16], ""imbalance"": ""sqrt"", ""learning_rate"": 0.0003, ""weight_decay"": 0.0001}",20260818,COMPLETE,,CONVERGED_NO_WARNINGS,10760,1986,0.1845724907063197,0.38033611723302618,0.73540340854180775,0.38955284244740812,0.053657034033311686,151.10605216701515,0.20805296631021578,-0.0013187346954709467,pytorch_mlp|L+D+R|model_stage_v1__coarse__pytorch_mlp__epochs_200__004|seed=20260818
133,elastic_net_logistic,Regresja logistyczna Elastic Net,model_stage_v1__coarse__elastic_net_logistic__008,Regresja logistyczna Elastic Net | model_stage_v1__coarse__elastic_net_logistic__008,L+D+R,"{""C"": 1.0, ""imbalance"": ""none"", ""l1_ratio"": 1.0}",20260818,COMPLETE,,CONVERGED_NO_WARNINGS,10760,1986,0.1845724907063197,0.38031564448889454,0.73768596955529375,0.38303305568173668,0.052794508727228281,44.071619791036937,0.20803249356608414,-0.0013392074396025855,elastic_net_logistic|L+D+R|model_stage_v1__coarse__elastic_net_logistic__008|seed=20260818
134,rbf_svm,SVM RBF,model_stage_v1__coarse__rbf_svm__004,SVM RBF | model_stage_v1__coarse__rbf_svm__004,L+D,"{""C"": 1.0, ""gamma"": 0.01, ""imbalance"": ""sqrt""}",20260818,COMPLETE,,CONVERGED_NO_WARNINGS,10760,1986,0.1845724907063197,0.38014277137683822,0.72689396208839119,0.3855162570004867,0.054584735359276375,35.98329304199433,0.20785962045402781,-0.001512080551658912,rbf_svm|L+D|model_stage_v1__coarse__rbf_svm__004|seed=20260818
135,random_forest,Random Forest,model_stage_v1__coarse__random_forest__002,Random Forest | model_stage_v1__coarse__random_forest__002,L,"{""criterion"": ""gini"", ""imbalance"": ""none"", ""max_depth"": 24, ""max_features"": 1.0, ""max_samples"": 0.7, ""min_samples_leaf"": 1}",20260818,COMPLETE,,CONVERGED_NO_WARNINGS,10760,1986,0.1845724907063197,0.38001384571467972,0.74429270794811464,0.38338592612839367,0.054158851192779328,260.84212445904268,0.20773069479186931,-0.0016410062138174086,random_forest|L|model_stage_v1__coarse__random_forest__002|seed=20260818
136,random_forest,Random Forest,model_stage_v1__coarse__random_forest__005,Random Forest | model_stage_v1__coarse__random_forest__005,L+D+R,"{""criterion"": ""gini"", ""imbalance"": ""sqrt"", ""max_depth"": 24, ""max_features"": 1.0, ""max_samples"": 1.0, ""min_samples_leaf"": 1}",20260818,COMPLETE,,CONVERGED_NO_WARNINGS,10760,1986,0.1845724907063197,0.37963141181796523,0.74752670907430208,0.3862752276865255,0.072925252742826879,719.73199420596939,0.20734826089515482,-0.0020234401105319044,random_forest|L+D+R|model_stage_v1__coarse__random_forest__005|seed=20260818
137,xgboost,XGBoost,model_stage_v1__coarse__xgboost__010,XGBoost | model_stage_v1__coarse__xgboost__010,L+D+R,"{""colsample_bytree"": 0.7, ""gamma"": 0.1, ""imbalance"": ""sqrt"", ""learning_rate"": 0.1, ""max_depth"": 3, ""min_child_weight"": 20, ""n_estimators"": 800, ""reg_alpha"": 0.0, ""reg_lambda"": 5.0, ""subsample"": 1.0}",20260818,COMPLETE,,CONVERGED_NO_WARNINGS,10760,1986,0.1845724907063197,0.37958342205616508,0.7379314765703211,0.38339240211960063,0.05856249362420974,14.940856376022566,0.20730027113335467,-0.0020714298723320534,xgboost|L+D+R|model_stage_v1__coarse__xgboost__010|seed=20260818
138,pytorch_mlp,MLP (PyTorch),model_stage_v1__coarse__pytorch_mlp__epochs_200__009,MLP (PyTorch) | model_stage_v1__coarse__pytorch_mlp__epochs_200__009,L,"{""activation"": ""tanh"", ""batch_size"": 256, ""epochs"": 200, ""hidden_layer_sizes"": [32], ""imbalance"": ""none"", ""learning_rate"": 0.0003, ""weight_decay"": 1e-05}",20260818,COMPLETE,,CONVERGED_NO_WARNINGS,10760,1986,0.1845724907063197,0.37957719571493509,0.74168289033032908,0.38176134262500233,0.064229198669417537,46.435575501003768,0.20729404479212468,-0.0020776562135620402,pytorch_mlp|L|model_stage_v1__coarse__pytorch_mlp__epochs_200__009|seed=20260818
139,pytorch_mlp,MLP (PyTorch),model_stage_v1__coarse__pytorch_mlp__epochs_200__008,MLP (PyTorch) | model_stage_v1__coarse__pytorch_mlp__epochs_200__008,L,"{""activation"": ""tanh"", ""batch_size"": 256, ""epochs"": 200, ""hidden_layer_sizes"": [32, 16], ""imbalance"": ""sqrt"", ""learning_rate"": 0.001, ""weight_decay"": 1e-05}",20260818,COMPLETE,,CONVERGED_NO_WARNINGS,10760,1986,0.1845724907063197,0.37882066981767448,0.74558770293352761,0.37869069151321355,0.073861697443400307,57.692667291965336,0.20653751889486408,-0.0028341821108226473,pytorch_mlp|L|model_stage_v1__coarse__pytorch_mlp__epochs_200__008|seed=20260818
140,pytorch_mlp,MLP (PyTorch),model_stage_v1__coarse__pytorch_mlp__epochs_200__007,MLP (PyTorch) | model_stage_v1__coarse__pytorch_mlp__epochs_200__007,L,"{""activation"": ""tanh"", ""batch_size"": 256, ""epochs"": 200, ""hidden_layer_sizes"": [16], ""imbalance"": ""none"", ""learning_rate"": 0.001, ""weight_decay"": 0.0001}",20260818,COMPLETE,,CONVERGED_NO_WARNINGS,10760,1986,0.1845724907063197,0.37875704896641987,0.74430300914241032,0.38307526087161797,0.061226769777863455,42.673836541944183,0.20647389804360947,-0.0028978029620772561,pytorch_mlp|L|model_stage_v1__coarse__pytorch_mlp__epochs_200__007|seed=20260818
141,rbf_svm,SVM RBF,model_stage_v1__coarse__rbf_svm__003,SVM RBF | model_stage_v1__coarse__rbf_svm__003,L+D+R,"{""C"": 1.0, ""gamma"": ""scale"", ""imbalance"": ""sqrt""}",20260818,COMPLETE,,CONVERGED_NO_WARNINGS,10760,1986,0.1845724907063197,0.37861355456731161,0.72930274859966882,0.38926914306257432,0.065441715121084779,39.946685373899527,0.2063304036445012,-0.0030412973611855243,rbf_svm|L+D+R|model_stage_v1__coarse__rbf_svm__003|seed=20260818
142,hist_gradient_boosting,HistGradientBoosting,model_stage_v1__coarse__hist_gradient_boosting__013,HistGradientBoosting | model_stage_v1__coarse__hist_gradient_boosting__013,L,"{""imbalance"": ""sqrt"", ""l2_regularization"": 0.0, ""learning_rate"": 0.1, ""max_features"": 0.7, ""max_iter"": 300, ""max_leaf_nodes"": 15, ""min_samples_leaf"": 100}",20260818,COMPLETE,,CONVERGED_NO_WARNINGS,10760,1986,0.1845724907063197,0.37790264143603225,0.74280242068309943,0.37961954883140364,0.0543966844721918,14.16311816603411,0.20561949051322184,-0.0037522104924648803,hist_gradient_boosting|L|model_stage_v1__coarse__hist_gradient_boosting__013|seed=20260818
143,pytorch_mlp,MLP (PyTorch),model_stage_v1__coarse__pytorch_mlp__epochs_200__007,MLP (PyTorch) | model_stage_v1__coarse__pytorch_mlp__epochs_200__007,L+D+R,"{""activation"": ""tanh"", ""batch_size"": 256, ""epochs"": 200, ""hidden_layer_sizes"": [16], ""imbalance"": ""none"", ""learning_rate"": 0.001, ""weight_decay"": 0.0001}",20260818,COMPLETE,,CONVERGED_NO_WARNINGS,10760,1986,0.1845724907063197,0.37771420216952661,0.74176880056910799,0.3815259872312266,0.061242739453305786,44.313789584033657,0.20543105124671621,-0.0039406497589705158,pytorch_mlp|L+D+R|model_stage_v1__coarse__pytorch_mlp__epochs_200__007|seed=20260818
144,rbf_svm,SVM RBF,model_stage_v1__coarse__rbf_svm__006,SVM RBF | model_stage_v1__coarse__rbf_svm__006,L+D,"{""C"": 1.0, ""gamma"": 0.1, ""imbalance"": ""sqrt""}",20260818,COMPLETE,,CONVERGED_NO_WARNINGS,10760,1986,0.1845724907063197,0.37748321227383053,0.72240396130561513,0.38529677381359906,0.060508186423622011,37.341862207045779,0.20520006135102012,-0.0041716396546666035,rbf_svm|L+D|model_stage_v1__coarse__rbf_svm__006|seed=20260818
145,random_forest,Random Forest,model_stage_v1__coarse__random_forest__009,Random Forest | model_stage_v1__coarse__random_forest__009,L,"{""criterion"": ""log_loss"", ""imbalance"": ""sqrt"", ""max_depth"": 24, ""max_features"": 0.5, ""max_samples"": 1.0, ""min_samples_leaf"": 1}",20260818,COMPLETE,,CONVERGED_NO_WARNINGS,10760,1986,0.1845724907063197,0.3772645224853397,0.74125477384316152,0.38054234673041593,0.05007187850575559,211.25528691592626,0.2049813715625293,-0.0043903294431574258,random_forest|L|model_stage_v1__coarse__random_forest__009|seed=20260818
146,xgboost,XGBoost,model_stage_v1__coarse__xgboost__007,XGBoost | model_stage_v1__coarse__xgboost__007,L,"{""colsample_bytree"": 0.7, ""gamma"": 0.1, ""imbalance"": ""none"", ""learning_rate"": 0.1, ""max_depth"": 5, ""min_child_weight"": 5, ""n_estimators"": 200, ""reg_alpha"": 0.1, ""reg_lambda"": 20.0, ""subsample"": 0.7}",20260818,COMPLETE,,CONVERGED_NO_WARNINGS,10760,1986,0.1845724907063197,0.3769530084183868,0.74557682785654122,0.38016417976822559,0.054805513227391106,11.751491875038482,0.2046698574955764,-0.0047018435101103262,xgboost|L|model_stage_v1__coarse__xgboost__007|seed=20260818
147,elastic_net_logistic,Regresja logistyczna Elastic Net,model_stage_v1__coarse__elastic_net_logistic__004,Regresja logistyczna Elastic Net | model_stage_v1__coarse__elastic_net_logistic__004,L+D+R,"{""C"": 0.01, ""imbalance"": ""sqrt"", ""l1_ratio"": 1.0}",20260818,COMPLETE,,CONVERGED_NO_WARNINGS,10760,1986,0.1845724907063197,0.37661188585420757,0.7393985502805025,0.37875741496363541,0.05261525572773789,10.913927875051741,0.20432873493139717,-0.0050429660742895566,elastic_net_logistic|L+D+R|model_stage_v1__coarse__elastic_net_logistic__004|seed=20260818
148,elastic_net_logistic,Regresja logistyczna Elastic Net,model_stage_v1__coarse__elastic_net_logistic__002,Regresja logistyczna Elastic Net | model_stage_v1__coarse__elastic_net_logistic__002,L+D+R,"{""C"": 0.01, ""imbalance"": ""none"", ""l1_ratio"": 0.5}",20260818,COMPLETE,,CONVERGED_NO_WARNINGS,10760,1986,0.1845724907063197,0.37657742145962142,0.73878380714236025,0.37947369574507772,0.053324494611987253,10.788353207986802,0.20429427053681101,-0.0050774304688757099,elastic_net_logistic|L+D+R|model_stage_v1__coarse__elastic_net_logistic__002|seed=20260818
149,xgboost,XGBoost,model_stage_v1__coarse__xgboost__003,XGBoost | model_stage_v1__coarse__xgboost__003,L+D+R,"{""colsample_bytree"": 0.7, ""gamma"": 0.0, ""imbalance"": ""none"", ""learning_rate"": 0.1, ""max_depth"": 8, ""min_child_weight"": 1, ""n_estimators"": 200, ""reg_alpha"": 0.1, ""reg_lambda"": 5.0, ""subsample"": 1.0}",20260818,COMPLETE,,CONVERGED_NO_WARNINGS,10760,1986,0.1845724907063197,0.37595270199518405,0.73933375892473674,0.38183562627013029,0.055214812441337149,16.695982542005368,0.20366955107237364,-0.0057021499333130832,xgboost|L+D+R|model_stage_v1__coarse__xgboost__003|seed=20260818
150,random_forest,Random Forest,model_stage_v1__coarse__random_forest__005,Random Forest | model_stage_v1__coarse__random_forest__005,L+D,"{""criterion"": ""gini"", ""imbalance"": ""sqrt"", ""max_depth"": 24, ""max_features"": 1.0, ""max_samples"": 1.0, ""min_samples_leaf"": 1}",20260818,COMPLETE,,CONVERGED_NO_WARNINGS,10760,1986,0.1845724907063197,0.37565214918925743,0.74399618276189527,0.38133114584118105,0.073112838445728398,512.93008108402137,0.20336899826644703,-0.0060027027392396959,random_forest|L+D|model_stage_v1__coarse__random_forest__005|seed=20260818
151,pytorch_mlp,MLP (PyTorch),model_stage_v1__coarse__pytorch_mlp__epochs_200__011,MLP (PyTorch) | model_stage_v1__coarse__pytorch_mlp__epochs_200__011,L,"{""activation"": ""tanh"", ""batch_size"": 64, ""epochs"": 200, ""hidden_layer_sizes"": [32], ""imbalance"": ""none"", ""learning_rate"": 0.003, ""weight_decay"": 1e-05}",20260818,COMPLETE,,CONVERGED_NO_WARNINGS,10760,1986,0.1845724907063197,0.37556242304621845,0.73982505989613634,0.37267168897087072,0.072091565137671731,124.7495404589572,0.20327927212340804,-0.0060924288822786776,pytorch_mlp|L|model_stage_v1__coarse__pytorch_mlp__epochs_200__011|seed=20260818
152,xgboost,XGBoost,model_stage_v1__coarse__xgboost__016,XGBoost | model_stage_v1__coarse__xgboost__016,L+D+R,"{""colsample_bytree"": 1.0, ""gamma"": 0.1, ""imbalance"": ""sqrt"", ""learning_rate"": 0.05, ""max_depth"": 5, ""min_child_weight"": 1, ""n_estimators"": 500, ""reg_alpha"": 0.0, ""reg_lambda"": 1.0, ""subsample"": 0.7}",20260818,COMPLETE,,CONVERGED_NO_WARNINGS,10760,1986,0.1845724907063197,0.37533876847646086,0.73586788049742324,0.38176436843217143,0.053224404967451115,18.896212500054389,0.20305561755365045,-0.0063160834520362696,xgboost|L+D+R|model_stage_v1__coarse__xgboost__016|seed=20260818
153,hist_gradient_boosting,HistGradientBoosting,model_stage_v1__coarse__hist_gradient_boosting__015,HistGradientBoosting | model_stage_v1__coarse__hist_gradient_boosting__015,L,"{""imbalance"": ""sqrt"", ""l2_regularization"": 0.1, ""learning_rate"": 0.1, ""max_features"": 0.7, ""max_iter"": 150, ""max_leaf_nodes"": 31, ""min_samples_leaf"": 20}",20260818,COMPLETE,,CONVERGED_NO_WARNINGS,10760,1986,0.1845724907063197,0.37494550061468856,0.73915975769295494,0.37648682659583987,0.055931364440561987,13.150772833090741,0.20266234969187816,-0.0067093513138085648,hist_gradient_boosting|L|model_stage_v1__coarse__hist_gradient_boosting__015|seed=20260818
154,xgboost,XGBoost,model_stage_v1__coarse__xgboost__006,XGBoost | model_stage_v1__coarse__xgboost__006,L,"{""colsample_bytree"": 0.7, ""gamma"": 0.0, ""imbalance"": ""sqrt"", ""learning_rate"": 0.05, ""max_depth"": 8, ""min_child_weight"": 20, ""n_estimators"": 500, ""reg_alpha"": 0.0, ""reg_lambda"": 20.0, ""subsample"": 1.0}",20260818,COMPLETE,,CONVERGED_NO_WARNINGS,10760,1986,0.1845724907063197,0.37491022005434466,0.74333742282138637,0.37700856679023759,0.056013735330127996,13.906319083995186,0.20262706913153425,-0.0067446318741524736,xgboost|L|model_stage_v1__coarse__xgboost__006|seed=20260818
155,pytorch_mlp,MLP (PyTorch),model_stage_v1__coarse__pytorch_mlp__epochs_200__008,MLP (PyTorch) | model_stage_v1__coarse__pytorch_mlp__epochs_200__008,L+D,"{""activation"": ""tanh"", ""batch_size"": 256, ""epochs"": 200, ""hidden_layer_sizes"": [32, 16], ""imbalance"": ""sqrt"", ""learning_rate"": 0.001, ""weight_decay"": 1e-05}",20260818,COMPLETE,,CONVERGED_NO_WARNINGS,10760,1986,0.1845724907063197,0.37477743438107392,0.72900544867181727,0.3792011377914295,0.046162711178707974,58.326181291951798,0.20249428345826351,-0.0068774175474232146,pytorch_mlp|L+D|model_stage_v1__coarse__pytorch_mlp__epochs_200__008|seed=20260818
156,hist_gradient_boosting,HistGradientBoosting,model_stage_v1__coarse__hist_gradient_boosting__015,HistGradientBoosting | model_stage_v1__coarse__hist_gradient_boosting__015,L+D,"{""imbalance"": ""sqrt"", ""l2_regularization"": 0.1, ""learning_rate"": 0.1, ""max_features"": 0.7, ""max_iter"": 150, ""max_leaf_nodes"": 31, ""min_samples_leaf"": 20}",20260818,COMPLETE,,CONVERGED_NO_WARNINGS,10760,1986,0.1845724907063197,0.37393759848633595,0.73797446038384495,0.38002007232519164,0.053369452005252692,14.25382358400384,0.20165444756352555,-0.007717253442161176,hist_gradient_boosting|L+D|model_stage_v1__coarse__hist_gradient_boosting__015|seed=20260818
157,xgboost,XGBoost,model_stage_v1__coarse__xgboost__006,XGBoost | model_stage_v1__coarse__xgboost__006,L+D,"{""colsample_bytree"": 0.7, ""gamma"": 0.0, ""imbalance"": ""sqrt"", ""learning_rate"": 0.05, ""max_depth"": 8, ""min_child_weight"": 20, ""n_estimators"": 500, ""reg_alpha"": 0.0, ""reg_lambda"": 20.0, ""subsample"": 1.0}",20260818,COMPLETE,,CONVERGED_NO_WARNINGS,10760,1986,0.1845724907063197,0.37374951478130258,0.74155184421793685,0.37675801768797262,0.060028060730011754,16.066418749978766,0.20146636385849218,-0.0079053371471945466,xgboost|L+D|model_stage_v1__coarse__xgboost__006|seed=20260818
158,rbf_svm,SVM RBF,model_stage_v1__coarse__rbf_svm__001,SVM RBF | model_stage_v1__coarse__rbf_svm__001,L+D,"{""C"": 0.1, ""gamma"": 0.01, ""imbalance"": ""sqrt""}",20260818,COMPLETE,,CONVERGED_NO_WARNINGS,10760,1986,0.1845724907063197,0.37369302348250638,0.72417352858199779,0.37880084439691858,0.060224591649079236,35.521350376075134,0.20140987255969597,-0.0079618284459907485,rbf_svm|L+D|model_stage_v1__coarse__rbf_svm__001|seed=20260818
159,hist_gradient_boosting,HistGradientBoosting,model_stage_v1__coarse__hist_gradient_boosting__013,HistGradientBoosting | model_stage_v1__coarse__hist_gradient_boosting__013,L+D,"{""imbalance"": ""sqrt"", ""l2_regularization"": 0.0, ""learning_rate"": 0.1, ""max_features"": 0.7, ""max_iter"": 300, ""max_leaf_nodes"": 15, ""min_samples_leaf"": 100}",20260818,COMPLETE,,CONVERGED_NO_WARNINGS,10760,1986,0.1845724907063197,0.37368300533165211,0.73951943866927161,0.37824692977042867,0.051465337216528635,15.843599834945053,0.2013998544088417,-0.0079718465968450225,hist_gradient_boosting|L+D|model_stage_v1__coarse__hist_gradient_boosting__013|seed=20260818
160,hist_gradient_boosting,HistGradientBoosting,model_stage_v1__coarse__hist_gradient_boosting__008,HistGradientBoosting | model_stage_v1__coarse__hist_gradient_boosting__008,L+D,"{""imbalance"": ""none"", ""l2_regularization"": 1.0, ""learning_rate"": 0.1, ""max_features"": 1.0, ""max_iter"": 150, ""max_leaf_nodes"": 31, ""min_samples_leaf"": 20}",20260818,COMPLETE,,CONVERGED_NO_WARNINGS,10760,1986,0.1845724907063197,0.37265026310843524,0.73980528963744618,0.37790903958741667,0.053332916776760594,14.120675749960355,0.20036711218562483,-0.0090045888200618873,hist_gradient_boosting|L+D|model_stage_v1__coarse__hist_gradient_boosting__008|seed=20260818
161,xgboost,XGBoost,model_stage_v1__coarse__xgboost__016,XGBoost | model_stage_v1__coarse__xgboost__016,L+D,"{""colsample_bytree"": 1.0, ""gamma"": 0.1, ""imbalance"": ""sqrt"", ""learning_rate"": 0.05, ""max_depth"": 5, ""min_child_weight"": 1, ""n_estimators"": 500, ""reg_alpha"": 0.0, ""reg_lambda"": 1.0, ""subsample"": 0.7}",20260818,COMPLETE,,CONVERGED_NO_WARNINGS,10760,1986,0.1845724907063197,0.37242260421310425,0.73448554056650484,0.37700267502616386,0.050260594867421036,16.497824833029881,0.20013945329029384,-0.0092322477153928828,xgboost|L+D|model_stage_v1__coarse__xgboost__016|seed=20260818
162,hist_gradient_boosting,HistGradientBoosting,model_stage_v1__coarse__hist_gradient_boosting__008,HistGradientBoosting | model_stage_v1__coarse__hist_gradient_boosting__008,L,"{""imbalance"": ""none"", ""l2_regularization"": 1.0, ""learning_rate"": 0.1, ""max_features"": 1.0, ""max_iter"": 150, ""max_leaf_nodes"": 31, ""min_samples_leaf"": 20}",20260818,COMPLETE,,CONVERGED_NO_WARNINGS,10760,1986,0.1845724907063197,0.37234679448084096,0.7393394690575078,0.37555989449737731,0.054827309409281169,12.920848708075937,0.20006364355803055,-0.0093080574476561706,hist_gradient_boosting|L|model_stage_v1__coarse__hist_gradient_boosting__008|seed=20260818
163,rbf_svm,SVM RBF,model_stage_v1__coarse__rbf_svm__006,SVM RBF | model_stage_v1__coarse__rbf_svm__006,L,"{""C"": 1.0, ""gamma"": 0.1, ""imbalance"": ""sqrt""}",20260818,COMPLETE,,CONVERGED_NO_WARNINGS,10760,1986,0.1845724907063197,0.37147587130959481,0.71250795688350488,0.37090326984289534,0.072018515083814044,35.649753125035204,0.1991927203867844,-0.010178980618902322,rbf_svm|L|model_stage_v1__coarse__rbf_svm__006|seed=20260818
164,random_forest,Random Forest,model_stage_v1__coarse__random_forest__005,Random Forest | model_stage_v1__coarse__random_forest__005,L,"{""criterion"": ""gini"", ""imbalance"": ""sqrt"", ""max_depth"": 24, ""max_features"": 1.0, ""max_samples"": 1.0, ""min_samples_leaf"": 1}",20260818,COMPLETE,,CONVERGED_NO_WARNINGS,10760,1986,0.1845724907063197,0.37122090054953888,0.73677031102834956,0.37511916499323422,0.048990993486108823,308.07991158292862,0.19893774962672847,-0.010433951378958251,random_forest|L|model_stage_v1__coarse__random_forest__005|seed=20260818
165,xgboost,XGBoost,model_stage_v1__coarse__xgboost__010,XGBoost | model_stage_v1__coarse__xgboost__010,L+D,"{""colsample_bytree"": 0.7, ""gamma"": 0.1, ""imbalance"": ""sqrt"", ""learning_rate"": 0.1, ""max_depth"": 3, ""min_child_weight"": 20, ""n_estimators"": 800, ""reg_alpha"": 0.0, ""reg_lambda"": 5.0, ""subsample"": 1.0}",20260818,COMPLETE,,CONVERGED_NO_WARNINGS,10760,1986,0.1845724907063197,0.37109682750999173,0.73615737562068295,0.37467103403073992,0.055833272834001149,14.007113876985386,0.19881367658718133,-0.010558024418505396,xgboost|L+D|model_stage_v1__coarse__xgboost__010|seed=20260818
166,hist_gradient_boosting,HistGradientBoosting,model_stage_v1__coarse__hist_gradient_boosting__001,HistGradientBoosting | model_stage_v1__coarse__hist_gradient_boosting__001,L+D,"{""imbalance"": ""none"", ""l2_regularization"": 0.0, ""learning_rate"": 0.1, ""max_features"": 0.7, ""max_iter"": 300, ""max_leaf_nodes"": 15, ""min_samples_leaf"": 50}",20260818,COMPLETE,,CONVERGED_NO_WARNINGS,10760,1986,0.1845724907063197,0.37087896409219667,0.73853175786466063,0.37530507705282545,0.054986097571075525,15.512015497952234,0.19859581316938626,-0.010775887836300457,hist_gradient_boosting|L+D|model_stage_v1__coarse__hist_gradient_boosting__001|seed=20260818
167,elastic_net_logistic,Regresja logistyczna Elastic Net,model_stage_v1__coarse__elastic_net_logistic__006,Regresja logistyczna Elastic Net | model_stage_v1__coarse__elastic_net_logistic__006,L+D,"{""C"": 0.1, ""imbalance"": ""sqrt"", ""l1_ratio"": 0.0}",20260818,COMPLETE,,CONVERGED_NO_WARNINGS,10760,1986,0.1845724907063197,0.37076879413681096,0.73294343169453091,0.37283276287719497,0.046606045301627846,11.993428376095835,0.19848564321400056,-0.010886057791686166,elastic_net_logistic|L+D|model_stage_v1__coarse__elastic_net_logistic__006|seed=20260818
168,fixed_l2_logistic,Regresja logistyczna fixed L2,model_stage_v1__coarse__fixed_l2_logistic__002,Regresja logistyczna fixed L2 | model_stage_v1__coarse__fixed_l2_logistic__002,L+D,"{""C"": 1.0, ""imbalance"": ""sqrt""}",20260818,COMPLETE,,CONVERGED_NO_WARNINGS,10760,1986,0.1845724907063197,0.37069862761566424,0.7326820855172439,0.37323522142215326,0.045006110375116384,11.169959459046368,0.19841547669285384,-0.010956224312832885,fixed_l2_logistic|L+D|model_stage_v1__coarse__fixed_l2_logistic__002|seed=20260818
169,elastic_net_logistic,Regresja logistyczna Elastic Net,model_stage_v1__coarse__elastic_net_logistic__009,Regresja logistyczna Elastic Net | model_stage_v1__coarse__elastic_net_logistic__009,L+D,"{""C"": 1.0, ""imbalance"": ""sqrt"", ""l1_ratio"": 1.0}",20260818,COMPLETE,,CONVERGED_NO_WARNINGS,10760,1986,0.1845724907063197,0.37039092969981574,0.73269872811527048,0.3729568763307165,0.045601181107170492,29.82860891596647,0.19810777877700533,-0.011263922228681389,elastic_net_logistic|L+D|model_stage_v1__coarse__elastic_net_logistic__009|seed=20260818
170,rbf_svm,SVM RBF,model_stage_v1__coarse__rbf_svm__003,SVM RBF | model_stage_v1__coarse__rbf_svm__003,L,"{""C"": 1.0, ""gamma"": ""scale"", ""imbalance"": ""sqrt""}",20260818,COMPLETE,,CONVERGED_NO_WARNINGS,10760,1986,0.1845724907063197,0.37036970180769874,0.71074349716306828,0.37013050935013475,0.069308300273265899,36.403879000048619,0.19808655088488833,-0.011285150120798393,rbf_svm|L|model_stage_v1__coarse__rbf_svm__003|seed=20260818
171,rbf_svm,SVM RBF,model_stage_v1__coarse__rbf_svm__006,SVM RBF | model_stage_v1__coarse__rbf_svm__006,L+D+R,"{""C"": 1.0, ""gamma"": 0.1, ""imbalance"": ""sqrt""}",20260818,COMPLETE,,CONVERGED_NO_WARNINGS,10760,1986,0.1845724907063197,0.37022143430063115,0.72532941440321586,0.38009943498162624,0.064501974959316824,39.953103959967848,0.19793828337782074,-0.011433417627865983,rbf_svm|L+D+R|model_stage_v1__coarse__rbf_svm__006|seed=20260818
172,elastic_net_logistic,Regresja logistyczna Elastic Net,model_stage_v1__coarse__elastic_net_logistic__003,Regresja logistyczna Elastic Net | model_stage_v1__coarse__elastic_net_logistic__003,L+D,"{""C"": 0.01, ""imbalance"": ""sqrt"", ""l1_ratio"": 0.25}",20260818,COMPLETE,,CONVERGED_NO_WARNINGS,10760,1986,0.1845724907063197,0.3698867416863672,0.73394273362362616,0.37281221608259968,0.047777247380221502,13.242529168899637,0.1976035907635568,-0.011768110242129926,elastic_net_logistic|L+D|model_stage_v1__coarse__elastic_net_logistic__003|seed=20260818
173,elastic_net_logistic,Regresja logistyczna Elastic Net,model_stage_v1__coarse__elastic_net_logistic__012,Regresja logistyczna Elastic Net | model_stage_v1__coarse__elastic_net_logistic__012,L+D,"{""C"": 100.0, ""imbalance"": ""sqrt"", ""l1_ratio"": 0.75}",20260818,COMPLETE,,CONVERGED_NO_WARNINGS,10760,1986,0.1845724907063197,0.36974714766063282,0.73215262134692105,0.37204842145385514,0.042736129850220905,101.02597429102752,0.19746399673782242,-0.011907704267864305,elastic_net_logistic|L+D|model_stage_v1__coarse__elastic_net_logistic__012|seed=20260818
174,elastic_net_logistic,Regresja logistyczna Elastic Net,model_stage_v1__coarse__elastic_net_logistic__011,Regresja logistyczna Elastic Net | model_stage_v1__coarse__elastic_net_logistic__011,L+D,"{""C"": 100.0, ""imbalance"": ""sqrt"", ""l1_ratio"": 0.0}",20260818,COMPLETE,,CONVERGED_NO_WARNINGS,10760,1986,0.1845724907063197,0.36970454387090923,0.73216100003420337,0.37204883690613416,0.042711053521477568,66.560228791960981,0.19742139294809882,-0.011950308057587899,elastic_net_logistic|L+D|model_stage_v1__coarse__elastic_net_logistic__011|seed=20260818
175,hist_gradient_boosting,HistGradientBoosting,model_stage_v1__coarse__hist_gradient_boosting__001,HistGradientBoosting | model_stage_v1__coarse__hist_gradient_boosting__001,L,"{""imbalance"": ""none"", ""l2_regularization"": 0.0, ""learning_rate"": 0.1, ""max_features"": 0.7, ""max_iter"": 300, ""max_leaf_nodes"": 15, ""min_samples_leaf"": 50}",20260818,COMPLETE,,CONVERGED_NO_WARNINGS,10760,1986,0.1845724907063197,0.369655179125434,0.73608156571725802,0.37134802491770064,0.054286109474249909,14.249400125001557,0.19737202820262359,-0.011999672803063133,hist_gradient_boosting|L|model_stage_v1__coarse__hist_gradient_boosting__001|seed=20260818
176,fixed_l2_logistic,Regresja logistyczna fixed L2,model_stage_v1__coarse__fixed_l2_logistic__001,Regresja logistyczna fixed L2 | model_stage_v1__coarse__fixed_l2_logistic__001,L+D,"{""C"": 1.0, ""imbalance"": ""none""}",20260818,COMPLETE,,CONVERGED_NO_WARNINGS,10760,1986,0.1845724907063197,0.36950743436212208,0.73147939956260954,0.37343763518014778,0.045896890302646542,11.116125500004273,0.19722428343931167,-0.012147417566375052,fixed_l2_logistic|L+D|model_stage_v1__coarse__fixed_l2_logistic__001|seed=20260818
177,xgboost,XGBoost,model_stage_v1__coarse__xgboost__010,XGBoost | model_stage_v1__coarse__xgboost__010,L,"{""colsample_bytree"": 0.7, ""gamma"": 0.1, ""imbalance"": ""sqrt"", ""learning_rate"": 0.1, ""max_depth"": 3, ""min_child_weight"": 20, ""n_estimators"": 800, ""reg_alpha"": 0.0, ""reg_lambda"": 5.0, ""subsample"": 1.0}",20260818,COMPLETE,,CONVERGED_NO_WARNINGS,10760,1986,0.1845724907063197,0.36945687709873604,0.74011903130438261,0.36983792301050161,0.056801940720419206,13.24449912388809,0.19717372617592563,-0.012197974829761093,xgboost|L|model_stage_v1__coarse__xgboost__010|seed=20260818
178,elastic_net_logistic,Regresja logistyczna Elastic Net,model_stage_v1__coarse__elastic_net_logistic__007,Regresja logistyczna Elastic Net | model_stage_v1__coarse__elastic_net_logistic__007,L+D,"{""C"": 1.0, ""imbalance"": ""none"", ""l1_ratio"": 0.25}",20260818,COMPLETE,,CONVERGED_NO_WARNINGS,10760,1986,0.1845724907063197,0.36932790682904393,0.73145730507902251,0.37335671309925239,0.0461120163624631,25.826986542146187,0.19704475590623352,-0.012326945099453201,elastic_net_logistic|L+D|model_stage_v1__coarse__elastic_net_logistic__007|seed=20260818
179,rbf_svm,SVM RBF,model_stage_v1__coarse__rbf_svm__010,SVM RBF | model_stage_v1__coarse__rbf_svm__010,L,"{""C"": 10.0, ""gamma"": 0.01, ""imbalance"": ""sqrt""}",20260818,COMPLETE,,CONVERGED_NO_WARNINGS,10760,1986,0.1845724907063197,0.36929912751669342,0.71695864670197651,0.37005847500464722,0.067920169038790529,37.608290374104399,0.19701597659388301,-0.012355724411803715,rbf_svm|L|model_stage_v1__coarse__rbf_svm__010|seed=20260818
180,elastic_net_logistic,Regresja logistyczna Elastic Net,model_stage_v1__coarse__elastic_net_logistic__010,Regresja logistyczna Elastic Net | model_stage_v1__coarse__elastic_net_logistic__010,L+D,"{""C"": 10.0, ""imbalance"": ""none"", ""l1_ratio"": 0.25}",20260818,COMPLETE,,CONVERGED_NO_WARNINGS,10760,1986,0.1845724907063197,0.36920560234424155,0.73125386366521417,0.37262931388267545,0.044157391484092728,78.972658959042747,0.19692245142143114,-0.012449249584255584,elastic_net_logistic|L+D|model_stage_v1__coarse__elastic_net_logistic__010|seed=20260818
181,elastic_net_logistic,Regresja logistyczna Elastic Net,model_stage_v1__coarse__elastic_net_logistic__005,Regresja logistyczna Elastic Net | model_stage_v1__coarse__elastic_net_logistic__005,L+D,"{""C"": 0.1, ""imbalance"": ""none"", ""l1_ratio"": 1.0}",20260818,COMPLETE,,CONVERGED_NO_WARNINGS,10760,1986,0.1845724907063197,0.36913161181086462,0.73237993628065701,0.37308023597282358,0.047740365277047073,11.485299750987906,0.19684846088805422,-0.012523240117632506,elastic_net_logistic|L+D|model_stage_v1__coarse__elastic_net_logistic__005|seed=20260818
182,elastic_net_logistic,Regresja logistyczna Elastic Net,model_stage_v1__coarse__elastic_net_logistic__008,Regresja logistyczna Elastic Net | model_stage_v1__coarse__elastic_net_logistic__008,L+D,"{""C"": 1.0, ""imbalance"": ""none"", ""l1_ratio"": 1.0}",20260818,COMPLETE,,CONVERGED_NO_WARNINGS,10760,1986,0.1845724907063197,0.36886690786824317,0.73145053326327381,0.37286333860853843,0.0466044963855849,27.984573918103706,0.19658375694543276,-0.012787944060253964,elastic_net_logistic|L+D|model_stage_v1__coarse__elastic_net_logistic__008|seed=20260818
183,pytorch_mlp,MLP (PyTorch),model_stage_v1__coarse__pytorch_mlp__epochs_200__010,MLP (PyTorch) | model_stage_v1__coarse__pytorch_mlp__epochs_200__010,L+D+R,"{""activation"": ""tanh"", ""batch_size"": 256, ""epochs"": 200, ""hidden_layer_sizes"": [64, 32], ""imbalance"": ""none"", ""learning_rate"": 0.0003, ""weight_decay"": 0.0001}",20260818,COMPLETE,,CONVERGED_NO_WARNINGS,10760,1986,0.1845724907063197,0.36873211970649838,0.73162180855227532,0.37532148293829698,0.060190763099936428,69.833590166992508,0.19644896878368798,-0.012922732221998745,pytorch_mlp|L+D+R|model_stage_v1__coarse__pytorch_mlp__epochs_200__010|seed=20260818
184,rbf_svm,SVM RBF,model_stage_v1__coarse__rbf_svm__008,SVM RBF | model_stage_v1__coarse__rbf_svm__008,L+D,"{""C"": 10.0, ""gamma"": ""scale"", ""imbalance"": ""sqrt""}",20260818,COMPLETE,,CONVERGED_NO_WARNINGS,10760,1986,0.1845724907063197,0.36872893210079033,0.69868860344729034,0.37549929439954305,0.055238487239443537,43.609640417038463,0.19644578117797992,-0.0129259198277068,rbf_svm|L+D|model_stage_v1__coarse__rbf_svm__008|seed=20260818
185,xgboost,XGBoost,model_stage_v1__coarse__xgboost__003,XGBoost | model_stage_v1__coarse__xgboost__003,L,"{""colsample_bytree"": 0.7, ""gamma"": 0.0, ""imbalance"": ""none"", ""learning_rate"": 0.1, ""max_depth"": 8, ""min_child_weight"": 1, ""n_estimators"": 200, ""reg_alpha"": 0.1, ""reg_lambda"": 5.0, ""subsample"": 1.0}",20260818,COMPLETE,,CONVERGED_NO_WARNINGS,10760,1986,0.1845724907063197,0.36831730718380495,0.73655935175129483,0.37228500933433278,0.057541044577644418,12.739913665980566,0.19603415626099455,-0.013337544744692176,xgboost|L|model_stage_v1__coarse__xgboost__003|seed=20260818
186,xgboost,XGBoost,model_stage_v1__coarse__xgboost__003,XGBoost | model_stage_v1__coarse__xgboost__003,L+D,"{""colsample_bytree"": 0.7, ""gamma"": 0.0, ""imbalance"": ""none"", ""learning_rate"": 0.1, ""max_depth"": 8, ""min_child_weight"": 1, ""n_estimators"": 200, ""reg_alpha"": 0.1, ""reg_lambda"": 5.0, ""subsample"": 1.0}",20260818,COMPLETE,,CONVERGED_NO_WARNINGS,10760,1986,0.1845724907063197,0.36824780220930337,0.73810217797663202,0.37241414998984257,0.052471669684562391,14.777630456956103,0.19596465128649296,-0.013407049719193764,xgboost|L+D|model_stage_v1__coarse__xgboost__003|seed=20260818
187,xgboost,XGBoost,model_stage_v1__coarse__xgboost__014,XGBoost | model_stage_v1__coarse__xgboost__014,L+D+R,"{""colsample_bytree"": 1.0, ""gamma"": 0.1, ""imbalance"": ""none"", ""learning_rate"": 0.1, ""max_depth"": 8, ""min_child_weight"": 1, ""n_estimators"": 500, ""reg_alpha"": 0.0, ""reg_lambda"": 5.0, ""subsample"": 0.7}",20260818,COMPLETE,,CONVERGED_NO_WARNINGS,10760,1986,0.1845724907063197,0.36760187353479284,0.73098933243899444,0.37268111991353886,0.059703066782050562,31.389517500007059,0.19531872261198244,-0.014052978393704285,xgboost|L+D+R|model_stage_v1__coarse__xgboost__014|seed=20260818
188,elastic_net_logistic,Regresja logistyczna Elastic Net,model_stage_v1__coarse__elastic_net_logistic__004,Regresja logistyczna Elastic Net | model_stage_v1__coarse__elastic_net_logistic__004,L+D,"{""C"": 0.01, ""imbalance"": ""sqrt"", ""l1_ratio"": 1.0}",20260818,COMPLETE,,CONVERGED_NO_WARNINGS,10760,1986,0.1845724907063197,0.36687378686541311,0.73410804053264567,0.3706492215321075,0.047011738405181101,12.549432708940003,0.1945906359426027,-0.01478106506308402,elastic_net_logistic|L+D|model_stage_v1__coarse__elastic_net_logistic__004|seed=20260818
189,rbf_svm,SVM RBF,model_stage_v1__coarse__rbf_svm__008,SVM RBF | model_stage_v1__coarse__rbf_svm__008,L+D+R,"{""C"": 10.0, ""gamma"": ""scale"", ""imbalance"": ""sqrt""}",20260818,COMPLETE,,CONVERGED_NO_WARNINGS,10760,1986,0.1845724907063197,0.36673848608552162,0.70580047338435381,0.3761240915725273,0.050780509087914497,44.553196374967229,0.19445533516271121,-0.01491636584297551,rbf_svm|L+D+R|model_stage_v1__coarse__rbf_svm__008|seed=20260818
190,pytorch_mlp,MLP (PyTorch),model_stage_v1__coarse__pytorch_mlp__epochs_200__002,MLP (PyTorch) | model_stage_v1__coarse__pytorch_mlp__epochs_200__002,L+D,"{""activation"": ""relu"", ""batch_size"": 256, ""epochs"": 200, ""hidden_layer_sizes"": [64, 32], ""imbalance"": ""none"", ""learning_rate"": 0.001, ""weight_decay"": 0.0001}",20260818,COMPLETE,,CONVERGED_NO_WARNINGS,10760,1986,0.1845724907063197,0.36616321064364621,0.72213452338239115,0.37063906194481344,0.049292286615987675,52.997775000112597,0.1938800597208358,-0.015491641284850921,pytorch_mlp|L+D|model_stage_v1__coarse__pytorch_mlp__epochs_200__002|seed=20260818
191,elastic_net_logistic,Regresja logistyczna Elastic Net,model_stage_v1__coarse__elastic_net_logistic__011,Regresja logistyczna Elastic Net | model_stage_v1__coarse__elastic_net_logistic__011,L,"{""C"": 100.0, ""imbalance"": ""sqrt"", ""l1_ratio"": 0.0}",20260818,COMPLETE,,CONVERGED_NO_WARNINGS,10760,1986,0.1845724907063197,0.36595861740396196,0.73288716249672015,0.36529395067560938,0.045813239722748832,45.009491915989202,0.19367546648115155,-0.015696234524535169,elastic_net_logistic|L|model_stage_v1__coarse__elastic_net_logistic__011|seed=20260818
192,elastic_net_logistic,Regresja logistyczna Elastic Net,model_stage_v1__coarse__elastic_net_logistic__012,Regresja logistyczna Elastic Net | model_stage_v1__coarse__elastic_net_logistic__012,L,"{""C"": 100.0, ""imbalance"": ""sqrt"", ""l1_ratio"": 0.75}",20260818,COMPLETE,,CONVERGED_NO_WARNINGS,10760,1986,0.1845724907063197,0.36593430389374748,0.73288515390730324,0.36531347691422361,0.04582912575286513,64.315828749968205,0.19365115297093707,-0.015720548034749648,elastic_net_logistic|L|model_stage_v1__coarse__elastic_net_logistic__012|seed=20260818
193,elastic_net_logistic,Regresja logistyczna Elastic Net,model_stage_v1__coarse__elastic_net_logistic__002,Regresja logistyczna Elastic Net | model_stage_v1__coarse__elastic_net_logistic__002,L+D,"{""C"": 0.01, ""imbalance"": ""none"", ""l1_ratio"": 0.5}",20260818,COMPLETE,,CONVERGED_NO_WARNINGS,10760,1986,0.1845724907063197,0.36552828395908793,0.73307163708760503,0.37120284286788757,0.046915265954226605,10.813987460103817,0.19324513303627752,-0.0161265679694092,elastic_net_logistic|L+D|model_stage_v1__coarse__elastic_net_logistic__002|seed=20260818
194,xgboost,XGBoost,model_stage_v1__coarse__xgboost__002,XGBoost | model_stage_v1__coarse__xgboost__002,L+D+R,"{""colsample_bytree"": 0.7, ""gamma"": 0.0, ""imbalance"": ""none"", ""learning_rate"": 0.05, ""max_depth"": 8, ""min_child_weight"": 5, ""n_estimators"": 800, ""reg_alpha"": 0.0, ""reg_lambda"": 1.0, ""subsample"": 0.7}",20260818,COMPLETE,,CONVERGED_NO_WARNINGS,10760,1986,0.1845724907063197,0.36543381266168701,0.72879150520477154,0.36963477873681255,0.057825944183745405,25.775834542058874,0.1931506617388766,-0.016221039266810122,xgboost|L+D+R|model_stage_v1__coarse__xgboost__002|seed=20260818
195,elastic_net_logistic,Regresja logistyczna Elastic Net,model_stage_v1__coarse__elastic_net_logistic__009,Regresja logistyczna Elastic Net | model_stage_v1__coarse__elastic_net_logistic__009,L,"{""C"": 1.0, ""imbalance"": ""sqrt"", ""l1_ratio"": 1.0}",20260818,COMPLETE,,CONVERGED_NO_WARNINGS,10760,1986,0.1845724907063197,0.36525944670846477,0.73304980085122873,0.36415714495142743,0.048039416780284713,18.37771041796077,0.19297629578565437,-0.016395405220032355,elastic_net_logistic|L|model_stage_v1__coarse__elastic_net_logistic__009|seed=20260818
196,xgboost,XGBoost,model_stage_v1__coarse__xgboost__016,XGBoost | model_stage_v1__coarse__xgboost__016,L,"{""colsample_bytree"": 1.0, ""gamma"": 0.1, ""imbalance"": ""sqrt"", ""learning_rate"": 0.05, ""max_depth"": 5, ""min_child_weight"": 1, ""n_estimators"": 500, ""reg_alpha"": 0.0, ""reg_lambda"": 1.0, ""subsample"": 0.7}",20260818,COMPLETE,,CONVERGED_NO_WARNINGS,10760,1986,0.1845724907063197,0.36523441827304892,0.73161931216257148,0.36715971240790868,0.051015083102974909,14.265833124984056,0.19295126735023851,-0.016420433655448208,xgboost|L|model_stage_v1__coarse__xgboost__016|seed=20260818
197,elastic_net_logistic,Regresja logistyczna Elastic Net,model_stage_v1__coarse__elastic_net_logistic__006,Regresja logistyczna Elastic Net | model_stage_v1__coarse__elastic_net_logistic__006,L,"{""C"": 0.1, ""imbalance"": ""sqrt"", ""l1_ratio"": 0.0}",20260818,COMPLETE,,CONVERGED_NO_WARNINGS,10760,1986,0.1845724907063197,0.3651345583641441,0.73298354609460203,0.36440349727956955,0.048470223314347596,20.288193623011466,0.19285140744133369,-0.016520293564353028,elastic_net_logistic|L|model_stage_v1__coarse__elastic_net_logistic__006|seed=20260818
198,fixed_l2_logistic,Regresja logistyczna fixed L2,model_stage_v1__coarse__fixed_l2_logistic__002,Regresja logistyczna fixed L2 | model_stage_v1__coarse__fixed_l2_logistic__002,L,"{""C"": 1.0, ""imbalance"": ""sqrt""}",20260818,COMPLETE,,CONVERGED_NO_WARNINGS,10760,1986,0.1845724907063197,0.36497693395326292,0.73311120629912008,0.36419909625590607,0.047563543421028601,11.202386333025061,0.19269378303045251,-0.016677917975234213,fixed_l2_logistic|L|model_stage_v1__coarse__fixed_l2_logistic__002|seed=20260818
199,elastic_net_logistic,Regresja logistyczna Elastic Net,model_stage_v1__coarse__elastic_net_logistic__010,Regresja logistyczna Elastic Net | model_stage_v1__coarse__elastic_net_logistic__010,L,"{""C"": 10.0, ""imbalance"": ""none"", ""l1_ratio"": 0.25}",20260818,COMPLETE,,CONVERGED_NO_WARNINGS,10760,1986,0.1845724907063197,0.36409365572686292,0.73188292517648612,0.364883523082556,0.046238783234727229,48.642950291046873,0.19181050480405251,-0.01756119620163421,elastic_net_logistic|L|model_stage_v1__coarse__elastic_net_logistic__010|seed=20260818
200,fixed_l2_logistic,Regresja logistyczna fixed L2,model_stage_v1__coarse__fixed_l2_logistic__001,Regresja logistyczna fixed L2 | model_stage_v1__coarse__fixed_l2_logistic__001,L,"{""C"": 1.0, ""imbalance"": ""none""}",20260818,COMPLETE,,CONVERGED_NO_WARNINGS,10760,1986,0.1845724907063197,0.36355322016647007,0.73196986840410794,0.36422210653402792,0.047517351024433913,11.458560416067485,0.19127006924365966,-0.018101631762027059,fixed_l2_logistic|L|model_stage_v1__coarse__fixed_l2_logistic__001|seed=20260818
201,elastic_net_logistic,Regresja logistyczna Elastic Net,model_stage_v1__coarse__elastic_net_logistic__007,Regresja logistyczna Elastic Net | model_stage_v1__coarse__elastic_net_logistic__007,L,"{""C"": 1.0, ""imbalance"": ""none"", ""l1_ratio"": 0.25}",20260818,COMPLETE,,CONVERGED_NO_WARNINGS,10760,1986,0.1845724907063197,0.36341666518768478,0.73194929470965098,0.3641777167122302,0.047700547048220084,26.635434706986416,0.19113351426487438,-0.018238186740812345,elastic_net_logistic|L|model_stage_v1__coarse__elastic_net_logistic__007|seed=20260818
202,elastic_net_logistic,Regresja logistyczna Elastic Net,model_stage_v1__coarse__elastic_net_logistic__008,Regresja logistyczna Elastic Net | model_stage_v1__coarse__elastic_net_logistic__008,L,"{""C"": 1.0, ""imbalance"": ""none"", ""l1_ratio"": 1.0}",20260818,COMPLETE,,CONVERGED_NO_WARNINGS,10760,1986,0.1845724907063197,0.36329616907996287,0.73177847852680189,0.36398706248345764,0.047830190631500354,20.303613414987922,0.19101301815715246,-0.018358682848534258,elastic_net_logistic|L|model_stage_v1__coarse__elastic_net_logistic__008|seed=20260818
203,pytorch_mlp,MLP (PyTorch),model_stage_v1__coarse__pytorch_mlp__epochs_200__008,MLP (PyTorch) | model_stage_v1__coarse__pytorch_mlp__epochs_200__008,L+D+R,"{""activation"": ""tanh"", ""batch_size"": 256, ""epochs"": 200, ""hidden_layer_sizes"": [32, 16], ""imbalance"": ""sqrt"", ""learning_rate"": 0.001, ""weight_decay"": 1e-05}",20260818,COMPLETE,,CONVERGED_NO_WARNINGS,10760,1986,0.1845724907063197,0.36261296709609325,0.7147810488325963,0.37050323337376906,0.044759086563736804,58.996185831958428,0.19032981617328285,-0.019041884832403877,pytorch_mlp|L+D+R|model_stage_v1__coarse__pytorch_mlp__epochs_200__008|seed=20260818
204,elastic_net_logistic,Regresja logistyczna Elastic Net,model_stage_v1__coarse__elastic_net_logistic__003,Regresja logistyczna Elastic Net | model_stage_v1__coarse__elastic_net_logistic__003,L,"{""C"": 0.01, ""imbalance"": ""sqrt"", ""l1_ratio"": 0.25}",20260818,COMPLETE,,CONVERGED_NO_WARNINGS,10760,1986,0.1845724907063197,0.36244149290377659,0.73284371957704386,0.36314268727767957,0.049988232639249286,10.463372417958453,0.19015834198096618,-0.019213359024720544,elastic_net_logistic|L|model_stage_v1__coarse__elastic_net_logistic__003|seed=20260818
205,rbf_svm,SVM RBF,model_stage_v1__coarse__rbf_svm__008,SVM RBF | model_stage_v1__coarse__rbf_svm__008,L,"{""C"": 10.0, ""gamma"": ""scale"", ""imbalance"": ""sqrt""}",20260818,COMPLETE,,CONVERGED_NO_WARNINGS,10760,1986,0.1845724907063197,0.36230167619672132,0.69492637199856477,0.36455016915694877,0.061864323850976316,41.926475540967658,0.19001852527391092,-0.019353175731775807,rbf_svm|L|model_stage_v1__coarse__rbf_svm__008|seed=20260818
206,elastic_net_logistic,Regresja logistyczna Elastic Net,model_stage_v1__coarse__elastic_net_logistic__005,Regresja logistyczna Elastic Net | model_stage_v1__coarse__elastic_net_logistic__005,L,"{""C"": 0.1, ""imbalance"": ""none"", ""l1_ratio"": 1.0}",20260818,COMPLETE,,CONVERGED_NO_WARNINGS,10760,1986,0.1845724907063197,0.36220129268055973,0.73161532367787185,0.36486555681888061,0.04917269158024911,20.3139936249936,0.18991814175774932,-0.019453559247937402,elastic_net_logistic|L|model_stage_v1__coarse__elastic_net_logistic__005|seed=20260818
207,rbf_svm,SVM RBF,model_stage_v1__coarse__rbf_svm__004,SVM RBF | model_stage_v1__coarse__rbf_svm__004,L,"{""C"": 1.0, ""gamma"": 0.01, ""imbalance"": ""sqrt""}",20260818,COMPLETE,,CONVERGED_NO_WARNINGS,10760,1986,0.1845724907063197,0.36139971108931168,0.71744392190512529,0.36305257527877433,0.062994123782397118,35.017580875079148,0.18911656016650127,-0.020255140839185448,rbf_svm|L|model_stage_v1__coarse__rbf_svm__004|seed=20260818
208,elastic_net_logistic,Regresja logistyczna Elastic Net,model_stage_v1__coarse__elastic_net_logistic__004,Regresja logistyczna Elastic Net | model_stage_v1__coarse__elastic_net_logistic__004,L,"{""C"": 0.01, ""imbalance"": ""sqrt"", ""l1_ratio"": 1.0}",20260818,COMPLETE,,CONVERGED_NO_WARNINGS,10760,1986,0.1845724907063197,0.36078752872488679,0.73209250713508345,0.36208085847354399,0.047020964367209997,11.86374220700236,0.18850437780207638,-0.020867323203610344,elastic_net_logistic|L|model_stage_v1__coarse__elastic_net_logistic__004|seed=20260818
209,xgboost,XGBoost,model_stage_v1__coarse__xgboost__012,XGBoost | model_stage_v1__coarse__xgboost__012,L+D+R,"{""colsample_bytree"": 0.7, ""gamma"": 0.1, ""imbalance"": ""sqrt"", ""learning_rate"": 0.1, ""max_depth"": 8, ""min_child_weight"": 20, ""n_estimators"": 500, ""reg_alpha"": 0.0, ""reg_lambda"": 5.0, ""subsample"": 0.7}",20260818,COMPLETE,,CONVERGED_NO_WARNINGS,10760,1986,0.1845724907063197,0.35883316232009499,0.72916452895364436,0.36473147523510668,0.058609249289279887,18.398052000848111,0.18655001139728458,-0.02282168960840214,xgboost|L+D+R|model_stage_v1__coarse__xgboost__012|seed=20260818
210,rbf_svm,SVM RBF,model_stage_v1__coarse__rbf_svm__005,SVM RBF | model_stage_v1__coarse__rbf_svm__005,L+D+R,"{""C"": 1.0, ""gamma"": 0.1, ""imbalance"": ""none""}",20260818,COMPLETE,,CONVERGED_NO_WARNINGS,10760,1986,0.1845724907063197,0.35863944786853941,0.67524219571190258,0.36772129987657021,0.058065909135817509,34.019976750016212,0.186356296945729,-0.023015404059957723,rbf_svm|L+D+R|model_stage_v1__coarse__rbf_svm__005|seed=20260818
211,rbf_svm,SVM RBF,model_stage_v1__coarse__rbf_svm__001,SVM RBF | model_stage_v1__coarse__rbf_svm__001,L,"{""C"": 0.1, ""gamma"": 0.01, ""imbalance"": ""sqrt""}",20260818,COMPLETE,,CONVERGED_NO_WARNINGS,10760,1986,0.1845724907063197,0.35842416153005757,0.71863949171439645,0.35921217209200651,0.065250469536073552,33.117486583010759,0.18614101060724716,-0.023230690398439557,rbf_svm|L|model_stage_v1__coarse__rbf_svm__001|seed=20260818
212,elastic_net_logistic,Regresja logistyczna Elastic Net,model_stage_v1__coarse__elastic_net_logistic__002,Regresja logistyczna Elastic Net | model_stage_v1__coarse__elastic_net_logistic__002,L,"{""C"": 0.01, ""imbalance"": ""none"", ""l1_ratio"": 0.5}",20260818,COMPLETE,,CONVERGED_NO_WARNINGS,10760,1986,0.1845724907063197,0.35729722524617075,0.73090901755644877,0.36120558665613006,0.047730763360529879,10.428784082992934,0.18501407432336034,-0.024357626682326383,elastic_net_logistic|L|model_stage_v1__coarse__elastic_net_logistic__002|seed=20260818
213,xgboost,XGBoost,model_stage_v1__coarse__xgboost__008,XGBoost | model_stage_v1__coarse__xgboost__008,L+D+R,"{""colsample_bytree"": 0.7, ""gamma"": 0.1, ""imbalance"": ""none"", ""learning_rate"": 0.1, ""max_depth"": 5, ""min_child_weight"": 5, ""n_estimators"": 800, ""reg_alpha"": 0.0, ""reg_lambda"": 1.0, ""subsample"": 0.7}",20260818,COMPLETE,,CONVERGED_NO_WARNINGS,10760,1986,0.1845724907063197,0.35714437156095824,0.7212320641573301,0.36148122705659341,0.053078835299801369,19.092898375878576,0.18486122063814783,-0.024510480367538889,xgboost|L+D+R|model_stage_v1__coarse__xgboost__008|seed=20260818
214,rbf_svm,SVM RBF,model_stage_v1__coarse__rbf_svm__002,SVM RBF | model_stage_v1__coarse__rbf_svm__002,L+D+R,"{""C"": 1.0, ""gamma"": ""scale"", ""imbalance"": ""none""}",20260818,COMPLETE,,CONVERGED_NO_WARNINGS,10760,1986,0.1845724907063197,0.35706771853207675,0.66974325177082983,0.36551119882546595,0.052313286890689252,37.91992004297208,0.18478456760926634,-0.02458713339642038,rbf_svm|L+D+R|model_stage_v1__coarse__rbf_svm__002|seed=20260818
215,pytorch_mlp,MLP (PyTorch),model_stage_v1__coarse__pytorch_mlp__epochs_200__002,MLP (PyTorch) | model_stage_v1__coarse__pytorch_mlp__epochs_200__002,L+D+R,"{""activation"": ""relu"", ""batch_size"": 256, ""epochs"": 200, ""hidden_layer_sizes"": [64, 32], ""imbalance"": ""none"", ""learning_rate"": 0.001, ""weight_decay"": 0.0001}",20260818,COMPLETE,,CONVERGED_NO_WARNINGS,10760,1986,0.1845724907063197,0.35567022555836925,0.69813070338964966,0.36736735502392198,0.051449993471919017,55.261142915987875,0.18338707463555884,-0.025984626370127883,pytorch_mlp|L+D+R|model_stage_v1__coarse__pytorch_mlp__epochs_200__002|seed=20260818
216,rbf_svm,SVM RBF,model_stage_v1__coarse__rbf_svm__009,SVM RBF | model_stage_v1__coarse__rbf_svm__009,L+D+R,"{""C"": 10.0, ""gamma"": 0.01, ""imbalance"": ""none""}",20260818,COMPLETE,,CONVERGED_NO_WARNINGS,10760,1986,0.1845724907063197,0.35469190404325901,0.66089696487218141,0.35886756999049679,0.052197160476561581,34.636599875055254,0.1824087531204486,-0.02696294788523812,rbf_svm|L+D+R|model_stage_v1__coarse__rbf_svm__009|seed=20260818
217,pytorch_mlp,MLP (PyTorch),model_stage_v1__coarse__pytorch_mlp__epochs_200__011,MLP (PyTorch) | model_stage_v1__coarse__pytorch_mlp__epochs_200__011,L+D+R,"{""activation"": ""tanh"", ""batch_size"": 64, ""epochs"": 200, ""hidden_layer_sizes"": [32], ""imbalance"": ""none"", ""learning_rate"": 0.003, ""weight_decay"": 1e-05}",20260818,COMPLETE,,CONVERGED_NO_WARNINGS,10760,1986,0.1845724907063197,0.35387591474237673,0.70307929383046264,0.36178355949606589,0.056512643104524529,123.20946945913602,0.18159276381956632,-0.0277789371861204,pytorch_mlp|L+D+R|model_stage_v1__coarse__pytorch_mlp__epochs_200__011|seed=20260818
218,pytorch_mlp,MLP (PyTorch),model_stage_v1__coarse__pytorch_mlp__epochs_200__011,MLP (PyTorch) | model_stage_v1__coarse__pytorch_mlp__epochs_200__011,L+D,"{""activation"": ""tanh"", ""batch_size"": 64, ""epochs"": 200, ""hidden_layer_sizes"": [32], ""imbalance"": ""none"", ""learning_rate"": 0.003, ""weight_decay"": 1e-05}",20260818,COMPLETE,,CONVERGED_NO_WARNINGS,10760,1986,0.1845724907063197,0.35340467073846515,0.71349001363774822,0.35855268546594904,0.042585645847725152,123.04867129190825,0.18112151981565475,-0.028250181190031975,pytorch_mlp|L+D|model_stage_v1__coarse__pytorch_mlp__epochs_200__011|seed=20260818
219,rbf_svm,SVM RBF,model_stage_v1__coarse__rbf_svm__002,SVM RBF | model_stage_v1__coarse__rbf_svm__002,L+D,"{""C"": 1.0, ""gamma"": ""scale"", ""imbalance"": ""none""}",20260818,COMPLETE,,CONVERGED_NO_WARNINGS,10760,1986,0.1845724907063197,0.35232057860486987,0.65123923654319704,0.35915078575360643,0.035248871351441793,32.198750416049734,0.18003742768205946,-0.029334273323627258,rbf_svm|L+D|model_stage_v1__coarse__rbf_svm__002|seed=20260818
220,rbf_svm,SVM RBF,model_stage_v1__coarse__rbf_svm__005,SVM RBF | model_stage_v1__coarse__rbf_svm__005,L+D,"{""C"": 1.0, ""gamma"": 0.1, ""imbalance"": ""none""}",20260818,COMPLETE,,CONVERGED_NO_WARNINGS,10760,1986,0.1845724907063197,0.35177803010648839,0.65089456259923872,0.35778975046386813,0.036616733551839517,31.903254124976229,0.17949487918367799,-0.029876821822008737,rbf_svm|L+D|model_stage_v1__coarse__rbf_svm__005|seed=20260818
221,rbf_svm,SVM RBF,model_stage_v1__coarse__rbf_svm__009,SVM RBF | model_stage_v1__coarse__rbf_svm__009,L+D,"{""C"": 10.0, ""gamma"": 0.01, ""imbalance"": ""none""}",20260818,COMPLETE,,CONVERGED_NO_WARNINGS,10760,1986,0.1845724907063197,0.35158174103657236,0.65712755988982374,0.35575204453290471,0.039230108846641361,32.621306668035686,0.17929859011376195,-0.03007311089192477,rbf_svm|L+D|model_stage_v1__coarse__rbf_svm__009|seed=20260818
222,xgboost,XGBoost,model_stage_v1__coarse__xgboost__008,XGBoost | model_stage_v1__coarse__xgboost__008,L,"{""colsample_bytree"": 0.7, ""gamma"": 0.1, ""imbalance"": ""none"", ""learning_rate"": 0.1, ""max_depth"": 5, ""min_child_weight"": 5, ""n_estimators"": 800, ""reg_alpha"": 0.0, ""reg_lambda"": 1.0, ""subsample"": 0.7}",20260818,COMPLETE,,CONVERGED_NO_WARNINGS,10760,1986,0.1845724907063197,0.35084157263860882,0.71517016999093952,0.35324415952861998,0.046200650021828361,14.870580207032617,0.17855842171579842,-0.030813279289888307,xgboost|L|model_stage_v1__coarse__xgboost__008|seed=20260818
223,xgboost,XGBoost,model_stage_v1__coarse__xgboost__002,XGBoost | model_stage_v1__coarse__xgboost__002,L,"{""colsample_bytree"": 0.7, ""gamma"": 0.0, ""imbalance"": ""none"", ""learning_rate"": 0.05, ""max_depth"": 8, ""min_child_weight"": 5, ""n_estimators"": 800, ""reg_alpha"": 0.0, ""reg_lambda"": 1.0, ""subsample"": 0.7}",20260818,COMPLETE,,CONVERGED_NO_WARNINGS,10760,1986,0.1845724907063197,0.34954823587516659,0.71828121675067158,0.35139137326926578,0.052660156434250822,17.625175000051968,0.17726508495235618,-0.032106616053330539,xgboost|L|model_stage_v1__coarse__xgboost__002|seed=20260818
224,xgboost,XGBoost,model_stage_v1__coarse__xgboost__012,XGBoost | model_stage_v1__coarse__xgboost__012,L+D,"{""colsample_bytree"": 0.7, ""gamma"": 0.1, ""imbalance"": ""sqrt"", ""learning_rate"": 0.1, ""max_depth"": 8, ""min_child_weight"": 20, ""n_estimators"": 500, ""reg_alpha"": 0.0, ""reg_lambda"": 5.0, ""subsample"": 0.7}",20260818,COMPLETE,,CONVERGED_NO_WARNINGS,10760,1986,0.1845724907063197,0.34929468889551324,0.72324785580210316,0.35230982252466453,0.05325623494141004,16.448848375002854,0.17701153797270283,-0.032360163032983891,xgboost|L+D|model_stage_v1__coarse__xgboost__012|seed=20260818
225,xgboost,XGBoost,model_stage_v1__coarse__xgboost__002,XGBoost | model_stage_v1__coarse__xgboost__002,L+D,"{""colsample_bytree"": 0.7, ""gamma"": 0.0, ""imbalance"": ""none"", ""learning_rate"": 0.05, ""max_depth"": 8, ""min_child_weight"": 5, ""n_estimators"": 800, ""reg_alpha"": 0.0, ""reg_lambda"": 1.0, ""subsample"": 0.7}",20260818,COMPLETE,,CONVERGED_NO_WARNINGS,10760,1986,0.1845724907063197,0.34866720842255905,0.72294828903762398,0.35355563711811683,0.050444668730654556,21.837559082021471,0.17638405749974864,-0.03298764350593808,xgboost|L+D|model_stage_v1__coarse__xgboost__002|seed=20260818
226,xgboost,XGBoost,model_stage_v1__coarse__xgboost__014,XGBoost | model_stage_v1__coarse__xgboost__014,L+D,"{""colsample_bytree"": 1.0, ""gamma"": 0.1, ""imbalance"": ""none"", ""learning_rate"": 0.1, ""max_depth"": 8, ""min_child_weight"": 1, ""n_estimators"": 500, ""reg_alpha"": 0.0, ""reg_lambda"": 5.0, ""subsample"": 0.7}",20260818,COMPLETE,,CONVERGED_NO_WARNINGS,10760,1986,0.1845724907063197,0.34848514104542266,0.72197418055864504,0.35238138557069743,0.055254639198365013,25.681560207973234,0.17620199012261226,-0.033169710883074466,xgboost|L+D|model_stage_v1__coarse__xgboost__014|seed=20260818
227,xgboost,XGBoost,model_stage_v1__coarse__xgboost__012,XGBoost | model_stage_v1__coarse__xgboost__012,L,"{""colsample_bytree"": 0.7, ""gamma"": 0.1, ""imbalance"": ""sqrt"", ""learning_rate"": 0.1, ""max_depth"": 8, ""min_child_weight"": 20, ""n_estimators"": 500, ""reg_alpha"": 0.0, ""reg_lambda"": 5.0, ""subsample"": 0.7}",20260818,COMPLETE,,CONVERGED_NO_WARNINGS,10760,1986,0.1845724907063197,0.34749675380432887,0.72254418954105681,0.35005979375954061,0.050892317469495872,14.596137834945694,0.17521360288151847,-0.034158098124168257,xgboost|L|model_stage_v1__coarse__xgboost__012|seed=20260818
228,xgboost,XGBoost,model_stage_v1__coarse__xgboost__014,XGBoost | model_stage_v1__coarse__xgboost__014,L,"{""colsample_bytree"": 1.0, ""gamma"": 0.1, ""imbalance"": ""none"", ""learning_rate"": 0.1, ""max_depth"": 8, ""min_child_weight"": 1, ""n_estimators"": 500, ""reg_alpha"": 0.0, ""reg_lambda"": 5.0, ""subsample"": 0.7}",20260818,COMPLETE,,CONVERGED_NO_WARNINGS,10760,1986,0.1845724907063197,0.34537654814326113,0.71291423713429602,0.34910020056505281,0.048073756277876183,19.145304833014961,0.17309339722045072,-0.036278303785235999,xgboost|L|model_stage_v1__coarse__xgboost__014|seed=20260818
229,xgboost,XGBoost,model_stage_v1__coarse__xgboost__008,XGBoost | model_stage_v1__coarse__xgboost__008,L+D,"{""colsample_bytree"": 0.7, ""gamma"": 0.1, ""imbalance"": ""none"", ""learning_rate"": 0.1, ""max_depth"": 5, ""min_child_weight"": 5, ""n_estimators"": 800, ""reg_alpha"": 0.0, ""reg_lambda"": 1.0, ""subsample"": 0.7}",20260818,COMPLETE,,CONVERGED_NO_WARNINGS,10760,1986,0.1845724907063197,0.34375638526265107,0.71542741290698897,0.3466926352547659,0.053374716573302235,16.945812666031998,0.17147323433984066,-0.037898466665846064,xgboost|L+D|model_stage_v1__coarse__xgboost__008|seed=20260818
230,rbf_svm,SVM RBF,model_stage_v1__coarse__rbf_svm__009,SVM RBF | model_stage_v1__coarse__rbf_svm__009,L,"{""C"": 10.0, ""gamma"": 0.01, ""imbalance"": ""none""}",20260818,COMPLETE,,CONVERGED_NO_WARNINGS,10760,1986,0.1845724907063197,0.34091734076763225,0.6358190947298975,0.34491025111177659,0.047155208745579727,33.348456917039584,0.16863418984482184,-0.040737511160864881,rbf_svm|L|model_stage_v1__coarse__rbf_svm__009|seed=20260818
231,pytorch_mlp,MLP (PyTorch),model_stage_v1__coarse__pytorch_mlp__epochs_200__012,MLP (PyTorch) | model_stage_v1__coarse__pytorch_mlp__epochs_200__012,L+D,"{""activation"": ""tanh"", ""batch_size"": 64, ""epochs"": 200, ""hidden_layer_sizes"": [64, 32], ""imbalance"": ""sqrt"", ""learning_rate"": 0.001, ""weight_decay"": 0.0001}",20260818,COMPLETE,,CONVERGED_NO_WARNINGS,10760,1986,0.1845724907063197,0.34060132348641975,0.69675352840294646,0.34794442434352008,0.032378168169317274,174.52861979207955,0.16831817256360934,-0.041053528442077381,pytorch_mlp|L+D|model_stage_v1__coarse__pytorch_mlp__epochs_200__012|seed=20260818
232,rbf_svm,SVM RBF,model_stage_v1__coarse__rbf_svm__005,SVM RBF | model_stage_v1__coarse__rbf_svm__005,L,"{""C"": 1.0, ""gamma"": 0.1, ""imbalance"": ""none""}",20260818,COMPLETE,,CONVERGED_NO_WARNINGS,10760,1986,0.1845724907063197,0.33859274815832524,0.64574123950856355,0.34430259149182985,0.054775539896969955,29.441145501099527,0.16630959723551483,-0.043062103770171889,rbf_svm|L|model_stage_v1__coarse__rbf_svm__005|seed=20260818
233,rbf_svm,SVM RBF,model_stage_v1__coarse__rbf_svm__002,SVM RBF | model_stage_v1__coarse__rbf_svm__002,L,"{""C"": 1.0, ""gamma"": ""scale"", ""imbalance"": ""none""}",20260818,COMPLETE,,CONVERGED_NO_WARNINGS,10760,1986,0.1845724907063197,0.33853490481393445,0.64527318078613205,0.3430783544403781,0.055599759613058526,30.71645978995366,0.16625175389112404,-0.043119947114562684,rbf_svm|L|model_stage_v1__coarse__rbf_svm__002|seed=20260818
234,pytorch_mlp,MLP (PyTorch),model_stage_v1__coarse__pytorch_mlp__epochs_200__012,MLP (PyTorch) | model_stage_v1__coarse__pytorch_mlp__epochs_200__012,L+D+R,"{""activation"": ""tanh"", ""batch_size"": 64, ""epochs"": 200, ""hidden_layer_sizes"": [64, 32], ""imbalance"": ""sqrt"", ""learning_rate"": 0.001, ""weight_decay"": 0.0001}",20260818,COMPLETE,,CONVERGED_NO_WARNINGS,10760,1986,0.1845724907063197,0.32882762237794561,0.66949906468599096,0.33738066271092332,0.054469259820015263,176.82079491595505,0.1565444714551352,-0.052827229550551524,pytorch_mlp|L+D+R|model_stage_v1__coarse__pytorch_mlp__epochs_200__012|seed=20260818
235,elastic_net_logistic,Regresja logistyczna Elastic Net,model_stage_v1__coarse__elastic_net_logistic__001,Regresja logistyczna Elastic Net | model_stage_v1__coarse__elastic_net_logistic__001,L+D+R,"{""C"": 0.001, ""imbalance"": ""none"", ""l1_ratio"": 0.75}",20260818,COMPLETE,,CONVERGED_NO_WARNINGS,10760,1986,0.1845724907063197,0.32578161288095725,0.70942818673040897,0.36076858327792377,0.058646452687185865,10.9998948739958,0.15349846195814684,-0.05587323904753988,elastic_net_logistic|L+D+R|model_stage_v1__coarse__elastic_net_logistic__001|seed=20260818
236,elastic_net_logistic,Regresja logistyczna Elastic Net,model_stage_v1__coarse__elastic_net_logistic__001,Regresja logistyczna Elastic Net | model_stage_v1__coarse__elastic_net_logistic__001,L,"{""C"": 0.001, ""imbalance"": ""none"", ""l1_ratio"": 0.75}",20260818,COMPLETE,,CONVERGED_NO_WARNINGS,10760,1986,0.1845724907063197,0.31417709570232211,0.6964960559338208,0.3480378871704648,0.050072934499904319,10.48109283298254,0.1418939447795117,-0.067477756226175023,elastic_net_logistic|L|model_stage_v1__coarse__elastic_net_logistic__001|seed=20260818
237,elastic_net_logistic,Regresja logistyczna Elastic Net,model_stage_v1__coarse__elastic_net_logistic__001,Regresja logistyczna Elastic Net | model_stage_v1__coarse__elastic_net_logistic__001,L+D,"{""C"": 0.001, ""imbalance"": ""none"", ""l1_ratio"": 0.75}",20260818,COMPLETE,,CONVERGED_NO_WARNINGS,10760,1986,0.1845724907063197,0.31417547993731137,0.69649312913209882,0.3480378871704648,0.050072934499904319,11.913479207956698,0.14189232901450097,-0.067479371991185755,elastic_net_logistic|L+D|model_stage_v1__coarse__elastic_net_logistic__001|seed=20260818
238,dummy_prior,Dummy (prior),model_stage_v1__coarse__dummy_prior__001,Dummy (prior) | model_stage_v1__coarse__dummy_prior__001,BLOCK_AGNOSTIC,"{""imbalance"": ""none"", ""strategy"": ""prior""}",20260818,COMPLETE,,CONVERGED_NO_WARNINGS,10760,1986,0.1845724907063197,0.17228315092281041,0.46256921886072344,0.18357300312944089,0.036527119771290084,11.204956500034314,0,-0.20937170100568672,dummy_prior|BLOCK_AGNOSTIC|model_stage_v1__coarse__dummy_prior__001|seed=20260818
239,rbf_svm,SVM RBF,model_stage_v1__coarse__rbf_svm__007,SVM RBF | model_stage_v1__coarse__rbf_svm__007,L,"{""C"": 10.0, ""gamma"": ""scale"", ""imbalance"": ""none""}",20260818,FAMILY_CANDIDATE_TECHNICALLY_INVALID,PARTIAL_OR_INVALID_FOLD,NOT_CONVERGED_OR_INVALID,,,,,,,,41.541561541031115,,,rbf_svm|L|model_stage_v1__coarse__rbf_svm__007|seed=20260818
240,rbf_svm,SVM RBF,model_stage_v1__coarse__rbf_svm__011,SVM RBF | model_stage_v1__coarse__rbf_svm__011,L,"{""C"": 10.0, ""gamma"": 0.1, ""imbalance"": ""none""}",20260818,FAMILY_CANDIDATE_TECHNICALLY_INVALID,PARTIAL_OR_INVALID_FOLD,NOT_CONVERGED_OR_INVALID,,,,,,,,41.66218404105166,,,rbf_svm|L|model_stage_v1__coarse__rbf_svm__011|seed=20260818
241,rbf_svm,SVM RBF,model_stage_v1__coarse__rbf_svm__012,SVM RBF | model_stage_v1__coarse__rbf_svm__012,L,"{""C"": 100.0, ""gamma"": ""scale"", ""imbalance"": ""sqrt""}",20260818,FAMILY_CANDIDATE_TECHNICALLY_INVALID,PARTIAL_OR_INVALID_FOLD,NOT_CONVERGED_OR_INVALID,,,,,,,,53.697779791022185,,,rbf_svm|L|model_stage_v1__coarse__rbf_svm__012|seed=20260818
242,rbf_svm,SVM RBF,model_stage_v1__coarse__rbf_svm__007,SVM RBF | model_stage_v1__coarse__rbf_svm__007,L+D,"{""C"": 10.0, ""gamma"": ""scale"", ""imbalance"": ""none""}",20260818,FAMILY_CANDIDATE_TECHNICALLY_INVALID,PARTIAL_OR_INVALID_FOLD,NOT_CONVERGED_OR_INVALID,,,,,,,,41.002319125982467,,,rbf_svm|L+D|model_stage_v1__coarse__rbf_svm__007|seed=20260818
243,rbf_svm,SVM RBF,model_stage_v1__coarse__rbf_svm__011,SVM RBF | model_stage_v1__coarse__rbf_svm__011,L+D,"{""C"": 10.0, ""gamma"": 0.1, ""imbalance"": ""none""}",20260818,FAMILY_CANDIDATE_TECHNICALLY_INVALID,PARTIAL_OR_INVALID_FOLD,NOT_CONVERGED_OR_INVALID,,,,,,,,41.695715625945013,,,rbf_svm|L+D|model_stage_v1__coarse__rbf_svm__011|seed=20260818
244,rbf_svm,SVM RBF,model_stage_v1__coarse__rbf_svm__012,SVM RBF | model_stage_v1__coarse__rbf_svm__012,L+D,"{""C"": 100.0, ""gamma"": ""scale"", ""imbalance"": ""sqrt""}",20260818,FAMILY_CANDIDATE_TECHNICALLY_INVALID,PARTIAL_OR_INVALID_FOLD,NOT_CONVERGED_OR_INVALID,,,,,,,,57.736752082884777,,,rbf_svm|L+D|model_stage_v1__coarse__rbf_svm__012|seed=20260818
245,rbf_svm,SVM RBF,model_stage_v1__coarse__rbf_svm__007,SVM RBF | model_stage_v1__coarse__rbf_svm__007,L+D+R,"{""C"": 10.0, ""gamma"": ""scale"", ""imbalance"": ""none""}",20260818,FAMILY_CANDIDATE_TECHNICALLY_INVALID,PARTIAL_OR_INVALID_FOLD,NOT_CONVERGED_OR_INVALID,,,,,,,,42.515114917012397,,,rbf_svm|L+D+R|model_stage_v1__coarse__rbf_svm__007|seed=20260818
246,rbf_svm,SVM RBF,model_stage_v1__coarse__rbf_svm__011,SVM RBF | model_stage_v1__coarse__rbf_svm__011,L+D+R,"{""C"": 10.0, ""gamma"": 0.1, ""imbalance"": ""none""}",20260818,FAMILY_CANDIDATE_TECHNICALLY_INVALID,PARTIAL_OR_INVALID_FOLD,NOT_CONVERGED_OR_INVALID,,,,,,,,40.649494459037669,,,rbf_svm|L+D+R|model_stage_v1__coarse__rbf_svm__011|seed=20260818
247,rbf_svm,SVM RBF,model_stage_v1__coarse__rbf_svm__012,SVM RBF | model_stage_v1__coarse__rbf_svm__012,L+D+R,"{""C"": 100.0, ""gamma"": ""scale"", ""imbalance"": ""sqrt""}",20260818,FAMILY_CANDIDATE_TECHNICALLY_INVALID,PARTIAL_OR_INVALID_FOLD,NOT_CONVERGED_OR_INVALID,,,,,,,,52.862066625035368,,,rbf_svm|L+D+R|model_stage_v1__coarse__rbf_svm__012|seed=20260818
